Country/Area,Year,percent_gdp,percent_net_exports,percent_consumption,percent_government,percent_investment,component_sum
Antigua and Barbuda,1970,NA,NA,NA,NA,NA,NA
Antigua and Barbuda,1971,1,-0.0776152186453385,1.0065696372918913,0.16139870783897445,0.2130204415489417,1.303373568034469
Antigua and Barbuda,1972,1,-0.034621401907634686,1.1653488957953415,0.17696742680700728,0.0883147421323582,1.3960096628270722
Antigua and Barbuda,1973,1,0.03372065383554037,1.145429622206371,0.13028516655577493,0.08628706098946892,1.3957225035871552
Antigua and Barbuda,1974,1,0.6743609686001426,-1.1196812795055149,0.16222413044025694,0.5573010105405971,0.2742048300754818
Antigua and Barbuda,1975,1,0.44288057422734145,0.3953714326089008,0.13464554385979619,0.07284856000606606,1.0457461107021044
Antigua and Barbuda,1976,1,0.23568712660905572,0.6779591842257924,0.1559834699668777,0.11429093798876351,1.1839207187904894
Antigua and Barbuda,1977,1,0.1871301065353966,1.970071274612719,0.2559737836657416,-0.5470275412664715,1.8661476235473857
Antigua and Barbuda,1978,1,0.8581391303778613,1.3199375805435316,-0.4292318572654089,-0.13398712510391417,1.6148577285520698
Antigua and Barbuda,1979,1,1.208870903373119,-3.8979425606960794,0.2768899241393839,1.2732281949542046,-1.138953538229372
Antigua and Barbuda,1980,1,-4.048420748294727,9.040319650850408,0.2808665719795168,-0.19987138768628224,5.072894086848916
Antigua and Barbuda,1981,1,-0.5901600199305511,1.3158407367909764,0.0683264309947536,0.4434367389064791,1.2374438867616577
Antigua and Barbuda,1982,1,-36.4100232526327,76.85583245510695,0.1299256321464614,-19.440498912444397,21.135235922176314
Antigua and Barbuda,1983,1,2.823247846441875,-3.1227681603194286,0.27790315980202945,-0.097015846273319,-0.11863300034884272
Antigua and Barbuda,1984,1,0.5561200908616719,0.5426474994616074,0.0029553642065271108,0.5072705066102171,1.6089934611400236
Antigua and Barbuda,1985,1,-0.9236761920700199,1.9181390578113136,0.12720037874856818,0.4398754019119846,1.5615386464018468
Antigua and Barbuda,1986,1,-2.0751348517558914,3.7822185677183575,0.2502729805273574,0.6627223641880601,2.620079060677884
Antigua and Barbuda,1987,1,0.7008202802952912,-0.9753143613931115,-0.05468455583219133,0.8179116318079225,0.4887329948779109
Antigua and Barbuda,1988,1,2.36415096575944,-3.7552022945315975,0.4422857479685028,0.5826366248565202,-0.36612895594713457
Antigua and Barbuda,1989,1,-1.2732406340964435,2.1367288325949185,0.11213695791623078,0.6517919616331516,1.6274171180478574
Antigua and Barbuda,1990,1,4.12080813449231,-2.301920759953752,-0.1412823963761359,-1.16229482995215,0.515310148210272
Antigua and Barbuda,1991,1,0.7762822347707294,-0.48236681521119096,-0.032007743582735476,0.6785239499401167,0.9404316259169196
Antigua and Barbuda,1992,1,1.7377258282535823,0.603369704086436,0.6940801985518724,-1.6128346679226153,1.4223410629692754
Antigua and Barbuda,1993,1,0.7646692288527267,0.49934294465877344,0.23946807560181346,-0.3163926563233622,1.1870875927899514
Antigua and Barbuda,1994,1,-0.7638696669827258,1.9487917021536068,0.20869606149484826,0.12465213084065427,1.518270227506383
Antigua and Barbuda,1995,1,2.0428819781954792,-0.5050655998409056,-0.29023622523295456,-0.32725291550132657,0.9203272376202927
Antigua and Barbuda,1996,1,-0.6687352305704671,1.5658145269310542,0.1380728890017009,0.39742074094162877,1.432572926303917
Antigua and Barbuda,1997,1,0.9035479815878004,-0.42405017471685474,0.0507144490971905,0.37378809001502267,0.9040003459831588
Antigua and Barbuda,1998,1,0.37016630549692914,-0.6150571744765574,0.45664555957373665,0.6306131069363781,0.8423677975304864
Antigua and Barbuda,1999,1,-1.1626818218235233,1.6342268590500997,0.3567870218310453,0.6283724448864162,1.4567045039440376
Antigua and Barbuda,2000,1,2.6902918175796136,2.71312655915366,-0.6803444677845171,1.5574125401808239,6.28048644912958
Antigua and Barbuda,2001,1,0.41306018591565813,-1.9199315786401745,-0.42787448298269504,3.0624110981686443,1.127665222461433
Antigua and Barbuda,2002,1,-0.26306386623840455,-1.4481892050426024,0.9867650832288009,0.6528595879597946,-0.0716284000924115
Antigua and Barbuda,2003,1,-0.508373069179175,2.1638435238232883,-0.4050594027642211,0.42394788370341235,1.6743589355833044
Antigua and Barbuda,2004,1,0.414508212098826,0.40973215918269523,0.16317066380348355,0.3138601887309011,1.3012712238159059
Antigua and Barbuda,2005,1,-1.0280677362424868,1.7840959068880569,-0.10367727711425037,0.654996560019675,1.3073474535509944
Antigua and Barbuda,2006,1,-0.9903992123859425,1.224047684660845,0.0370253225356757,1.0799799970885993,1.3506537918991772
Antigua and Barbuda,2007,1,-0.4730059532911043,1.1864593911406436,0.1716066001961794,0.44537313902636416,1.330433177072083
Antigua and Barbuda,2008,1,0.5869251185844422,-1.395950668293394,0.9604309809454146,0.4007238592515623,0.5521292904880251
Antigua and Barbuda,2009,1,-1.2734609417740121,2.741488571104677,0.011377905670996932,0.33727284873219326,1.816678383733855
Antigua and Barbuda,2010,1,0.15464200947739654,-2.317953734352446,0.501897028349938,1.99830119866564,0.33688650214052845
Antigua and Barbuda,2011,1,10.794276417824117,11.822653087250238,-0.7234042931563932,-17.924238791814336,3.969286420103626
Antigua and Barbuda,2012,1,-1.213313744346868,1.4741642385602463,0.03625735586526676,0.4316763175524315,0.7287841676310765
Antigua and Barbuda,2013,1,3.0257198381073995,-3.147985666899827,0.30061115936809735,-3.0615989010365814,-2.8832535704609117
Antigua and Barbuda,2014,1,1.171021482562269,-14.031603889446552,-0.14635550631867753,0.6646979888446729,-12.342239924358289
Antigua and Barbuda,2015,1,2.917355716333225,-2.135517203096958,-0.15634418954231083,-0.1246783779804561,0.5008159457134997
Antigua and Barbuda,2016,1,-0.6063564877749547,1.657365296453839,-0.09418378784807054,0.17336659384982825,1.1301916146806423
Antigua and Barbuda,2017,1,-1.8846704499690003,4.437448787377965,0.2668883855759425,0.27203887333665927,3.0917055963215665
Antigua and Barbuda,2018,1,-0.8914535759783154,-0.4623730336455015,0.1587124407857865,2.437537202418914,1.2424230335808835
Antigua and Barbuda,2019,1,1.117118788910621,-0.9069143836339127,0.054727856168862644,-0.21219420397323072,0.052738057472340394
Antigua and Barbuda,2020,1,0.04868582057731978,-0.08139558519767455,-0.013648567226728754,0.30069270737791653,0.25433437553083305
Antigua and Barbuda,2021,1,-0.15078651555990508,0.37954873788073673,0.05395539304537525,1.5102432662410603,1.7929608816072673
Antigua and Barbuda,2022,1,-0.15909091639457773,0.20580090885965707,0.06214567041164005,-0.2295070734376933,-0.12065141056097392
Antigua and Barbuda,2023,1,0.35091956121180595,0.007189300479073108,0.13621474878147083,-0.38631701182147127,0.10800659865087864
Bahamas,1970,1,0.4668153839967307,0.200145411771534,0.23862092218006747,-0.1228140026240729,0.7827677153242594
Bahamas,1971,1,0.25336963733704493,0.36668322810844894,0.2381508284252387,0.07101215918090648,0.929215853051639
Bahamas,1972,1,0.21405549050301323,0.4078499005019037,0.20085341432366613,0.06589059501985367,0.8886494003484366
Bahamas,1973,1,0.2055956654520173,0.42311583568562633,0.18318755381413312,0.05744942873250334,0.8693484836842802
Bahamas,1974,1,0.2284927016725076,0.40479872217380336,0.19639630163033603,0.05395067091907679,0.8836383963957237
Bahamas,1975,1,0.22260690049144696,0.39739396024506873,0.2112252786947686,0.06872451123986457,0.8999506506711489
Bahamas,1976,1,-0.0217919518125443,0.6274927052039234,0.018204311888596746,0.06645598042791587,0.6903610457078917
Bahamas,1977,1,0.4274067237752262,0.17402960368850734,0.41893056385005323,0.10561458051565423,1.125981471829441
Bahamas,1978,1,0.30127318928513563,0.3942861723675325,0.16660185309206266,-0.011817453581327044,0.8503437611634037
Bahamas,1979,1,-0.04664118289409164,0.6349767642246724,0.022517242743781186,0.08444992435344115,0.6953027484278032
Bahamas,1980,1,0.2811185975362767,-0.12361318897280407,0.09796236612187557,0.4746731351066111,0.7301409097919593
Bahamas,1981,1,0.6057018292630428,0.16883280517729468,-0.11656465753077544,-0.0093740287309694,0.6485959481785927
Bahamas,1982,1,0.4261929141641444,-0.037912578515563636,-0.004366985995952062,0.2986862224461375,0.6825995720987662
Bahamas,1983,1,0.4797508799672088,0.22892437549868533,0.49162949287299884,0.016985656678698568,1.2172904050175914
Bahamas,1984,1,0.012868560012951233,0.8505537786965602,0.09431132479885791,-0.06210620435082092,0.8956274591575485
Bahamas,1985,1,-0.3138471835090119,0.4888121171772181,0.1872028048908452,0.48875924399266873,0.8509269825517201
Bahamas,1986,1,0.17149755573186173,0.8373204914925411,-0.04922104627300768,-0.07593712303247138,0.8836598779189238
Bahamas,1987,1,-0.14076757100691184,0.3740056616454054,0.12373099541368976,0.2520239065447419,0.6089929925969253
Bahamas,1988,1,2.1147270502665707,-2.195085108799805,-0.04859104633815298,0.043390682527843415,-0.0855584223435435
Bahamas,1989,1,-1.9286561304166387,3.727478036655709,-0.4148494277158768,0.9926322328322718,2.3766047113554656
Bahamas,1990,1,-0.09270964635457701,0.7970332044621775,0.18418896715975508,0.6865888171266199,1.5751013423939755
Bahamas,1991,1,0.2364265777098907,0.6056666176605785,-0.16560985055274355,0.1480858329703091,0.8245691777880347
Bahamas,1992,1,-0.5028922120580106,0.798481725361949,0.20552404198888213,-0.003958378436034712,0.4971551768567857
Bahamas,1993,1,5.965515934320132,-0.3755266955112214,-1.0321459326707991,-10.447325121389436,-5.889481815251324
Bahamas,1994,1,-0.8113070394297166,0.3901934282886779,0.6178812877707477,0.751891391490167,0.9486590681198761
Bahamas,1995,1,-0.002148862341682708,0.9903577820297638,-0.2273683301864373,0.34923296065781806,1.1100735501594619
Bahamas,1996,1,-0.45140446499490267,0.8938505700767521,0.23652398813051173,0.4925972365058193,1.1715673297181803
Bahamas,1997,1,-1.1380383783069437,0.9971091811125241,0.08332141565928614,1.1601020793588155,1.1024942978236825
Bahamas,1998,1,-1.1805648578431593,1.5447989258389252,-0.038593974454213455,1.2364724187519447,1.5621125122934971
Bahamas,1999,1,0.1318881688523471,0.7598502284425055,-5.367476977885287e-4,-0.3582027278305512,0.5329989217665129
Bahamas,2000,1,-0.14970742465968845,0.37838170565739393,0.1077550616695449,1.1367071727756157,1.473136515442866
Bahamas,2001,1,1.2300557527956062,0.1886038787810749,0.13331369905134874,-1.2033647454892202,0.34860858513880955
Bahamas,2002,1,0.4536531162408703,0.8691399159552416,-0.06006420855120987,0.298710635406695,1.561439459051597
Bahamas,2003,1,-0.0786736112344133,0.45236228860682165,0.9764450742197146,-0.8592711487159334,0.49086260287618955
Bahamas,2004,1,2.9719123328370083,-1.1898945870038609,-0.3929922454221796,-2.2096826439658646,-0.8206571435548966
Bahamas,2005,1,-1.8099983383844809,1.5407884788046624,0.09633006978156604,1.4152186113986374,1.2423388216003846
Bahamas,2006,1,-1.7385628430288858,0.7918686430898239,0.07241131298300883,1.9908168917256321,1.1165340047695786
Bahamas,2007,1,0.8109713106246879,0.5703824384020587,-0.011941840605849054,-0.6695388540989232,0.6998730543219743
Bahamas,2008,1,-0.7715778180491867,1.0229634720823648,-0.3151001990494656,0.9308869321857732,0.867172387169486
Bahamas,2009,1,-0.9544902423450361,1.5931695434619464,-0.10385898320454408,0.8547608986894726,1.3895812166018386
Bahamas,2010,1,0.3809209171303349,0.41597630928041823,-0.023026393523206002,-1.1760066265310327,-0.40213579364348556
Bahamas,2011,1,-1.0335549982571195,-2.1090675906613305,1.4025632256678018,5.442226258747438,3.7021668954967906
Bahamas,2012,1,1.3599503778109692,0.7661774200946972,-0.23080963194472798,1.7924634089726719,3.6877815749336103
Bahamas,2013,1,-0.30724802219288133,0.39990428042050885,0.21276288615624275,1.119487159900086,1.4249063042839563
Bahamas,2014,1,-2.72884101457712,1.7950174696615566,-0.3281017523760464,1.9438459048745524,0.6819206075829425
Bahamas,2015,1,2.881422322468492,0.9755623243623239,1.1102266860801535,-5.556662464455307,-0.589451131544338
Bahamas,2016,1,5.37958867445351,-1.012820697689614,0.5373475747574958,-1.3759594335896963,3.5281561179316956
Bahamas,2017,1,-1.1461163669885537,1.515635357873431,0.6606713656282056,0.9309281659680276,1.9611185224811105
Bahamas,2018,1,1.8659029120747577,0.12507903349504507,-0.04825891565228439,-0.5594775004468757,1.3832455294706425
Bahamas,2019,1,-1.5700931093713426,5.154764243893238,-1.1900925266575457,-0.5333897091583109,1.8611888987060392
Bahamas,2020,1,0.286003378390795,0.5167945975918177,-0.059625843863438124,0.3819009213593471,1.1250730534785216
Bahamas,2021,1,-0.10011742140538366,0.9224599133081837,-0.04806887373462074,0.1862414505016477,0.9605150686698269
Bahamas,2022,1,1.1810407130609863,0.14869879676159667,0.1918394603554496,-0.10212133247118296,1.4194576377068497
Bahamas,2023,1,-0.7434873920458349,1.879501612933804,0.2802265679503638,0.32728648205220534,1.7435272708905383
Barbados,1970,1,0.1032488573126785,0.4896177000644008,0.1720519502734824,0.2187900791684139,0.9837085868189757
Barbados,1971,1,0.40118526601386,-0.3861218934289534,0.2580903011618051,-0.5667968009213791,-0.2936431271746674
Barbados,1972,1,-0.2925407876354408,0.5706939528064588,0.11484858940062277,0.21462610401863655,0.6076278585902775
Barbados,1973,1,-2.6912615976458576,1.3069984133713506,1.300639413777357,-0.1428947110639008,-0.2265184815610506
Barbados,1974,1,-0.9766581006828537,2.768227486331491,0.7968708149868503,-0.36582637294233017,2.2226138276931575
Barbados,1975,1,1.0495581074747578,2.3839145175577574,-0.1786311866882272,-0.03375180945152434,3.2210896288927637
Barbados,1976,1,0.8989354401014731,-5.829764006442884,-0.5298114724938691,1.1884018117334558,-4.272238227101824
Barbados,1977,1,1.2840649523106304,-0.5913675089395638,-0.0351148040163005,-0.806999862096875,-0.1494172227421089
Barbados,1978,1,-0.4488663017514876,-1.0314636474529686,-0.07006964146955849,0.7129193590142794,-0.8374802316597354
Barbados,1979,1,-0.17732723901631522,0.8047724096796299,0.01605388743836522,-0.0929066315477523,0.5505924265539276
Barbados,1980,1,0.8515147289595529,-1.509203960271042,-0.0029397716079582635,0.3210534002312682,-0.3395756026881792
Barbados,1981,1,1.07901986730396,-0.6076579245004222,-0.4423218041329402,-0.8861840970531177,-0.8571439583825202
Barbados,1982,1,-0.7890974146830427,0.9471495080237963,0.12260049701950479,0.83306960389103335,1.1137221942512916
Barbados,1983,1,1.7876115406494069,-1.2476592211799138,-0.07009307388016003,-3.479698311568766,-3.009839065979432
Barbados,1984,1,0.4206475274164224,0.5390284327099089,0.15547162380940224,-0.5978353452812051,0.5173122386545285
Barbados,1985,1,2.30091089942767,-3.445522037431553,1.1269493273115327,-0.40465533059243847,-0.42231714128478837
Barbados,1986,1,-0.3012749206427851,1.8770907845422822,-0.032500232538347607,0.1874064263823413,1.7307220577434907
Barbados,1987,1,0.6499580910612264,1.6815255781803107,-0.6929699866719801,0.2125545983807512,1.8510682809503083
Barbados,1988,1,-0.174094290939311,-0.1472614092252004,0.49445547747860935,0.3202006805704244,0.4933004578845223
Barbados,1989,1,-0.5120287205903794,0.7871627205262324,0.03253316141453913,0.4122103635034463,0.7198775248538386
Barbados,1990,1,-0.39800346619025323,0.7283182411999386,0.5417537924390822,0.1254299316622327,0.9974984991110003
Barbados,1991,1,1.5692668204087203,0.2000629912284556,-0.8227595662429329,-0.03743116621613078,0.9091390791781122
Barbados,1992,1,-2.3302804163030637,2.498152032325601,0.19038144524637693,1.0503354127263471,1.4085884739952612
Barbados,1993,1,-2.7426535828670247,0.8710790012947283,0.8626362741996069,2.684886409990794,1.6759481026181042
Barbados,1994,1,-1.5832315669070793,7.304902251149946,0.16429957231932477,0.7722783216894916,6.658248578251683
Barbados,1995,1,-2.7916154921952425,4.277152856854746,0.26706731819974877,-0.3022560965360551,1.4503485863231975
Barbados,1996,1,0.35542593855591703,0.320880860979816,0.35469823230640984,0.04936393648506764,1.0803689683272106
Barbados,1997,1,-1.4516209604018062,0.07927055778613071,-0.10719047966538264,1.3080519211795893,-0.17148896110146872
Barbados,1998,1,-1.6855117105458348,2.1231903453258947,0.5453258875195364,0.848552292807211,1.8315568151068076
Barbados,1999,1,1.9647520753441534,14.20061076645644,-0.04435070608915767,-1.7573241062616771,14.363688029449758
Barbados,2000,1,1.341320968448066,0.16192345094760596,0.13898609323159236,-0.2515610339920161,1.3906694786352483
Barbados,2001,1,0.6330977664226138,0.18880429709459445,0.06648033839196896,0.50368604703825,1.3920684489474273
Barbados,2002,1,-0.7015403462485497,-1.5759208304119232,1.305549627198466,5.621065449234442,4.649153899772435
Barbados,2003,1,0.9789937572409155,-3.2086126522796254,2.2095050872593864,-2.1621265344797203,-2.1822403422590444
Barbados,2004,1,-1.614080931721938,7.418522585709209,-0.43342625938595875,0.6755887629696982,6.046604157571011
Barbados,2005,1,0.7703039996950112,1.5730180136973175,-0.05341892858518909,0.13005541834131967,2.419958503148459
Barbados,2006,1,0.9627973267456142,0.5130395363680136,-0.3107903108188327,0.712894574566714,1.8779411268615092
Barbados,2007,1,0.29754074540671793,0.3828315634854783,0.650576231693235,-0.3764127502868816,0.9545357902985496
Barbados,2008,1,-0.0645769209691116,-0.17747819480059604,0.3289144709074084,-0.014394434753079671,0.07246492038462107
Barbados,2009,1,-0.12369828380036095,3.600140323918979,-0.05452441473870344,1.4135391171799345,4.835456742559849
Barbados,2010,1,-3.0448023986787085,-0.3675395014558128,-2.0684818380452494,3.0627605087903627,-2.418063229389408
Barbados,2011,1,2.1649664274532108,0.5979160779656091,0.08619995133393434,-1.449130006349395,1.3999524504033591
Barbados,2012,1,-6.75050449943645,-3.789499035308179,1.0144179920328558,3.0145756110114528,-6.51100993170032
Barbados,2013,1,1.5644239855188369,1.1466226920204237,0.5817082267953798,-0.15842960447650437,3.134325299858136
Barbados,2014,1,7.411288845832486,15.450162306859136,-5.310221450816561,0.18124684745232927,17.732476549327387
Barbados,2015,1,-3.0086002089879913,1.077906821922372,1.001612302858254,-0.25824861582895636,-1.1873297000363217
Barbados,2016,1,0.8724640684494684,1.4868198776084531,0.027974171696740213,-0.11906995075737835,2.268188166997284
Barbados,2017,1,4.868923923680609,-9.173017916095237,-9.77418585491877,-5.771751421672908,-19.850031269006305
Barbados,2018,1,-5.347662774235126,2.346803804999352,0.4234005100855646,1.302075661054268,-1.2753827980959418
Barbados,2019,1,2.702157142714143,-2.2323662123615504,-1.2541074044453848,0.48615045058798423,-0.2981660235048085
Barbados,2020,1,0.5670575197579667,0.3302569405896712,0.038549139910073645,-0.051414326491542685,0.8844492737661689
Barbados,2021,1,11.92081272565784,6.535580452096548,-2.399463795505255,2.720372581114565,18.777301963363698
Barbados,2022,1,-0.004417959112158196,0.6543895534963436,0.0785920434527868,0.15941439592780282,0.8879780337647751
Barbados,2023,1,0.7879263176497451,0.26073038847354557,0.040470041397120536,-0.02608207456266267,1.0630446729577485
Belize,1970,1,-0.03226946050602604,0.7369671720615272,0.11369524621154423,0.15966929508098193,0.9780622528480272
Belize,1971,1,-0.34903914648243706,0.9062670068461027,0.1923128167575531,0.24815536648789652,0.9976960436091155
Belize,1972,1,-0.3060314038236825,0.9466345472203737,-1.8969884825341607,0.14663557697848262,-1.109749762158987
Belize,1973,1,0.016916322558704455,1.3301034428277692,-14.326943960001602,-0.43113725259391394,-13.411061447209041
Belize,1974,1,-0.3496418130417025,0.9129599455351052,0.20544834060642334,0.26624990921731567,1.0350163823171417
Belize,1975,1,0.837871059291154,2.012199359216549,-0.4778439396168465,-2.5721817486244065,-0.19995526973355027
Belize,1976,1,1.810704545016941,3.285291949704111,-0.38046843539814024,-4.041720324435464,0.6738077348874476
Belize,1977,1,-0.2235699876103434,1.14061610732609,0.32860942491503803,0.21976161418785084,1.4654171588186355
Belize,1978,1,0.09705500494601292,1.2904146947301538,-0.11514149553135972,-0.8842316971234773,0.38809650702132975
Belize,1979,1,-2.46593445280225,-1.3298164471169966,0.9226007817256158,4.672832211351809,1.7996820931581774
Belize,1980,1,1.1105851971151097,2.891880592335432,0.47155154453115056,-1.7833400441643337,2.6906772898173585
Belize,1981,1,11.116300227239499,-15.345486088014036,0.3138867660836734,0.13871851266490748,-3.7765805820259573
Belize,1982,1,1.3289219871012297,-27.982147861874054,-5.2468352757522565,25.670161322965015,-6.229899827560066
Belize,1983,1,-1.7451792041602645,3.01401461242908,0.15623321339928456,-0,1.4250686216681001
Belize,1984,1,1.5324630342646839,-5.312363333639929,0.024768575564812427,2.5005281131116344,-1.2546036106987986
Belize,1985,1,-4.22782110693372,-2.158384659529185,1.7067822797329883,-1.5312008344501897,-6.210624321180107
Belize,1986,1,-0.9911531279192459,3.5890763152682252,0.36164296105463145,0.13873803412394178,3.0983041825275524
Belize,1987,1,-0.3449716291259571,0.26452134427305113,-0.04119002262065846,0.3764474603976289,0.2548071529240645
Belize,1988,1,-0.35257320012025534,0.23026871827340303,-0.05464189099082134,0.4900949514683142,0.31314857863064066
Belize,1989,1,-0.21534625453482217,0.30936410317328467,-0.028561661995025016,0.48431837535028743,0.549774561993725
Belize,1990,1,0.5583759388453231,0.033968068799790585,-0.04200012590370484,-0.285049674394282,0.26529420734712683
Belize,1991,1,-1.0157557838019373,0.3852865489939363,0.08873690460847178,0.44957335139389315,-0.09215897880563606
Belize,1992,1,1.2123440422107272,2.4798921697792617,0.5711539829651291,0.10316075211461878,4.366550947069737
Belize,1993,1,0.026001184956310867,0.38232243876877225,0.08805422320295894,0.5146888230517215,1.0110666699797635
Belize,1994,1,-1.459972185615702,22.180176207334288,5.108406042191845,-36.579494030421195,-10.750883966510763
Belize,1995,1,0.5968365060458611,3.3817195152854085,0.778857509000209,2.7832116181889335,7.540625148520412
Belize,1996,1,-0.387835487052046,0.7115793570047562,0.16388668038271897,-0.7230777403832469,-0.23544719004781778
Belize,1997,1,-0.11808969243807188,0.5356484270584524,0.12336735748400815,-0.020154217043197652,0.520771875061191
Belize,1998,1,-0.7234343399093279,1.1745603629003958,0.2705177475294295,-0.08002680520827976,0.6416169653122177
Belize,1999,1,-0.8373121810869254,0.6002661127807305,0.13824971060798155,0.7200440916382778,0.6212477339400645
Belize,2000,1,-0.5469305619002789,0.44816577532274243,0.10321886977523878,0.5768193450301728,0.5812734282278751
Belize,2001,1,0.48515105202268904,1.2809402496867723,0.29501852425947117,-0.44662029343321896,1.6144895325357136
Belize,2002,1,0.4549692859325812,1.0853338322926023,0.24996762438735515,-0.18680252764148747,1.603468214971051
Belize,2003,1,0.4616208033522503,0.3149778349230938,0.07254381501515639,-0.29817874784918313,0.5509637054413173
Belize,2004,1,1.353396430185525,-0.051926315959842345,-0.01195936137014267,-0.15685178220554336,1.1326589706499965
Belize,2005,1,0.6580072339379285,-0.4328760833666595,-0.09969743571349637,0.5782294443973568,0.7036631592551295
Belize,2006,1,2.3435645377997085,-0.3032207005268282,-0.06983598214838661,-0.009384491552317487,1.9611233635721763
Belize,2007,1,-3.5016786900301424,0.46917227308121323,0.4951455305706303,0.06817610629654675,-2.4691847800817524
Belize,2008,1,-41.85582466801795,28.164988774621378,-0.8909575140336958,102.30778386691179,87.72599045948152
Belize,2009,1,-17.12073831568549,3.9177639713326493,-2.1045860120556688,8.00400320130722,-7.303557155101288
Belize,2010,1,1.0258915670225524,0.6502104706015744,0.22410080150292377,-0.2938173090113715,1.606385530115679
Belize,2011,1,12.400682104633823,-2.408465442277601,-0.6545656528199645,10.003097617493049,19.340748627029306
Belize,2012,1,0.802265903305994,0.7385588871147113,0.14848682778199462,0.3203284559814516,2.0096400741841514
Belize,2013,1,-0.8781898349810233,0.7296825194966721,0.25148532946600866,0.4876856717998266,0.590663685781484
Belize,2014,1,-1.8476411077484975,0.5055456276289457,0.04109368808404971,0.9537195708751461,-0.3472822211603559
Belize,2015,1,0.32235856088126497,0.628490887349601,0.3497924992724999,0.15209984832259563,1.4527417958259614
Belize,2016,1,-317.04592543758906,64.09017466700857,103.9200856373161,215.18726265774765,66.15159752448324
Belize,2017,1,-0.4957581764293744,0.19832653937051234,-0.2530691774043926,1.5862796139931894,1.0357787995299346
Belize,2018,1,5.050066926699279,1.4283168931795123,0.6529876377407318,1.2397281323045792,8.371099589924103
Belize,2019,1,-0.015190113851035093,0.6358360912441223,0.02245064280993474,0.2475655124208331,0.8906621326238551
Belize,2020,1,0.35181855246924176,0.555505943324025,0.32160507730547827,0.06291210919873619,1.2918416822974812
Belize,2021,1,0.07921009079918391,0.5704872032414012,0.15266740180064625,0.299684116636637,1.1020488124778685
Belize,2022,1,0.350395603850108,0.5975626715533822,0.12346283190470592,0.19741703184665876,1.2688381391548549
Belize,2023,1,0.015296249999126467,1.4417787623786915,0.4561666994031669,-0.733430527123265,1.17981118465772
Cabo Verde,1970,1,0.04134306792571193,0.6467217429870686,0.1620229408172069,0.17359548053509502,1.0236832322650824
Cabo Verde,1971,1,-0.2014549865009811,0.6334552363241088,0.1458767518049328,0.3838384283165457,0.9617154299446062
Cabo Verde,1972,1,-0.2167098823826669,0.5971835090883235,0.16478583138842218,0.43859473643891866,0.9838541945329976
Cabo Verde,1973,1,-0.17130669544666535,0.5348552577318246,0.22741359589253862,0.4526006537754144,1.0435628119531122
Cabo Verde,1974,1,-0.20080853160555795,0.5664130230875853,0.2523165213955332,0.4063903674203321,1.0243113802978927
Cabo Verde,1975,1,-0.18503045475274998,0.5834541591636608,0.183182013861933,0.4145433601778746,0.9961490784507183
Cabo Verde,1976,1,0.1810368125036315,0.47538312400136423,0.0122312045126009,0.2805859257692688,0.9492370667868654
Cabo Verde,1977,1,-0.1394728501924225,0.7379176062264428,0.07155748407056607,0.21830092911115626,0.8883031692157426
Cabo Verde,1978,1,-0.16484683264362904,0.5635028053996146,0.2268417195638286,0.4080893640452541,1.0335870563650684
Cabo Verde,1979,1,-0.26284551830895886,0.5890221566749667,0.40217138955316767,0.2976869219975165,1.026034949916692
Cabo Verde,1980,1,-0.9244681014909151,1.7463683506835315,-0.5238607346203588,0.0026388295038970977,0.3006783440761547
Cabo Verde,1981,1,0.7458686035864736,-0.10347097651267219,0.1687616640492162,0.40219929324575415,1.2133585843687718
Cabo Verde,1982,1,-2.4658275077167158,-0.048246896117512234,1.6539889914650003,2.8126860473011726,1.9526006349319447
Cabo Verde,1983,1,0.28215341810524786,0.5577236231290955,0.33071121929859043,-0.04608853119587535,1.1244997293370584
Cabo Verde,1984,1,-1.056077429552917,1.1681410961169785,0.5974016594032484,-0.19810994667724016,0.5113553792900698
Cabo Verde,1985,1,0.21546097986018736,0.4566472292997543,0.31093590957944284,0.09747262530533722,1.0805167440447216
Cabo Verde,1986,1,-4.212838585789998,0.9402676214620206,1.5036702263278219,2.616738734100561,0.847837996100405
Cabo Verde,1987,1,1.0935893268706969,0.5545821611707413,-0.6409677213379079,-0.1062114677079621,0.9009922989955682
Cabo Verde,1988,1,0.33193101104223827,1.1073205184775394,-0.03739532022061345,-0.8945559955692495,0.5073002137299147
Cabo Verde,1989,1,-0.00859973855823765,0.6626023564580938,-0.09345662443241556,0.7449512669540055,1.305497260421446
Cabo Verde,1990,1,-7.269078866270166,0.265085865937029,0.1736661382001345,5.85948460192725,-0.9708422602057523
Cabo Verde,1991,1,-1.6172038501355837,3.8850814176883355,0.16171039437717966,-3.6116872378750724,-1.182099275945141
Cabo Verde,1992,1,-1.7457179614198781,0.6164474351473794,0.7690929117812052,2.097056674852171,1.7368790603608775
Cabo Verde,1993,1,0.33271771053654126,0.24299893104443218,0.32094838801244585,0.17711065515814906,1.0737756847515683
Cabo Verde,1994,1,-1.2056301079830052,0.568861436277179,-0.03182901422141898,1.9239866873924079,1.255389001465163
Cabo Verde,1995,1,0.11281696145590533,0.9216632755227072,0.3453591268550802,-0.6802334462754039,0.6996059175582888
Cabo Verde,1996,1,-0.3445491688630046,0.8132108651745271,-0.20442418495863007,0.8458285129506773,1.1100660243035696
Cabo Verde,1997,1,0.4968163859233704,0.44487934314551747,0.37512303068938785,-0.1108915441641298,1.205927215594146
Cabo Verde,1998,1,-0.0015708230606253282,0.9258089854454772,-0.043693658962414623,-0.14339671491229594,0.7371477885101414
Cabo Verde,1999,1,-0.5860732552131247,0.5386713136177903,0.226412593166699,0.9436966339425252,1.1227072855138898
Cabo Verde,2000,1,1.5386472798417365,0.7186312521761221,0.012507284048651002,-1.0516485956284984,1.2181372204380112
Cabo Verde,2001,1,-0.08727015843681171,0.3816500634005198,-0.03705491993047211,0.49683520010714105,0.7541601851403771
Cabo Verde,2002,1,-0.6276336623208808,0.6247239610380504,0.2594514382304092,0.863111850093998,1.1196535870415767
Cabo Verde,2003,1,-1.4190110715591444,1.4857638647048328,0.6832004252425559,0.38120073917365876,1.1311539575619032
Cabo Verde,2004,1,-1.9516761898764425,1.117213909242151,0.429045497342812,1.597899878708181,1.1924830954167018
Cabo Verde,2005,1,0.8636022400259171,0.18625432615488313,0.23630986821988556,-0.3778710873099046,0.9082953470907812
Cabo Verde,2006,1,0.060476367088998575,0.3993856252192909,-0.02437355407267711,0.4970118832670142,0.9325003215026265
Cabo Verde,2007,1,-0.6638831749556737,0.15458800152972083,0.21580295560846943,1.448047526798996,1.1545553089815126
Cabo Verde,2008,1,0.5041350101064404,0.1411164344397476,0.10116844949239304,0.2666875629291953,1.0131074569677763
Cabo Verde,2009,1,1.3959295031077872,-2.254492468441115,-0.8675557462745418,2.943179385848793,1.2170606742409233
Cabo Verde,2010,1,-1.2162963678666208,-0.29764300269784827,0.2123994085100568,2.4526992948290323,1.1511593327746203
Cabo Verde,2011,1,0.17334647202293946,0.34810565384775405,0.3019353963496333,0.20910729037287853,1.0324948125932054
Cabo Verde,2012,1,8.595606267620981,1.8117729739796429,-1.095244240056819,-8.438216794583445,0.8739182069603606
Cabo Verde,2013,1,5.55093501179781,1.6695091548963061,0.570930850546098,-7.158980516859095,0.6323945003811193
Cabo Verde,2014,1,-8.723279032371536,1.3236178311782945,1.3976311862734638,7.593381635301111,1.5913516203813316
Cabo Verde,2015,1,4.150111383440149,0.9518566205482453,0.7937069888357097,-6.146313031947495,-0.2506380391233911
Cabo Verde,2016,1,-0.883566849095824,1.322852081487946,0.18108515167850897,0.5314633646460045,1.1518337487166357
Cabo Verde,2017,1,-0.7732497253235839,1.9210579636012663,-0.3656963626636761,0.15769464579068965,0.939806521404696
Cabo Verde,2018,1,-0.428709023399056,0.8146721762526059,0.26535060381910863,0.32657192530687507,0.9778856819795336
Cabo Verde,2019,1,0.3284364925683279,0.4122400949397438,0.42377992421619154,-0.1605974952675759,1.0038590164566872
Cabo Verde,2020,1,0.5754704982360478,0.45500016003645183,-0.022820992292097476,-0.0010733408283873746,1.0065763251520148
Cabo Verde,2021,1,-0.5919012326437768,1.0714088992800646,0.3615370691835234,0.11827894282672835,0.9593236786465394
Cabo Verde,2022,1,0.9649229575201359,0.6044776857486622,-0.10367959334220583,-0.5157109787373751,0.9500100711892172
Cabo Verde,2023,1,1.3620584965684697,1.1190832507495876,0.05326054479579993,-1.3433218980388937,1.1910803940749635
Comoros,1970,1,-0.10287288469745964,0.7845646618411108,0.19765127371539123,0.10378541381252575,0.9831284646715681
Comoros,1971,1,0.007432615447112624,0.6052633903480328,0.20862755138233077,0.3028636048008591,1.1241871619783355
Comoros,1972,1,0.021352499937194635,0.6081280335004012,0.20956281027745383,0.2910250772957725,1.130068421010822
Comoros,1973,1,0.049430108171554236,0.6050567031093823,0.20857009616673677,0.29057388691576963,1.153630794363443
Comoros,1974,1,-0.10255757326817605,0.6036303354034577,0.20807059385073112,0.3408063730556017,1.0499497290416144
Comoros,1975,1,0.049370190759220674,0.6099650418030934,0.21016701451483782,0.2775979722877821,1.147100219364934
Comoros,1976,1,2.622986560544941,0.4858845172697164,0.17039727984590494,-0.18056209513580543,3.098706262524757
Comoros,1977,1,-0.5079222063703929,0.6029049920716143,0.2077401021629407,0.46662984353144865,0.7693527313956109
Comoros,1978,1,0.6328837521736788,0.647796436710609,0.22261152420289085,-9.120128598305256e-4,1.502379700227348
Comoros,1979,1,0.3112118420358314,0.5815884736519461,0.20099571477618391,0.27268731066657875,1.3664833411305402
Comoros,1980,1,-1.472236613846666,0.6138099602532086,0.21106323705856123,0.7325113211895098,0.08514790465461353
Comoros,1981,1,3.58273887396726,0.7476520627281815,0.25578732659460074,-1.166916393802152,3.4192618694878902
Comoros,1982,1,0.8140001669921773,0.40180210465522503,0.14261927303354088,0.594968215954559,1.9533897606355022
Comoros,1983,1,0.43887695779126495,0.680631869052689,0.08176376745925686,0.12899047031625283,1.3302630646194638
Comoros,1984,1,-3.1714212381435822,0.28391769404231837,0.23715643207507947,1.9362708235031274,-0.7140762885230569
Comoros,1985,1,-3.657085565612957,0.5891967929933926,0.20199187654676282,0.34410647810645384,-2.521790417966348
Comoros,1986,1,2.9785332430376275,0.07218288993581103,1.333152598555644,3.089925889369018,7.473794620898101
Comoros,1987,1,-0.3279897857994228,0.7272181236173835,0.043662251122121624,0.4947262349367318,0.9376168238768141
Comoros,1988,1,1.5802414519686356,0.795792586677602,0.30857816113329656,-1.801557349055352,0.8830548507241822
Comoros,1989,1,2.1257260543548497,-1.0702065841497868,0.02317687994449469,3.2366427653752194,4.315339115524777
Comoros,1990,1,-4.831567228071146,2.5360248533469347,-1.6986250177890958,1.5800507544406597,-2.4141166380726466
Comoros,1991,1,3.780522662143418,0.9566243505405405,-0.07410946846192398,-3.2130413197832373,1.4499962244387974
Comoros,1992,1,-0.7043574251853294,1.9914808163888529,-0.38485390772024347,0.3319678454672025,1.2342373289504822
Comoros,1993,1,3.1854332077414744,-0.316334736733434,0.03061258038736131,-1.572115815021736,1.3275952363736658
Comoros,1994,1,-0.34921624995497696,1.3207530909051832,0.07390951694471919,0.29486210748939706,1.3403084653843227
Comoros,1995,1,-3.159700475444287,3.4138210480065223,0.5376193109138279,1.1145359928579321,1.906275876333995
Comoros,1996,1,-0.4084444658609345,0.37523828856271113,1.7483742740708628,-0.41211290840115183,1.3030551883714876
Comoros,1997,1,-0.9707457965492043,2.6064391735269092,-0.103572818332149,-0.9778104294850247,0.5543101291605312
Comoros,1998,1,4.815082537516626,-10.020595958429931,-0.8989652385425405,2.122097306821135,-3.98238135263471
Comoros,1999,1,0.1308440824520197,2.423569635531359,-0.19844330840965063,-1.28179195934882,1.074178450224908
Comoros,2000,1,2.3058687250974415,-0.9535761471198156,-0.157571761224315,-1.2667950427399077,-0.07207422598659718
Comoros,2001,1,-2.249779817747659,1.8185885996385303,0.6807490528101766,0.7236138338533024,0.9731716685543503
Comoros,2002,1,0.4175861898027742,0.648554534803586,0.23088915003838326,-0.21776466460577623,1.0792652100389672
Comoros,2003,1,-1.807506020683679,2.8683662436169204,-0.37657766271783355,-1.6009270941748062,-0.9166445339593984
Comoros,2004,1,-2.7519420111491635,2.5692532771793397,-0.20437185604924887,0.8380182710852133,0.45095768106614065
Comoros,2005,1,-0.8122072042705861,2.315198451500432,-0.09880503928555792,0.130151935394594,1.5343381433388816
Comoros,2006,1,-0.5722972096231601,0.21894847463618036,0.36752648786080316,0.9780676335882594,0.9922453864620827
Comoros,2007,1,0.009664109689447795,0.7925841006244512,0.03494667368431489,0.13302573050101732,0.9702206144992311
Comoros,2008,1,-1.4215958410616076,2.086174052743943,0.310297134812724,0.8469004356307717,1.8217757821258311
Comoros,2009,1,-0.33963954557758136,0.6041283027415635,0.2561681286973786,0.06259251205175474,0.5832493979131155
Comoros,2010,1,0.8553076580826489,0.8189743195768755,-0.6064194922463235,-0.2178150092679158,0.850047476145285
Comoros,2011,1,-0.8901353070457717,1.4254804507299386,0.10902153731544371,0.3612075404270561,1.0055742214266665
Comoros,2012,1,-0.729080299223836,1.263436308157479,0.1757286390265793,0.30919615741528383,1.0192808053755065
Comoros,2013,1,0.03775603482742888,1.1640084277476381,-0.1289916947727922,-0.10828976852914914,0.9644829992731256
Comoros,2014,1,-0.13016385743304004,0.5557119433141668,0.48999015429387344,0.1593357698046095,1.07487400997961
Comoros,2015,1,0.858893441815766,0.793558899240987,-0.09032290391338108,-0.5611296114100337,1.0009998257333381
Comoros,2016,1,0.5532173112069327,0.05268990314426654,1.0762888245535882,-0.4400585244381108,1.2421375144666766
Comoros,2017,1,-0.014299809728344584,0.8607824611770621,0.15031050710201083,0.028566661812870743,1.025359820363599
Comoros,2018,1,-0.13825221206193788,0.4211657914166925,0.010688931626216109,0.6818701584615371,0.975472669442508
Comoros,2019,1,-0.44002616480637363,6.9753295477772985,0.11491494917678513,-0.3824743623314562,6.267743969816253
Comoros,2020,1,0.6259871803010683,-2.7462523867296507,0.16805204399961207,-0.2865698664311479,-2.238783028860118
Comoros,2021,1,-1.5956212082422603,1.3720621302733624,0.11212670378540042,0.22985338662889085,0.11842101244539327
Comoros,2022,1,-1.2768243152785053,0.8020742070311433,-0.01910608540130619,0.2405172887429497,-0.2533389049057184
Comoros,2023,1,-0.4785624968490621,1.410444291332076,0.05990864724335376,0.11282454134392376,1.1046149830702916
Cook Islands,1970,1,-0.21845725009818914,1.027210232810642,0.09993770958604367,0.09863900303824542,1.0073296953367419
Cook Islands,1971,1,0.27947845778940555,0.34585780908963215,0.15384707971060874,0.11260408404161949,0.8917874306312659
Cook Islands,1972,1,-0.8219841768136331,1.2938247784686072,0.16144542454569474,0.42124210014470637,1.0545281263453752
Cook Islands,1973,1,5.20331828278975,-4.131864935106893,0.6351074771238956,-1.345248259751791,0.3613125650549627
Cook Islands,1974,1,-9.250408226590327,7.391703848576094,1.468543287369462,2.406583790503683,2.0164226998589125
Cook Islands,1975,1,19.24246572005766,-14.941198657342476,-0.4384176530428372,-4.8645394176476335,-1.001690007975288
Cook Islands,1976,1,1.3656510710584897,-0.599820961757768,0.24773481258925215,-0.19528907357910594,0.8182758483108679
Cook Islands,1977,1,-1.0105597100656354,1.2993799854767334,0.3674452579508031,0.4230507897623658,1.0793163231242668
Cook Islands,1978,1,0.240901015427865,-0.06591547072449659,0.7870855691415416,-0.021460708173729217,0.9406104056711808
Cook Islands,1979,1,2.2238658407547582,-1.6859002415816084,0.6014724933543943,-0.5488936515898651,0.5905444409376792
Cook Islands,1980,1,6.051552312851622,-4.9258432619774934,0.8519799959943395,-1.6037509799519043,0.3739380669165637
Cook Islands,1981,1,-1.3472612635842063,1.6729836952668535,0.2940465715138655,0.5446881506308544,1.1644571538273671
Cook Islands,1982,1,3.8769486086429747,-2.9223979351453417,0.7028701181377583,-0.9514713628959595,0.7059494287394319
Cook Islands,1983,1,-20.373622778528556,14.218285038096594,4.5744901092582735,4.6291748278065725,3.0483271966328864
Cook Islands,1984,1,1.350925249635352,-0.65741145982840965,0.3329680907954168,-0.21403937148946287,0.8124425091128964
Cook Islands,1985,1,-2.5439096477515992,2.614790997486995,0.34419791496829183,0.8513209386250186,1.2664002033287058
Cook Islands,1986,1,3.8785787789488055,-2.723355797164997,0.2331076223484862,-0.8866673123461417,0.5016632917861528
Cook Islands,1987,1,-14.21098581426395,13.488942476107184,-0.7618303641764369,4.391715765942354,2.907842063609152
Cook Islands,1988,1,-24.423194535268106,22.336423149725796,-0.7530723856954329,7.272269292979297,4.432425521741553
Cook Islands,1989,1,-3.8922621333791874,3.9251382339859573,0.19638696374747855,1.2779423696092949,1.5072054339635432
Cook Islands,1990,1,2.3270899431603236,-1.8477146406518943,0.7478141902754659,-0.6015769976970498,0.6256124950868456
Cook Islands,1991,1,3.984948341779454,-3.0007478943043453,0.5434221621638184,-0.9769803339358404,0.5506422757030864
Cook Islands,1992,1,-3.15333129138776,3.7929257736780055,-0.4200537031437459,1.234896768182298,1.4544375473287978
Cook Islands,1993,1,1.892786744775842,-0.4263923066841686,-0.5727919858036261,-0.13882439506628222,0.754778057221765
Cook Islands,1994,1,3.512221028719582,-2.2989372989763712,0.20102938549212865,-0.7484855959085498,0.6658275193267897
Cook Islands,1995,1,2.2998418622638366,-1.0720104538493016,-0.12826140713491868,-0.34902409238291315,0.7505459088967033
Cook Islands,1996,1,-21.625151496882463,12.164621804690505,8.777636821407858,3.960545888491872,3.277653017707774
Cook Islands,1997,1,1.4730486064891295,-0.9732641250746777,0.7567800175567689,-0.3168743395497783,0.9396901594214424
Cook Islands,1998,1,-1.6968055622356097,-1.3172067687831728,4.439018873877197,-0.42885494329370477,0.9961515995647099
Cook Islands,1999,1,1.7096163189033062,-0.6786708300183132,-0.18889825109026356,-0.22096091711387875,0.6210863206808508
Cook Islands,2000,1,-0.06568295371419634,0.48924177315414835,0.3592691409307367,0.159286829089608,0.9421147894602968
Cook Islands,2001,1,1.4442411096488101,-0.5530947820359801,0.4320799455363266,-0.18007606518228456,1.143150207966872
Cook Islands,2002,1,-0.5153572009788315,1.0619728917844513,0.1809984723704313,0.3457560411456544,1.0733702043217055
Cook Islands,2003,1,-0.1342192824281732,1.3391944563098053,-0.3255583920933356,0.436013539201708,1.3154303209900045
Cook Islands,2004,1,-0.6125367945468497,1.3586769443052058,0.3939288085910112,0.44235655670598617,1.5824255150553537
Cook Islands,2005,1,-3.783374710212989,5.540879761924437,-2.5614271022298776,1.803993692782901,1.000071642264471
Cook Islands,2006,1,-0.3960229034594733,1.185474878784381,-0.17684730942760055,0.38596563454069205,0.9985703004379991
Cook Islands,2007,1,4.050664147036882,-2.8082865269032418,0.6718335074144441,-0.9143189585969886,0.9998921689510953
Cook Islands,2008,1,8.671844573502668,-3.764929551285902,-2.6813126626059063,-1.2257818475404767,0.9998205120703831
Cook Islands,2009,1,-115.62715206694733,77.57574040749842,13.795052139362937,25.257028263891666,1.00066874380569
Cook Islands,2010,1,0.8110442135544008,-0.013746756172064648,0.20714453593669233,-0.004475703619138363,0.9999662896998901
Cook Islands,2011,1,-4.466170847110826,5.310816222924687,0.9679948048339747,1.729089643976161,3.541729824623996
Cook Islands,2012,1,8.935934072458712,-4.288985958408831,-0.4412463795980811,-1.3964032872600258,2.8092984471917744
Cook Islands,2013,1,8.90609365986157,2.261419198127729,0.7541165184498804,0.7362700713202739,12.657899447759453
Cook Islands,2014,1,0.19373585186693107,0.444379210517336,0.33448507084485274,0.14468055306433533,1.117280686293455
Cook Islands,2015,1,-0.011159579844323489,0.226057516287351,0.30540942789950176,0.07359956845252735,0.5939069327950567
Cook Islands,2016,1,0.7653885633621108,-0.39931761808123906,-3.4235712930841538,-0.13001299607516195,-3.187513343878444
Cook Islands,2017,1,0.6216757813394357,0.16773114023636324,-0.18473774284388395,0.05460931937434648,0.6592784981062615
Cook Islands,2018,1,0.17708408363055403,0.35491775922023866,-0.3604979351361858,0.11555428716136742,0.2870581948759744
Cook Islands,2019,1,-0.44714619942107703,0.6389343953661906,-0.5402867463089939,0.20802275644460905,-0.14047579391927123
Cook Islands,2020,1,1.9737631453311006,-0.4274592698913899,-0.00936479296421981,-0.13917147318790918,1.3977676092875817
Cook Islands,2021,1,0.3110282166069584,0.3030425843185878,0.1769610528088362,0.09866401946176416,0.8896958731961466
Cook Islands,2022,1,0.8231165192345357,0.07789259312127571,0.08732037598387844,0.025360110055878682,1.0136895983955685
Cook Islands,2023,1,-1.0015667252860216,0.87851650308923,0.09719429113742387,0.2860259801989673,0.26017004913959973
Cuba,1970,1,-0.09718673538155984,0.6265572171411188,0.32327301027068345,0.19343882050568387,1.0460823125359262
Cuba,1971,1,-0.10014660687033919,0.6245569870777372,0.3195018635167155,0.19403109405075503,1.0379433377748686
Cuba,1972,1,-0.09949113695933925,0.6251654481165474,0.31933374489041266,0.19270914698283184,1.0377172030304527
Cuba,1973,1,-0.0978901009785823,0.6276725983730033,0.3189874764859924,0.18950800191562034,1.0382779757960336
Cuba,1974,1,-0.09292080314871333,0.6456803127375206,0.31656919158155494,0.17876284816884738,1.0480915493392093
Cuba,1975,1,-0.10305538025696032,0.6229242790053415,0.32029727078581355,0.19826177150594662,1.0384279410401414
Cuba,1976,1,-0.09956887583427505,0.6180182725868913,0.31946788733974785,0.19638068406148615,1.0342979681538504
Cuba,1977,1,-0.09722587472238096,0.6286826783305883,0.31872295051206834,0.18767298798382817,1.037852742104104
Cuba,1978,1,-0.0948705485198482,0.6335248472834111,0.31833940358888485,0.1832210403361288,1.0402147426885766
Cuba,1979,1,-0.09252347724530752,0.7002092881394973,0.3105642368840896,0.1724766870391563,1.0907267348174359
Cuba,1980,1,-0.05892902362014207,0.6736461171078628,0.3071344877348895,0.1250545956263813,1.0469061768489916
Cuba,1981,1,-0.09186428589801392,0.6175019624556262,0.31745274202756263,0.18739916767950043,1.0304895862646752
Cuba,1982,1,-0.08503553918589689,0.6678236244372293,0.3151162036124502,0.15031073281378857,1.0482150216775712
Cuba,1983,1,-0.08481497432439039,0.6575921302058465,0.31717313510855205,0.16540082237047304,1.0553511133604812
Cuba,1984,1,-0.11249006748431215,0.6591910197782693,0.3157517670190924,0.2136038199411994,1.076056539254249
Cuba,1985,1,-0.9101828772239463,-0.5390428406241264,0.5842901416416655,1.5685637268359418,0.7036281506295344
Cuba,1986,1,20.66239539917537,6.22363573816729,-5.405767892951616,-26.43263337026689,-4.952370125875845
Cuba,1987,1,-0.06771213019745338,-0.49945251821108033,0.32392054607062615,0.7881981188976674,0.5449540165597598
Cuba,1988,1,-0.143277950449249,0.3985007743523483,0.35044519495723736,0.45890343650457877,1.0645714553649155
Cuba,1989,1,-1.569355337230411,1.4772880661607666,0.17959105829208882,2.722351706119559,2.809875493342003
Cuba,1990,1,-0.24970201856261642,1.4333500964327681,0.050755454078600055,0.2464842243257992,1.480887756274551
Cuba,1991,1,-0.608657899993751,0.5916953422644311,0.31819705126645165,0.3817806764435813,0.6830151699807131
Cuba,1992,1,-0.4580885254026456,0.9571275901842324,0.1474606775031847,0.6299129896716286,1.2764127319564003
Cuba,1993,1,0.1311662217594916,0.439164094529914,0.02505726652270453,0.22773462035630976,0.82312220316842
Cuba,1994,1,-1.2975645137759741,4.749359749839777,-1.0872458126314228,-3.7839963178456175,-1.4194468944132375
Cuba,1995,1,-0.3302733033518987,0.3775339902930834,-0.09796549109329535,0.1378224978641508,0.08711769371204009
Cuba,1996,1,-0.06139030410984147,0.31237166717508574,0.19605736608183083,0.3410301034156963,0.7880688325627713
Cuba,1997,1,-0.10206640009771606,0.5009545365786913,0.35580240325404394,0.25113433395594736,1.0058248736909665
Cuba,1998,1,2.4766321717016315,6.9577139213853725,0.30963447878613054,-6.496249609616706,3.247730962256428
Cuba,1999,1,0.1676726772756213,0.5036111026357789,0.305317071141108,0.0061209132204008585,0.982721764272909
Cuba,2000,1,0.27022321850429076,0.21308656122999586,0.18823401183584954,0.15490986214613267,0.8264536537162688
Cuba,2001,1,3.6577047416135093e-4,0.6977651344125466,0.3667685582985437,0.021085336568149034,1.0859847997534007
Cuba,2002,1,0.25277872582343486,0.8748731937372408,1.033524265998442,-0.6263754529005503,1.5348007326585673
Cuba,2003,1,-0.1525588635574871,0.9629269648172145,0.7034485173500004,-0.1852864029456108,1.328530215664117
Cuba,2004,1,0.1189650194447083,0.16086495283077365,0.5617419487406671,0.1483195176017,0.989891438617849
Cuba,2005,1,0.2567772907692881,0.019542476202492984,0.36080092587709456,0.20052155879911263,0.8376422516479883
Cuba,2006,1,-0.2000002726945457,0.8099155752071683,0.2522677675083694,0.17542919924896547,1.0376122692699574
Cuba,2007,1,0.2995459908872221,0.11573471456889581,0.5354197694058772,0.029967144921044388,0.9806676197830395
Cuba,2008,1,0.2088700884193429,-0.22473263871362115,0.23715952816420674,0.4655096395138126,0.686806617383741
Cuba,2009,1,1.7105585745809773,0.3053721822908439,0.44775220733979804,-1.342654518402147,1.1210284458094724
Cuba,2010,1,-0.666822826370391,1.6146579830773224,0.3561817118821051,-0.02432808887773108,1.2796887797113055
Cuba,2011,1,0.3129999420717704,0.25870981847053737,-0.15666451930059797,0.24127750158009412,0.6563227428218039
Cuba,2012,1,0.12823960453461236,0.5511252039602078,-0.07692128378192278,0.19851676421643594,0.8009602889293334
Cuba,2013,1,-0.18233288242587664,0.96113063802011,0.09692223043562095,0.12733721524376954,1.003057201273624
Cuba,2014,1,-0.300855371926586,2.292190436017236,-0.3213798355314064,-0.4092797841035905,1.260675444455653
Cuba,2015,1,-0.3171576060188447,0.8981818198641657,0.0035748517769277955,0.3411284662452322,0.925727531867481
Cuba,2016,1,-3.5898149591509436,4.4918584365079095,-0.13306109006823794,1.3729896227416376,2.1419720100303654
Cuba,2017,1,0.11378614269829876,0.5351567977440733,0.3843091916311142,0.009066775135056656,1.0423189072085428
Cuba,2018,1,-0.029081932910398758,0.5753574137789137,0.1848660191626684,0.21188551502398187,0.9430270150551653
Cuba,2019,1,1.5057705015329885,2.993032818341355,-7.574730611920118,0.6281428743262143,-2.44778441771956
Cuba,2020,1,0.14983916822009263,0.4543681184087658,0.30462577785795875,0.05436698626972774,0.9632000507565448
Cuba,2021,1,-0.3497169734779469,-1.2462623956661567,3.9866704284472543,-0.037147172184134845,2.3535438871190157
Cuba,2022,1,0.4513689377481399,0.6568664150514889,0.3168407099207395,-0.3393196914494807,1.0857563712708878
Cuba,2023,1,0.2121666540829832,-0.891872822610379,2.4211655228949645,-0.11012063670345339,1.6313387176641152
Dominica,1970,1,-0.010692871193801946,0.5945427913795497,0.3382359691112951,0.10031540038096022,1.022401289678003
Dominica,1971,1,-1.651548996422387,0.5502513567756556,0.5095230670377326,1.5606146791016524,0.9688401064926533
Dominica,1972,1,1.0252841781099356,0.8097546738979571,0.05289336790565322,-0.852993621055123,1.0349385988584228
Dominica,1973,1,0.9914070437185819,0.8064701044012951,0.05867237788319686,-0.8224476034612628,1.034101922541811
Dominica,1974,1,-0.2735117130833819,3.914215059785734,-1.1546227191403577,-1.060070052993537,1.4260105745684573
Dominica,1975,1,-0.35129376211952007,-2.125811278712101,0.6874202101308072,1.6164898585458516,-0.17319497215496232
Dominica,1976,1,0.3191577956970806,0.8542420501746701,-0.0249537804942009,-0.10176464311951983,1.0466814222580298
Dominica,1977,1,-1.2321037545047264,3.5135163431990044,-0.26927682182409063,0.13992681275533284,2.15206257962552
Dominica,1978,1,-0.34983116270484005,0.8442971223192853,0.2661484279535922,0.2252967741270882,0.9859111616951257
Dominica,1979,1,1.3008360313365652,0.03058475473628121,-0.33538794285952195,-0.23647490055059261,0.7595579426627319
Dominica,1980,1,-1.0654985396997116,0.9946258677482056,-0.16688162681573057,1.2087376105249796,0.9709833117577429
Dominica,1981,1,1.646887313379632,0.0965163530404539,0.05531811820330063,-0.8851205765254261,0.9136012080979605
Dominica,1982,1,2.872419843578688,-2.4797587501933185,0.014685806121161042,-0.3132251703324904,0.09412172917404016
Dominica,1983,1,2.6073537025884264,-1.5901232191289136,0.14820363213459695,-0.5291253528770306,0.6363087627170791
Dominica,1984,1,-2.949646614825508,2.2123722077818004,0.41025016825235877,1.8471573490661504,1.5201331102748017
Dominica,1985,1,5.198933571003401,2.052398321027749,-1.1656173833853205,-3.9958131649180926,2.089901343727737
Dominica,1986,1,2.0715601286635414,-0.8601332936222879,-0.051152695203029445,-0.45678662744984266,0.7034875123883815
Dominica,1987,1,-0.6534146014277816,1.4334993032624457,0.1076595768645072,0.2868418887863283,1.1745861674854998
Dominica,1988,1,-0.8123244279571703,1.0251976022589462,0.11718871031886144,0.9840048646406399,1.314066749261277
Dominica,1989,1,73.25003855978015,-31.317491423780154,-5.7599492723466685,-36.43252906207463,-0.25993119842129886
Dominica,1990,1,0.9772791706910214,-1.1303919259210342,0.08718139691226919,0.2521129318867894,0.18618157356904586
Dominica,1991,1,-4.27672750950402,5.405989091832622,-0.41964884072458075,-0.07125762504507296,0.6383551165589489
Dominica,1992,1,7.590983363256555,-1.714836179369831,0.2728554705873753,-4.559217049809985,1.5897856046641143
Dominica,1993,1,0.15804126798728904,0.7824576250251889,0.45962182663963963,-0.42318172033568585,0.9769389993164317
Dominica,1994,1,-83.03976784719555,131.2872606938046,-14.151903538542797,0.362596426344711,34.45818573441096
Dominica,1995,1,-0.07297570972772081,-2.23187668527849,0.22697810670298943,1.47694113634315,-0.6009331519600716
Dominica,1996,1,-2.649922245944474,2.981127559203277,0.07619014608948577,-0.3275975730465907,0.07979788630169837
Dominica,1997,1,1.1796223765089793,-2.8426136262864543,0.7255396059509227,0.8744295810580855,-0.06302206276846678
Dominica,1998,1,2.877683202416223,-0.4143087439267685,0.20100393583147816,-0.4981375870861527,2.16624080723478
Dominica,1999,1,-2.2877197508471907,2.1675749996671305,0.7913777759405345,1.250842276271452,1.922075301031926
Dominica,2000,1,-1.994038064150564,3.1771318748026474,0.397296462549091,0.3718378758000825,1.9522281490012567
Dominica,2001,1,23.601036754309014,-99.57835998451387,13.829548301202898,63.147772945543785,0.9999980165418307
Dominica,2002,1,-1.215336897000151,0.3755744351833474,0.5527056839579395,1.2870568068577457,1.0000000289988817
Dominica,2003,1,-0.33599862006499653,0.8121862192612541,-0.14516465989067429,0.668977039701302,0.9999999790068854
Dominica,2004,1,-0.2972569057051208,0.6173725091925598,-0.05098669356621328,0.7308710863608308,0.9999999962820565
Dominica,2005,1,-10.012960512478008,4.755775151708434,2.245831702103578,4.011353786349552,1.0000001276835562
Dominica,2006,1,0.8014738010275897,0.06378863780728615,0.13894457439499128,-0.004420187566127664,0.9997868256637394
Dominica,2007,1,-1.320452449184048,1.8265869283122047,0.25816838900332045,0.23584651782311347,1.0001493859545907
Dominica,2008,1,-1.3383691469464858,1.9783938092198858,-0.08377708000601827,0.4437524158221229,0.9999999980895047
Dominica,2009,1,-4.237542231050441,5.311381765565964,-1.7357485002441413,1.6619089641564992,0.9999999984278807
Dominica,2010,1,8.482248874368945,-6.171071302310588,-0.006803508756129371,-1.3054964832134055,0.9988775800888225
Dominica,2011,1,-12.327714607094604,7.804828463221196,-2.676064413263429,8.19229657892034,0.9933460217835037
Dominica,2012,1,3.168662997692005,-3.021020760233511,-0.8343324861773649,1.6873881829850583,1.0006979342661877
Dominica,2013,1,-8.858024003364479,9.673938336086458,-1.2155368080346882,1.3996224680825364,0.999999992769828
Dominica,2014,1,-0.70930078629648,0.8947820876899943,0.34339674419511673,0.47112197322485055,1.0000000188134817
Dominica,2015,1,0.0623216581523138,0.2065466308767661,-0.14345417331766425,0.8740397197432122,0.9994538354546278
Dominica,2016,1,0.09879485803873957,0.6896435350324952,-0.6294292653475093,0.8404952184483042,0.9995043461720298
Dominica,2017,1,1.0297518731104938,0.570361176809451,-0.5025509654839437,-0.07444957663333143,1.0231125078026695
Dominica,2018,1,-7.929496078284755,3.0191873903272777,1.1545203042856858,4.592293006046075,0.8365046223742834
Dominica,2019,1,2.07920950353441,0.6830278793353363,-0.231904259034179,-1.4068597176433053,1.1234734061922618
Dominica,2020,1,-0.16735418205995603,0.863914784343584,0.1809778128759064,0.21260503840310743,1.0901434535626418
Dominica,2021,1,0.4844780967407977,-1.148845595998115,-0.35496236227950045,2.2000008040167782,1.1806709424799606
Dominica,2022,1,0.8900614764484516,-0.30472348124392384,-0.14433208571251907,0.7103138117277857,1.1513197212197945
Dominica,2023,1,-2.364825040846747,2.0684808579543965,0.6884426579162367,0.7237627849412808,1.115861259965167
Dominican Republic,1970,1,-0.15143646508925332,0.7709857080176428,0.10239593823276337,0.20508407094316242,0.9270292521043152
Dominican Republic,1971,1,0.008318557599955144,0.7103753669441937,-0.07283760002074671,0.34507593734680975,0.9909322618702119
Dominican Republic,1972,1,0.48463676094853664,0.31807568043664125,-0.004468988799268032,0.2762629724322652,1.074506425018175
Dominican Republic,1973,1,-0.033545442348459305,0.5332833224312529,0.015497576624606354,0.4894011296025103,1.0046365863099103
Dominican Republic,1974,1,-2.0647342012778473,1.2144859947189466,0.46964284400124506,0.8399500970181905,0.4593447344605348
Dominican Republic,1975,1,-0.15007766821842883,1.056982297173612,-0.3715430306772812,0.4629270792833463,0.9982886775612483
Dominican Republic,1976,1,0.7650308776155555,0.9064689032901735,-0.2769728376066261,-0.29157739049103576,1.102949552808067
Dominican Republic,1977,1,-0.0817152289996205,0.4758571879686727,0.13212918294317133,0.43299885159100515,0.9592699935032286
Dominican Republic,1978,1,0.6844866092107207,-0.17139555708394194,0.4138446165147863,0.3460446390719112,1.2729803077134763
Dominican Republic,1979,1,-0.1727664974846365,0.1200709788530947,0.30319790657328505,0.49872485497734714,0.7492272429190904
Dominican Republic,1980,1,-1.474149815601849,1.6221028131916608,0.20940989713660116,0.3158493466431815,0.6732122413695942
Dominican Republic,1981,1,1.4226678468048344,0.04043095934425352,0.539797325905757,-0.7252432555757707,1.2776528764790742
Dominican Republic,1982,1,1.910334244486592,2.2296106697130558,0.0967314336844406,-2.5990519615213143,1.637624386362774
Dominican Republic,1983,1,0.015315578101036193,0.5605157719215332,0.06591065540539393,0.3667987204890774,1.0085407259170407
Dominican Republic,1984,1,2.7914498951632956,-1.6933707124684947,-0.03490378136781358,0.7791890521725727,1.84236445349956
Dominican Republic,1985,1,1.165290710702876,-0.01564724793640091,-0.2048381632284525,0.47364924269331227,1.4184545422313348
Dominican Republic,1986,1,-0.49896793794669936,0.875848335463984,0.20714251106419893,0.23589634024429548,0.8199192488257789
Dominican Republic,1987,1,-0.13374565839416103,0.7310028270598203,-0.1895874997122638,0.5559437601414922,0.9636134290948877
Dominican Republic,1988,1,0.31869892668467964,-0.5986955020515494,0.3626760622478735,1.0612177370657239,1.1438972239467275
Dominican Republic,1989,1,0.5369705362729077,0.04454419534657455,0.0040183344780574315,0.6060899304474253,1.191622996544965
Dominican Republic,1990,1,-1.2336110483620386,1.1463999685341002,-0.009191152569960608,0.9425175194668234,0.8461152870689244
Dominican Republic,1991,1,-0.4221484272340803,2.834433764554084,1.1190782515900675,-3.1855302722450642,0.3458333166650067
Dominican Republic,1992,1,-0.32618189338622233,0.8818865399727248,0.15715458152538236,0.444443189495545,1.1573024176074298
Dominican Republic,1993,1,0.009859839312456353,0.4843063293811255,0.21775584763493297,0.40206707068426156,1.1139890870127764
Dominican Republic,1994,1,-0.4403492019988613,0.2480815168286092,0.5430204608821356,1.4793368882684639,1.8300896639803474
Dominican Republic,1995,1,0.12007214281410442,0.8168763889951124,-0.205688378369819,-0.1449806454210452,0.5862795080183526
Dominican Republic,1996,1,0.11443375873206417,0.425840306766841,0.1024100820315937,0.34404194999983795,0.9867260975303369
Dominican Republic,1997,1,-0.28714543953755495,0.7822238052404579,0.16365793959850872,0.521864101681849,1.1806004069832607
Dominican Republic,1998,1,-0.7870359397713766,0.6693646745077224,0.14739333277934388,1.647061879724489,1.6767839472401782
Dominican Republic,1999,1,0.17790967072152297,0.6344860162579541,0.06086647480852519,-0.08177539444899719,0.791486767339005
Dominican Republic,2000,1,-0.1125628668001938,0.5603772314790432,0.07091366414116418,0.5757457077262501,1.0944737365462638
Dominican Republic,2001,1,-0.024843371584589095,1.1917043287293243,0.5358910022605354,-0.7574260979966418,0.9453258614086288
Dominican Republic,2002,1,-1.329480409606107e-4,0.644991326563121,0.15564188177547847,0.19856368988339024,0.999063950181029
Dominican Republic,2003,1,-29.5477874226002,12.144315928058306,5.717657817058885,35.787999081501745,24.102185404018734
Dominican Republic,2004,1,-0.4069148807402477,1.4938894516081256,0.29144941252377765,-0.41146520039626544,0.9669587829953903
Dominican Republic,2005,1,-0.4328817837963781,1.1044308509997316,0.11463603167184984,0.31937741103787437,1.1055625099130777
Dominican Republic,2006,1,-0.23424239881055275,0.7776474240157195,0.10819075797343482,0.4543253598639581,1.10592114304256
Dominican Republic,2007,1,-0.16025241664875842,0.7347575116164946,0.12431370694889793,0.37428928792176247,1.0731080898383967
Dominican Republic,2008,1,-0.8875480555285405,1.1909662393116678,0.09058275558262176,0.6577064417027819,1.051707381068531
Dominican Republic,2009,1,1.5658515384889515,4.2425907787966555,0.5312380690905021,-5.150883373043418,1.1887970133326913
Dominican Republic,2010,1,-0.24688167413782017,0.6185492939431148,0.06432550972352341,0.5620033903905252,0.9979965199193432
Dominican Republic,2011,1,0.49726671007851525,1.0233450131785502,-0.08902470357753099,-0.46897920847382124,0.9626078112057133
Dominican Republic,2012,1,0.29373820307580695,0.5235735286013596,0.24267577123580153,-0.05410356937942368,1.0058839335335443
Dominican Republic,2013,1,0.5675923980986605,0.33880853725477555,0.13425159666652797,-0.07892705378356182,0.9617254782364022
Dominican Republic,2014,1,0.11129751919430313,0.5451297153823327,0.06463461156760232,0.25615536189982696,0.977217208044065
Dominican Republic,2015,1,-0.32626443656773857,0.661987506623127,0.10254072953654261,0.5684927166090539,1.0067565162009848
Dominican Republic,2016,1,-0.07917789340030838,0.6427630839949058,0.030115770727665688,0.3899528658745873,0.98365382719685035
Dominican Republic,2017,1,0.4327324852583692,0.6571868755296308,0.01742150411807373,-0.14705315351884557,0.9602877113872283
Dominican Republic,2018,1,-0.11793349703867671,0.5717265473264571,0.03822470395479795,0.48967739509682545,0.9816951493394039
Dominican Republic,2019,1,-0.2392632367621139,0.6356575628912182,0.11433845293178269,0.49253577380642793,1.003268552867315
Dominican Republic,2020,1,0.4435051499487044,0.34724949682292233,-0.0676542527171845,0.2145820816175957,0.9376824756720379
Dominican Republic,2021,1,0.004180017418561772,0.38516611652354443,5.194315068134568e-4,0.5731520606589885,0.9630176261079081
Dominican Republic,2022,1,-0.29528382775094486,0.7158069976985105,0.07368725182929511,0.5165784889830365,1.010788910759897
Dominican Republic,2023,1,-0.08584568973874704,0.7279434670865811,0.08925657236799094,0.264071322170525,0.99542567188635
Fiji,1970,1,-0.08330076499912924,0.685145918325588,0.09112349981026663,0.30290640581858047,0.9958750589553059
Fiji,1971,1,-0.06942901735593475,0.908689334522902,0.14492379169882255,0.596443109951733,1.580627218817523
Fiji,1972,1,0.006966285732353503,0.5492078334981992,0.1708030349239271,0.4686338738594135,1.1956110280138934
Fiji,1973,1,0.03348690605297473,1.2931348336170267,0,0.2385772469607185,1.56519898663072
Fiji,1974,1,-1.0974819590286458,1.1533364558917367,0.2656936240933229,-1.093479017768879,-0.771930896812465
Fiji,1975,1,-1.7170933441588494,0.4613345845368397,0.4782485036086646,1.0497398756159262,0.2722296196025811
Fiji,1976,1,-1.6913609235905231,0.7688909699406306,1.3948914569504274,0,0.4724215033005348
Fiji,1977,1,0.6819042580131647,0.51259398256035,0.19927020842194393,0,1.3937684489954587
Fiji,1978,1,-0.6388422961826551,4.811583566037235,0.11054411190906542,-0.39063516526490105,3.8926502164987435
Fiji,1979,1,0.12873100449327943,0.9312555396277393,0.22563885735852504,0.4197318087164437,1.7053572101959875
Fiji,1980,1,0.14536763736476283,-1.0031642393951044,0.11551065554825045,0.31899533889922393,-0.42329060758286713
Fiji,1981,1,-0.5565827788699511,-0.11729652407456073,-0.07282624092640413,0.4575769834007195,-0.2891285604701964
Fiji,1982,1,-2.618982403976584,2.4420382002985277,-0.6797626472091329,3.323765669508205,2.4670588186210165
Fiji,1983,1,1.6611747355493425,-0.3521044867575793,-0.1670788989786181,1.4923372691425236,2.634328618955669
Fiji,1984,1,0.9152886237644859,-0.15363426107327569,0.2001034323215621,-0.046434012555076336,0.9153237824576961
Fiji,1985,1,-0.9194465298499513,-0.8621773908372196,-0.039329555465956983,0.13221773893860284,-1.6887357372145249
Fiji,1986,1,-0.9848517832958363,-0.3919110307877123,-0.14991568122342425,0.19248075110193952,-1.3341977442050332
Fiji,1987,1,-0.05686464565317977,-0.4268177186931806,-0.27280138457021424,0.8313323539402312,0.07484860502365659
Fiji,1988,1,-1.5971519882895246,0.20461865945583302,0.40134788784734915,-0.47029477790346036,-1.4614802188898028
Fiji,1989,1,-0.5438699077380029,0.5582362747189235,-0.1372750920917516,0.452060173327956,0.32915144821712494
Fiji,1990,1,-0.9015164058512817,1.351213849939539,0.1956174702501586,0.3546899141459825,1.0000048284843983
Fiji,1991,1,-0.6382289610150081,1.6885196534850802,0.17307932198159842,-0.223365187990961,1.0000048264607093
Fiji,1992,1,0.020488598198439727,1.042937773896568,0.3098702181497231,-0.37329175729729064,1.00000483294744
Fiji,1993,1,-2.427978753809122,0.3384542277109479,0.46708861618495306,2.622440743393659,1.0000048334804381
Fiji,1994,1,0.7615069812097939,0.8062463997694543,-0.2562203211611324,-0.3115282301807555,1.0000048296373603
Fiji,1995,1,-0.24391273152709508,0.9436870908062108,0.06385265103227765,0.23637782946162889,1.0000048397730223
Fiji,1996,1,1.6139734392290037,-1.388903312620921,0.1086879423085231,0.6662467608576816,1.0000048297742876
Fiji,1997,1,0.6619358627812543,1.0416245429570972,-0.2624343984861916,-0.44112118124403216,1.0000048260081278
Fiji,1998,1,-0.05112867932776416,-6.271998946361032,0.6475654732933289,6.675566998344474,1.0000048459490063
Fiji,1999,1,-0.3340128377694746,1.1922364516690922,-0.011175332656626062,0.15295655010320314,1.0000048313461947
Fiji,2000,1,2.727781454343335,-4.863803219415891,-0.6295206104185209,3.765547208681319,1.0000048331902427
Fiji,2001,1,-1.5638961815530985,2.094579658237126,0.2771185879120107,0.1922027611154175,1.0000048257114558
Fiji,2002,1,1.7370274532033685,-1.8685886496400315,-8.124495109848545e-4,1.1323784880626198,1.000004842114972
Fiji,2003,1,-6.068319929724811,2.503203627148681,-0.02238356209059543,4.587504684520944,1.0000048198542189
Fiji,2004,1,-1.7303276803150096,2.343780742069056,-0.03533377226235654,0.4218855436624378,1.000004833154128
Fiji,2005,1,10.068553247063223,2.0368356985109863,0.4353689313928168,-11.540753045615727,1.0000048313512995
Fiji,2006,1,-4.648495749144075,4.173986950951314,1.6081235770775166,-0.1336099527830448,1.0000048261017103
Fiji,2007,1,-5.353618231577574,1.669418628245521,1.7206181431026617,2.9635862939392976,1.000004833709907
Fiji,2008,1,-3.7303205385233498,-0.5442257241891697,-1.3964512749904112,6.671002372265516,1.0000048345625845
Fiji,2009,1,-4.922841593705622,3.137612798644939,-0.7515484763182497,3.53678210546979,1.0000048340908583
Fiji,2010,1,1.1488127884942678,0.13641727563365938,-0.49612480722570407,0.21089957633631332,1.0000048332385365
Fiji,2011,1,0.10497477819158911,-1.1660321661531345,1.039669051914159,1.0213931692360123,1.0000048331886258
Fiji,2012,1,1.990797455903349,0.293997760409385,1.1838709598726238,-2.4676506284272017,1.001015547758156
Fiji,2013,1,-2.1410210622458417,0.442054957183048,0.23373529947643493,2.4649385314133694,0.9997077258270108
Fiji,2014,1,1.0917639622053201,0.5147024232427403,0.3893577379864876,-0.9950636946066483,1.0007604288278997
Fiji,2015,1,0.5477744249742698,-0.3487880992962614,0.23546527000116196,0.5645258139196491,0.9989774095988193
Fiji,2016,1,-0.18782821491625334,1.8145946592467783,-0.30592808330094207,-0.3203749307283696,1.0004634303012132
Fiji,2017,1,-0.25699219582744737,0.7310696087559871,0.25624422921063944,0.2720375437021945,1.0023591858413736
Fiji,2018,1,-0.7996572279516265,1.1887355887428657,0.49548162267423873,0.11032933419498399,0.9948893176604618
Fiji,2019,1,4.631046541761123,-5.478431828233339,-1.251599113300537,2.6052285354933606,0.5062441357206069
Fiji,2020,1,0.19665246801247754,0.3734811879104718,0.09600219984910668,0.3389368054282597,1.0050726612003158
Fiji,2021,1,1.8873087203434413,-0.4204534138911658,0.24136149036358812,-0.8090820183839181,0.8991347784319454
Fiji,2022,1,0.09483201962282356,0.860672618426135,0.048565807397469095,0.02023614953159176,1.0243065949780195
Fiji,2023,1,1.2808652815721984,0.8931478138847171,0.10572615548961115,-0.6628187720540061,1.6169204788925207
Grenada,1970,1,-0.10650435716903642,0.8402312825404683,0.19793218708266164,0.1238450586805548,1.0555041711346482
Grenada,1971,1,-0.12428635583300676,0.7287946283936363,0.1872184299281511,0.17872781217850045,0.9704545146672812
Grenada,1972,1,-0.09808688407570272,0.7102702813800799,0.22496488740050938,0.1299807819278527,0.9671290666327392
Grenada,1973,1,-0.18509961118152318,0.7129703844884078,0.20997806582873052,0.24046328857089042,0.9783121277065056
Grenada,1974,1,-0.07369146602141927,0.769229529026746,0.11711378164058209,0.15120087341063942,0.9638527180565483
Grenada,1975,1,0.13039740768691446,0.565917996208857,0.5218799631313703,-0.2801071418616725,0.9380882251654692
Grenada,1976,1,-0.4240116024833286,0.7172770861085636,0.17465881415989298,0.5411005806777694,1.0090248784628977
Grenada,1977,1,0.3727813602422007,0.9702872310538181,-0.20925352502337036,-0.22785173321895874,0.9059633330536896
Grenada,1978,1,0.2695849360345234,0.19924083468035877,1.2257897230477313,-0.7735598364462428,0.9210556573163706
Grenada,1979,1,-2.2732771559294296,0.9444686845167469,-0.4624811770911078,3.0375845717377667,1.2462949232339762
Grenada,1980,1,22.88765553332577,-19.47117966328588,-1.7062893268461512,-1.0040630234501349,0.7061235197436027
Grenada,1981,1,-14.873812871506402,-0.5490116706131098,-0.10842206833923418,18.622436819245433,3.0911902087866885
Grenada,1982,1,0.013455117403577563,0.5942019943741117,-0.10149587879620973,0.5210271681079299,1.0271884010894095
Grenada,1983,1,3.111855938083184,-1.0343439534825167,0.024898578827398595,-1.2556944690914713,0.8467160943365943
Grenada,1984,1,0.8871688808618828,1.0664778295890103,0.7169692523133716,-1.9004755366507597,0.770140426113505
Grenada,1985,1,-0.16123474977008076,0.8883132512392374,0.054555319052369156,0.162405823750361,0.9440396442718868
Grenada,1986,1,0.36028024261358876,-0.20054925447556057,0.06992619967019433,0.774101131891066,1.0037583196992885
Grenada,1987,1,-0.2335762396662999,0.23813660084801744,0.3713959284445629,0.6776277396065931,1.0535840292328735
Grenada,1988,1,0.6399475583485684,0.09611774918934494,-0.24846535701692798,0.5167536825842122,1.0043536331051977
Grenada,1989,1,-0.5179812626373269,0.31961548035546117,0.8195809666160423,0.4492684222700871,1.0704836066042636
Grenada,1990,1,-0.27078818479857575,0.05604867271405287,0.0504507552056566,1.2429158628685804,1.078627105989714
Grenada,1991,1,-0.47074624817886096,1.1958305869840733,-0.0334147144270633,0.3026881520320335,0.9943577764101825
Grenada,1992,1,-18.18080881537866,-15.926814110175052,7.7010205051272616,31.201627575171432,4.79502515474498
Grenada,1993,1,1.2033342563858966,-0.18347227284594456,0.38198030247527626,-0.36284144590234807,1.0390008401128803
Grenada,1994,1,1.5877545362951584,-2.64512191327693,0.036003739656450706,2.2635175441343303,1.2421539068090093
Grenada,1995,1,1.5780924055153265,1.3605943460992276,-0.4347290492704518,-1.542484553836265,0.9614731485078372
Grenada,1996,1,-2.478520245647956,2.223069879884604,0.10554312971914137,1.1281590827453156,0.978251846701105
Grenada,1997,1,-0.6165227961174135,0.9075046127745554,0.09671912037688536,0.6290940747210947,1.0167950117551219
Grenada,1998,1,-0.4146714486848777,0.8233484587615173,0.15990326422512313,0.4157394555047878,0.9843197298065507
Grenada,1999,1,1.5251855091211224,-1.4740045917858084,-0.012601197249076131,1.0392977528145695,1.0778774729008074
Grenada,2000,1,-0.4057170940213035,2.573711977933703,-0.5086628512098573,-0.8261493608163171,0.8331826718862254
Grenada,2001,1,0.5335337408229726,-3.4147781198420084,-0.27892101732366326,4.044884758323425,0.884719361980726
Grenada,2002,1,-0.836817827388628,2.3117789963455806,0.07889120303356685,-0.5015720730425672,1.0522802989479523
Grenada,2003,1,-0.6230405002506959,0.5455517846330988,0.043989485661227935,1.045397366984793,1.0118981370284237
Grenada,2004,1,-3.199944885968274,8.009212296015654,-2.7791104391312302,-0.9454658827792606,1.0846910881368892
Grenada,2005,1,-1.4514885025439026,1.1059576341106279,0.09753065791283648,1.3027189705047693,1.054718759984331
Grenada,2006,1,-0.6214874675307982,-1.5099831926312397,0.13440242816036024,3.030245646281242,1.0331774142795644
Grenada,2007,1,0.3925066966875286,0.077674576215141,0.17637539623228699,0.3199434434256748,0.9665001125606314
Grenada,2008,1,0.1499336359975052,3.223638079341192,2.000450829040884,-4.280714615572637,1.093307928806944
Grenada,2009,1,-1.2540331298545506,0.8988231108591799,0.06616960600994262,1.3106570254150054,1.0216166124295774
Grenada,2010,1,5.694996294786286,-8.127137741875313,-1.053479374317325,4.309547300235198,0.8239264788288461
Grenada,2011,1,-0.5585432817949523,4.285463450657632,-0.2436803372912777,-2.5488553849244804,0.9343844466469218
Grenada,2012,1,-1.8619842972860396,-0.08619740650345141,-0.2501269660961504,3.250557641099247,1.0522489712136058
Grenada,2013,1,-0.7727104308877302,-0.1554568556494714,0.1902475297449828,1.7593720351892976,1.021452278397079
Grenada,2014,1,3.317789374058265,-1.6287625549706837,-0.360194621732722,-0.148179277591782,1.1806529197630775
Grenada,2015,1,0.22092439441171535,0.10457594803013569,0.03395451559228874,0.4486627705805258,0.8081176286146656
Grenada,2016,1,-0.11614606215444732,0.8375927885281828,0.17034249654198336,0.14567313449235875,1.0374623574080777
Grenada,2017,1,-0.5326181852756086,0.32569445247731393,0.04666131446526041,1.0291272830985867,0.8688648647655525
Grenada,2018,1,-0.42800641020273705,0.3910030488085895,0.18943915272155315,0.6131148246995507,0.7655506160269563
Grenada,2019,1,1.2492826679330562,-1.1447359006858966,-0.4364401313994578,1.1862723360110263,0.8543789718587281
Grenada,2020,1,0.5638794409980122,0.5116452949305369,0.1023205493721953,-0.22105739647457676,0.9567878888261676
Grenada,2021,1,0.6825536975799158,0.39433156208874925,0.09574199642052408,-0.19179791128439314,0.980829344804796
Grenada,2022,1,0.0901975690039875,0.6485632690461108,0.11894391283398748,0.15051231750681693,1.0082170683909029
Grenada,2023,1,-0.7614962670773832,-2.4724771031817134,-0.47505473243865515,4.733780944606826,1.0247528419090743
Guinea-Bissau,1970,1,-0.04164646423372773,0.5676487737726729,0.038343467607707536,0.5919183651726011,1.1562641423192537
Guinea-Bissau,1971,1,0.5004561152199689,-0.11065262396856061,-0.2521807652441598,0.38504468370899286,0.5226674097162414
Guinea-Bissau,1972,1,-0.3759144320926653,1.079754313173223,0.45864900412458537,-0.3362681475573611,0.8262207376477819
Guinea-Bissau,1973,1,-3.0854388738452663,2.6408505341543607,1.9995988911511133,-0.8291892195708952,0.7258213318893123
Guinea-Bissau,1974,1,-0.09607802830696151,0.9969729950539389,0.47752639016484455,-0.40954853786326534,0.9688728190485565
Guinea-Bissau,1975,1,1.029586348056117,-0.2652520635795272,-0.07896260198988804,-0.015097741804973303,0.6702739406817284
Guinea-Bissau,1976,1,-0.46038101253672664,0.3974839488149103,0.7439745899190366,0.1901238812835353,0.8712014074807555
Guinea-Bissau,1977,1,0.10197272341898095,0.2339501507469612,1.2178872474734608,-0.16559919164800588,1.388210929991397
Guinea-Bissau,1978,1,-0.4498354652491661,0.5301876666378885,0.4635065652678932,0.20479777075360883,0.7486565374102245
Guinea-Bissau,1979,1,-2.2652512176918176,1.793126796971955,0.8877818115443192,0.16345202802785969,0.5791094188523163
Guinea-Bissau,1980,1,-0.3376627892932245,1.0821277863660441,-0.07025919576643765,-0.06540039551830683,0.608805405788075
Guinea-Bissau,1981,1,-24.145282953861138,-19.18454066401553,14.18755451127868,11.923045561100281,-17.219223545497705
Guinea-Bissau,1982,1,-1.122699047820041,2.6390474927323258,0.10834540967781789,0.33194349338094276,1.9566373479710453
Guinea-Bissau,1983,1,-1.3087337454369585,-0.3119900430980592,0.9625265629879459,0.5824487724383869,-0.07574845310868494
Guinea-Bissau,1984,1,-1.479510607848303,2.1957310135838495,-0.4575528810082098,0.7616853975415793,1.020352922268916
Guinea-Bissau,1985,1,1.1531361708937609,4.030714466103928,-1.2344638940647024,-0.5888445637427475,3.360542179190239
Guinea-Bissau,1986,1,-1.0925270251003458,3.1018550592956866,-2.0929171499374313,1.2752810020649217,1.1916918863228312
Guinea-Bissau,1987,1,-0.5864093191914386,0.9001034949384836,-0.2619889911728088,0.26790915324915643,0.31961433782339266
Guinea-Bissau,1988,1,-0.9499337858864856,1.5052472478720822,0.13710265611450712,0.43669087526728306,1.129106993367387
Guinea-Bissau,1989,1,0.3647630903593428,0.43893862769155484,0.12166197626134341,-0.13728731338982503,0.788076380922416
Guinea-Bissau,1990,1,0.047317956929218107,0.9296047836408964,-0.10642189396051675,-0.03294086169890531,0.8375599849106925
Guinea-Bissau,1991,1,-0.028500187431738055,0.8663168144744523,-0.02847592109616448,0.032462678665605066,0.8418033846121548
Guinea-Bissau,1992,1,-3.4507747139584843,1.3609035627505566,-0.5266968641587545,1.114232178224307,-1.5023358371423754
Guinea-Bissau,1993,1,5.461060536381969,0.5166698623365421,-0.7889868859661034,-1.6915559465031929,3.4971875662492145
Guinea-Bissau,1994,1,0.915504566845317,2.1220468345735135,0.10251673267515161,-0.09009220791797004,3.049975926176012
Guinea-Bissau,1995,1,-0.9331442557765137,2.869596070178166,-0.10962325342365054,-0.3593307049667826,1.467497856011219
Guinea-Bissau,1996,1,0.20371550854790574,0.2503149541687216,0.1263963382292815,-0.161929143100477,0.41849765784543186
Guinea-Bissau,1997,1,0.001627468106072618,-0.23693970302185624,0.5408273985728763,0.38309038668821926,0.6886055503453119
Guinea-Bissau,1998,1,-0.15968890220211912,0.8054890195693916,-0.009718008221956514,0.3065704039553475,0.9426525131006636
Guinea-Bissau,1999,1,0.3604635192389825,0.3204514230704728,0.3238045702936562,0.01116152704541373,1.0158810396485252
Guinea-Bissau,2000,1,-13.306088614862102,15.24450889639662,6.207190616713112,-11.009989459959685,-2.864378561712055
Guinea-Bissau,2001,1,-0.6044532765942953,2.433785835925595,-0.22743779837167444,-0.1872312811297258,1.4146634798298994
Guinea-Bissau,2002,1,0.5770752359757093,1.471472223871788,0.5576692725090376,-0.7792565877581662,1.826960144598369
Guinea-Bissau,2003,1,4.012085292025816,-13.3553076509799,4.108117673251589,2.4577870129591095,-2.7773176727433855
Guinea-Bissau,2004,1,-1.3321232327764763,4.547805368642037,-0.7077748101042236,-0.6388861255402877,1.8690212002210498
Guinea-Bissau,2005,1,1.301738854292713,-0.6649872068603417,0.30998819999063754,-0.02173747254257709,0.9250023748804318
Guinea-Bissau,2006,1,-2.098901163264371,3.0503122819459434,-0.03325881509758341,0.004982246547766749,0.9231345501317558
Guinea-Bissau,2007,1,0.548382954253016,0.3271855076616818,0.21333446144603951,0.5656338765744316,1.654536799935169
Guinea-Bissau,2008,1,-0.5669271008802733,2.933008121127341,-0.6029597993414906,-0.3500644645779198,1.4130567563276575
Guinea-Bissau,2009,1,0.8605957698662798,-1.03273184542586,0.9408653006345045,0.09577655798929369,0.864505783064218
Guinea-Bissau,2010,1,-0.45314949670138477,1.1177412552360173,0.15418127985316624,0.13931468186175747,0.9580877202495564
Guinea-Bissau,2011,1,0.5363271074608386,0.4459569336606716,0.0822144987485986,-0.01585341552147002,1.0486451243486385
Guinea-Bissau,2012,1,0.7350339503588369,2.10953071877022,0.6476527744632018,-0.8277510568726507,2.6644663867196083
Guinea-Bissau,2013,1,1.2500449678960555,-0.053438513942323504,0.25074243463590995,-0.23162530125597583,1.215723587333666
Guinea-Bissau,2014,1,-4.961761469345181,2.073771655674089,3.3650235518638287,0.8578642745415203,1.3348980127342571
Guinea-Bissau,2015,1,-0.3393009095256786,1.4776425500728494,0.2913966804941879,-0.2763226649451713,1.1534156560961875
Guinea-Bissau,2016,1,-1.0631772138909876,2.0058446638632743,-0.06939634887931594,0.08790534666316746,0.9611764477561384
Guinea-Bissau,2017,1,-0.9478778153017237,0.9599107637262858,0.4483168937622752,0.28779779809525485,0.7481476402820922
Guinea-Bissau,2018,1,1.2338451465606615,2.0022229423264912,0.2658205681998985,0.12833156647701696,3.630220223564068
Guinea-Bissau,2019,1,-0.323028474849383,-0.9266220133636646,-0.2414958511752747,-0.2788736917755381,-1.7700200311638603
Guinea-Bissau,2020,1,-1.1604596230079656,-0.025014020721010236,0.2155574715143282,0.7559243366349655,-0.21399183557968215
Guinea-Bissau,2021,1,1.3968676444441173,-0.8308474399374859,-0.1551515837132025,0.08908174474148806,0.4999503655349169
Guinea-Bissau,2022,1,-1.0447208806920336,2.5667415816143433,0.42117416744219516,-0.06932492569983471,1.87386994266467
Guinea-Bissau,2023,1,0.5079184668781498,0.23310273728498285,0.050721020380991626,0.033596519963203945,0.8253387445073281
Guyana,1970,1,-0.4319570172801658,1.189120239164955,0.304310712898032,-0.4401883972823376,0.6212855375004837
Guyana,1971,1,0.7851304863143289,0.4960747583852167,0.3481795146814492,-0.8013554464686121,0.8280293129123827
Guyana,1972,1,1.2421419593676726,0.11052214940181028,-0.34573957234863206,-0.2584205541326029,0.7485039822882479
Guyana,1973,1,-4.484045872988739,3.937535390566572,2.070282050430811,2.856054238510367,4.37982580651901
Guyana,1974,1,1.378399666204047,-1.3329446721130835,-0.591053003229471,0.09255204745117791,-0.4530459616873297
Guyana,1975,1,-0.008580570642277612,-0.16619428828678418,0.2805522641940731,0.6067898458035955,0.7125672510686069
Guyana,1976,1,-4.427399567917915,5.8125206980091635,2.0108012046983226,1.1727358984573342,4.5686582332469055
Guyana,1977,1,-1.7417297958680094,0.08799110110138156,0.7292416651337115,2.170455181105053,1.2459581514721367
Guyana,1978,1,-4.137599109036908,3.806488558690851,1.0020353549737875,3.0954470387246613,3.766371843352392
Guyana,1979,1,2.722455839840446,2.8036732149532497,-0.8370342764582731,-3.3870813781034133,1.3020134002320094
Guyana,1980,1,-0.21201064961090793,0.4842874258474213,1.1435273491444482,-0.2548546405559408,1.1609494848250206
Guyana,1981,1,-3.0123611342211776,4.823760653706676,0.4015360140266969,1.6384457785039697,3.8513813120161657
Guyana,1982,1,-0.16810600175140797,0.48530092438773204,0.15760826640118342,0.4932000871318019,0.9680032761693094
Guyana,1983,1,0.20048921349014198,0.7827940955079795,-0.10879036856255171,0.09006856810051778,0.9645615085360875
Guyana,1984,1,-0.6203643886949677,2.107088905240539,0.3508426615995441,0.6684153078553994,2.505982486000515
Guyana,1985,1,0.9291696485173148,0.18613561799807535,1.0828734213612268,-0.40882316152687975,1.7893555263497372
Guyana,1986,1,0.4635504944782262,12.545134529336584,-2.4109192304343487,-3.6784164998382383,6.919349293542223
Guyana,1987,1,-1.6764141734765832,8.997397195982296,-7.561872424039342,5.129420149479618,4.888530747945989
Guyana,1988,1,-1.18599486516223,-0.6625767754061771,0.22208643332455777,2.1619258876178584,0.535440680374009
Guyana,1989,1,0.6787701623639733,-8.870469019590245e-4,1.57714517280032,-1.3982160398961578,0.8568122483661764
Guyana,1990,1,3.497294322435353,-0.4399609812457543,0.6736941224766987,-1.3974241791772584,2.333603284489039
Guyana,1991,1,1.1070660818146087,-0.4974001442965439,-0.11290079380926639,-0.5131425093015167,-0.016377365592718185
Guyana,1992,1,-0.5854949056250569,-0.14403403653088884,0.231964045802174,1.8150203226024635,1.3174554262486917
Guyana,1993,1,-0.39690225141107727,0.452384138464838,0.14905097812499735,0.19361673806521185,0.39814960324396986
Guyana,1994,1,0.9337304666796181,0.39704913433745354,0.1898086220121102,-0.1891999926207839,1.331388230408398
Guyana,1995,1,0.15689554553895596,0.18279103536725616,0.13715248478540956,0.2664843813102011,0.7433234470018228
Guyana,1996,1,0.23906957662084793,0.2905543221326041,0.23286289988881204,0.15218309294866347,0.9146698915909276
Guyana,1997,1,-0.5655628263010517,0.6215457344205878,0.4172751658036712,0.30633533282235187,0.779593406745559
Guyana,1998,1,0.8619081107340437,-2.4208654445477276,-0.2509766756661448,1.2470385468019332,-0.5628954626778954
Guyana,1999,1,0.7921916815229733,-1.7030162762320942,0.7389479372389002,-0.3852450456856002,-0.5571217031558209
Guyana,2000,1,4.64917116721886,-4.883920963991593,-1.3386079198910625,0.23501554611973055,-1.338342170544065
Guyana,2001,1,0.0457769936373135,1.3302698694027346,-0.12403111989040998,0.2416916275363172,1.4937073706859554
Guyana,2002,1,0.1419087073414351,0.024090367303059537,0.21123749333852018,0.20790533122367905,0.5851418992066939
Guyana,2003,1,0.15629185396243445,0.44120487233075717,0.37733544577442013,-0.03448997971157841,0.9403421923560333
Guyana,2004,1,-0.25551259305997964,1.1591149454004988,0.03847318459627644,0.04500384148308926,0.9870793784198849
Guyana,2005,1,-2.3870848666727884,4.623554023134939,0.4403013595634975,0.23229426416298343,2.909064780188631
Guyana,2006,1,-0.5953747584968806,0.09196559930517073,0.030167650801370995,0.8586825054428467,0.3854409970525079
Guyana,2007,1,-0.48937873959348904,1.8812740986533723,0.15030356523668795,-0.2678116302886865,1.2743872940078849
Guyana,2008,1,-2.913068542787608,3.7636851617580946,0.3133557639687518,-0.1713888416175509,0.9925835413216872
Guyana,2009,1,1.8537746969914222,-2.2317425112550002,0.36526868382325256,1.0128220718498309,1.0001229414095054
Guyana,2010,1,-0.934431071753765,2.0859849106966846,-0.10478830812172153,-0.04687122249036078,0.9998943083308373
Guyana,2011,1,-0.7268571884299073,1.5607141829696536,0.21888042950120176,-0.05269328463938127,1.0000441394015667
Guyana,2012,1,0.013744963434379266,0.8353095979531764,-0.2954106270244903,0.4463213603311197,0.9999652946941852
Guyana,2013,1,-0.1645728445037824,1.7163492708102688,0.9067868718027671,-1.4585813879331915,0.9999819101760619
Guyana,2014,1,-1.1478204616620153,-5.530201958803863,0.7634493352431516,6.094017476121273,0.17944439089854636
Guyana,2015,1,16.730185069641852,-8.582314540230634,0.2046463843095367,-7.31835277176741,1.0341641419533456
Guyana,2016,1,2.6570213247297514,-2.762745935979652,0.30685308646691234,2.0633924239494874,2.2645208991664996
Guyana,2017,1,-2.4408537428931325,1.8043732900685598,0.1003009464306375,0.5472384350569376,0.011058928663002732
Guyana,2018,1,0.053349789819767235,0.4330613204321312,0.5799140552947583,-0.04830579285710294,1.0180193726895537
Guyana,2019,1,-12.95098661842584,13.398476861313815,3.481743887010168,-2.885802203045668,1.0434319268524757
Guyana,2020,1,0.9696664524110241,0.03488189802223846,0.005157219490263157,-0.009705569923302007,1.0000000000002238
Guyana,2021,1,-0.7160922800331984,1.263935204842424,0.3729342665054522,0.07922280868182084,0.9999999999964986
Guyana,2022,1,1.2665650995532998,-0.29772663496228335,-0.08593450577673943,0.11709604118519192,0.9999999999994689
Guyana,2023,1,0.017393867751667697,0.5559674684764202,0.15220363363190484,0.2744350301370904,0.9999999999970831
Haiti,1970,1,0.2809050730462757,0.510502961950466,0.1607453818153029,0.1383109622703185,1.090464379082363
Haiti,1971,1,0.04628371389957765,-0.037695310123435605,0.040546144801231435,0.05676678990928873,0.10590133848666222
Haiti,1972,1,-0.2479446388595033,0.1680120249588889,-0.455144088279469,2.828608055659529,2.2935313534794455
Haiti,1973,1,-0.10431650015008251,0.29642283310283746,-0.02875669920739681,0.894218390045415,1.0575680237907732
Haiti,1974,1,-0.09074655089591785,0.6242866145749019,-0.05064162398997534,0.8637587410273012,1.34665718071631
Haiti,1975,1,-0.4113251646412571,0.8724310210676094,0.1890331524440321,1.2178728988305385,1.868011907700923
Haiti,1976,1,-0.35853410791297186,1.0248229363722294,0.04538873629057314,0.4290469090615792,1.14072447381141
Haiti,1977,1,-2.5384286478855915,4.501061267229928,0.2616350738563104,4.882716235985827,7.106983929186471
Haiti,1978,1,-0.17456948645365686,0.36671985491137127,0.15187730958395934,0.27957172724147833,0.6235994052831522
Haiti,1979,1,0.08393854439008472,0.12797721821049707,0.020088446359101373,0.7627139589657749,0.9947181679254581
Haiti,1980,1,-0.2891962720476998,0.7330206674625301,0.12630330787352972,0.06245228458220615,0.6325799878705662
Haiti,1981,1,0.11972535935303891,0.1930119731627548,-0.016048407127132777,-0.08088340008734474,0.2158055253013162
Haiti,1982,1,-0.5082740531714082,1.6062889399077478,0.12397927411254613,0.6050498516981058,1.8270440125469913
Haiti,1983,1,-0.37413059966844414,0.8060729585899337,-0.29573845293495266,1.7678800233322178,1.9040839293187546
Haiti,1984,1,-2.633785714667566,2.2753106652414687,1.1474601439187995,5.067922759548504,5.856907854041207
Haiti,1985,1,-0.5367462666596315,-0.7598890280857786,0.6583417319663833,6.5411561756991565,5.9028626129201305
Haiti,1986,1,-1.8219672033141687,-2.6263538779574542,0.6691657853406736,6.1875801201310665,2.408424824200117
Haiti,1987,1,1.3118988547802657,-0.7925566540214277,0.9442434307572963,-0.4652315844175094,0.9983540470986249
Haiti,1988,1,0.06372187359462417,0.7700055710952223,0.13004168856210768,-0.5163837459376324,0.44738538731432176
Haiti,1989,1,1.1017864232209322,-0.9106356644149582,0.2340351303779381,-2.690310209242443,-2.265124320058531
Haiti,1990,1,-0.4265182851433861,1.115817671822455,0.07300701678693004,0.2406973206114866,1.0030037240774856
Haiti,1991,1,0.22546836601468176,0.043794458948669464,0.1465779253398859,-0.017175021145196038,0.3986657291580411
Haiti,1992,1,-0.3867169641696731,0.713094992546568,-0.3653163654358503,1.0427135131689045,1.0037751761099494
Haiti,1993,1,2.401024891617591,-5.917778014721185,-0.3949708867117791,4.982270063962027,1.0705460541466538
Haiti,1994,1,-0.17805510395601826,0.4154344555074609,-0.06434873328241054,0.7482602668473326,0.9212908851163646
Haiti,1995,1,-0.43051139899988755,0.9922904423699901,0.02482052226409847,0.8300401318206418,1.4166396974548428
Haiti,1996,1,-0.49055366925064037,1.5753716872611987,0.05452772971982089,0.14683368840946262,1.2861794361398418
Haiti,1997,1,-0.13409309708385456,0.8724309614999846,0.051893611623736006,0.06620421049540864,0.8564356865352746
Haiti,1998,1,-0.1020350661289479,0.9605828405190275,0.06818502125984742,-0.22428466855009122,0.7024481270998358
Haiti,1999,1,-0.4960516766287882,1.5617251019476064,0.05406321077567561,0.405936300647128,1.5256729367416217
Haiti,2000,1,-1.069412454012242,3.909399194766871,-0.29706820965764047,0.42866073158617535,2.9715792626831634
Haiti,2001,1,-1.974705339912506,-1.6602080964285635,-2.0520222953237,5.853858175173996,0.16692244350922603
Haiti,2002,1,0.9988575613464334,0.6395437294654593,0.9806506421964748,-1.487514622383934,1.1315373106244335
Haiti,2003,1,-0.04248725524360313,0.7047928048659439,0.042337947405125836,0.38104449827714115,1.0856879953046077
Haiti,2004,1,0.395592520236619,0.9655624919140273,0.14693281449047385,-0.39465854996261973,1.1134292766785006
Haiti,2005,1,0.26651920230760273,0.9242970565447546,-0.25838344246935224,0.04759805722625656,0.9800308736092617
Haiti,2006,1,-2.2101957068349525,0.6186635306728977,0.03600354983461769,2.157474420053527,0.6019457937260904
Haiti,2007,1,0.5533392121469026,0.5839500235754835,0.07122325354459828,-0.11347710638374402,1.0950353828832404
Haiti,2008,1,-0.910174260451545,0.2508713924150404,0.43509037998447936,1.0995145124988916,0.8753020244468663
Haiti,2009,1,-0.14474086229718694,1.6255946915322945,0.02001043052623169,-0.40809637492280243,1.092767884838537
Haiti,2010,1,2.7899104953089986,0.738397938752662,-0.11637586513790503,-2.147876617651637,1.2640559512721186
Haiti,2011,1,1.5773818340416905,0.659848613839505,0.08501800133331705,-0.9534683549289643,1.3687800942855484
Haiti,2012,1,4.519070201358509,2.0927336227941895,1.213254540273859,-6.141512297794651,1.6835460666319064
Haiti,2013,1,-0.6054197669989909,1.2383013940840717,0.02882094827177285,0.33930687144913946,1.0010094468059931
Haiti,2014,1,0.45194629067675873,-0.007029631052542248,0.17398632305509262,0.32918038820965057,0.9480833708889597
Haiti,2015,1,-1.246134695516139,2.9760461988919387,0.8205908995210028,-1.2776880309570007,1.272814371939802
Haiti,2016,1,-2.657767300467457,2.9654461648393533,0.3559406974388225,0.34079278138862684,1.0044123431993457
Haiti,2017,1,-1.6453906105857428,2.003791951574771,0.05139077346883408,0.5851360388103966,0.9949281532682588
Haiti,2018,1,-1.1050191049384872,2.515489792847102,0.2168491329803574,-0.488910215854144,1.1384096050348278
Haiti,2019,1,1.1778364513144877,0.6228455845434758,0.44101874657198814,-1.1157619667886431,1.1259388156413084
Haiti,2020,1,-1.0615236247889903,1.3056743154149586,-0.28049627159830354,1.1767110826876312,1.1403655017152958
Haiti,2021,1,-0.42200220598634597,-0.6736223650854228,-0.5012996381634678,2.0622068812373926,0.4652826720021561
Haiti,2022,1,0.9287238394467847,0.4568516334985214,-1.1097047437101082,0.5609064703093286,0.8367771995445266
Haiti,2023,1,0.3747473631786577,-0.0456164485365877,-0.22786693047467832,0.8284039709401848,0.9296679551075764
Jamaica,1970,1,-1.1275873200558282,2.4933832799876905,0.29221667084310426,-0.6680045576026544,0.9900080731723122
Jamaica,1971,1,-0.5094446324441034,1.0892165253712922,0.20240868654319294,0.5327399698689761,1.3149205493393579
Jamaica,1972,1,-0.0832551873192138,0.9859460583710895,0.15900748927659733,-0.24957930699486178,0.8121190533336113
Jamaica,1973,1,-1.1221093716116626,-2.426447104708226,1.1886016831897883,4.04213561238762,1.6821808192575192
Jamaica,1974,1,-0.2072442219026608,-0.6163185339000333,-0.13833663066590315,2.516927865874641,1.5550284794060436
Jamaica,1975,1,14.403547416130401,-1.7882010302584497,-0.5245153459695129,-9.161972803662344,2.928858236240094
Jamaica,1976,1,-0.1969391053676643,0.04994552177690647,-0.21965433307067214,1.5243553840809492,1.1577074674195191
Jamaica,1977,1,-1.8181419230120017,0.9511415583871062,-0.0544997635024115,3.3010774954583146,2.3795773673310077
Jamaica,1978,1,3.232658030713544,-8.67803440776707,0.9228641385145904,4.922108992448321,0.399596753909385
Jamaica,1979,1,-0.6705738998398665,2.2791760699666064,0.06080447220115247,0.4454526167203542,2.114859259048247
Jamaica,1980,1,-0.005425016676879586,0.4944370639802443,0.09960768620613038,0.7439896469622765,1.3326093804717716
Jamaica,1981,1,-0.45784278459768984,0.4246303161590936,0.117624605705457,1.346777794645207,1.431189931912068
Jamaica,1982,1,-1.5988559794942763,1.3733932715875536,0.4194627356226401,0.8003876307252231,0.9943876584411404
Jamaica,1983,1,0.3910495481603041,1.9115670264989066,-0.06145828368249405,0.30899696437545143,2.550155255352168
Jamaica,1984,1,-0.3831437910975651,-2.227013649483764,1.1179231872905935,2.2620066931243112,0.7697724398335757
Jamaica,1985,1,0.12480968885662967,0.2378208534909015,0.09014115640146965,-0.02181894366982218,0.4309527550791787
Jamaica,1986,1,1.9891080007891058,-0.9660983290396642,0.044078322900896645,-1.7202012822026491,-0.6531132875523109
Jamaica,1987,1,-0.058683741665678364,0.7741801387161197,0.08700501020352049,0.5235059177060306,1.3260073249599922
Jamaica,1988,1,-2.2801852087239354,1.9277451397835315,0.3912079056601585,1.0610063106437901,1.099774147363545
Jamaica,1989,1,0.009553466564605095,0.5102397541141831,-0.10868539520715258,0.5703465845474717,0.9814544100191073
Jamaica,1990,1,0.736063841220388,-0.203317969239756,0.13135336296816907,0.09079432736763413,0.7548935623164352
Jamaica,1991,1,2.3670489993472685,1.0049532996632327,-1.3775051603569632,-1.3115303059978218,0.6829668326557161
Jamaica,1992,1,0.1762491361376354,0.3591562712466573,-0.13251659552346218,0.613535565738958,1.0164243775997885
Jamaica,1993,1,-3.241895384590249,3.0662554271269147,1.1822838145644523,0.5178610393677298,1.524504896468848
Jamaica,1994,1,-8.209454523608839,10.0742916367557,-1.242160936271053,-0.9121494846541045,-0.28947330777829716
Jamaica,1995,1,-4.298230591914008,3.9469419082715995,0.7600760737868026,1.2506015208489043,1.6593889109932984
Jamaica,1996,1,-4.393030935224785,0.4342637260494817,6.179074900604162,1.1935873894434095,3.413895080872268
Jamaica,1997,1,-0.17789081678491644,1.9388020939975692,-1.4339679621487025,0.11388416247784422,0.4408274775417944
Jamaica,1998,1,-0.5314014169978571,-0.7246507874347093,-0.8228036738484588,2.7477824161247546,0.6689265378437292
Jamaica,1999,1,1.2894258698448102,1.8370866710490341,-0.9813940632025803,-1.1394398286010519,1.0056786490902123
Jamaica,2000,1,-8.595943581195604,5.6887891426312285,0.7032277261204485,3.4153220555752695,1.2113953431313433
Jamaica,2001,1,-1.2440819260626714,-0.006126159275155938,0.37241692312488406,2.145079626263872,1.2672884640509285
Jamaica,2002,1,-3.5884672585836466,1.8865438081072021,0.8367970276015119,2.4319137145722993,1.5667872916973673
Jamaica,2003,1,0.043276902264282616,0.8516433622487628,0.0024206316419261415,-0.03488539020978585,0.8624555059451857
Jamaica,2004,1,0.24052238829640513,1.1323196279272894,-0.8671480848112383,0.4304228101427678,0.9361167415552241
Jamaica,2005,1,-6.385933109098161,5.496034283606662,1.60896192713137,0.8007782602870116,1.5198413619268818
Jamaica,2006,1,-0.679215967515641,0.6053893762298667,0.027728723351997074,0.7944564297889181,0.7483585618551408
Jamaica,2007,1,-1.1531882013081862,2.445720189901518,0.8313250845610564,-1.0157165515077258,1.1081405216466624
Jamaica,2008,1,1.7906146820712716,-3.2615633584592465,-0.23693873560622897,2.62093724006862,0.9130498280744164
Jamaica,2009,1,-2.6540773553402026,2.2620427375572167,0.225740613755115,1.0445894492744798,0.878295445246609
Jamaica,2010,1,-0.07163585596165359,0.7002401104251753,-0.01855982203857741,0.2939263896260762,0.9039708220510205
Jamaica,2011,1,-1.551471902606832,1.83052131781394,-0.12578029586171563,1.082885998415016,1.2361551177604084
Jamaica,2012,1,-2.6068498487701923,1.3556334467920774,-0.04209340526627007,2.096441874712327,0.8031320674679416
Jamaica,2013,1,0.29452376108213485,-1.116937815035056,-0.7876691707201853,2.2426210051924786,0.6325377805193723
Jamaica,2014,1,0.48650080837272974,-1.0206533430291278,-0.09073792793350594,1.2389905180694343,0.6141000554795303
Jamaica,2015,1,2.518991266830506,-0.09029401963767249,-0.02249090885947839,-1.527265615123811,0.8789407232095439
Jamaica,2016,1,0.6903447164969372,-0.09306242437011887,0.1325421761729162,-0.016028404395358752,0.7137960639043758
Jamaica,2017,1,-1.0997194079999326,0.9392875130197401,0.09819064870380446,1.2994287177828983,1.2371874715065105
Jamaica,2018,1,-0.14053223300167952,0.41858347049376565,-0.0171155559859906,0.45192485123809817,0.7128605327441938
Jamaica,2019,1,-0.9576206454615999,0.9095022089397505,0.26537917363651126,0.6458202347890117,0.8630809719036736
Jamaica,2020,1,-0.030327107062469667,0.14897972441683338,0.026515915598144785,0.350506844950241,0.4956753779027495
Jamaica,2021,1,-0.036890210081398166,0.9404017743068918,0.1544597849871305,0.2765854223813328,1.334556771593957
Jamaica,2022,1,-0.0833101458697684,0.45315828942585235,0.08182845914241835,0.09227477707474448,0.5439513797732468
Jamaica,2023,1,-0.10965852666248035,0.07547971380713947,0.010410135431097995,-0.2056466131968965,-0.2294152906211394
Kiribati,1970,1,-0.1728526613094993,0.8349265936423139,0.14132804466865348,0.20424341411177308,1.0076453911132413
Kiribati,1971,1,-0.6262551226693615,0.8654236575099385,0.43429433497000164,0.21310832268651872,0.8865711924970975
Kiribati,1972,1,-3.4645821807874215,2.6968310412438354,1.1733199032974673,0.2729070052419048,0.6784757689957859
Kiribati,1973,1,1.2846585176669651,-0.39855529864497985,-0.055196718148360656,0.21031268590603946,1.041219186779664
Kiribati,1974,1,1.020743609169028,0.022054016021602483,-0.051612903185170686,-0.08686469050492981,0.9043200315005301
Kiribati,1975,1,5.906051033153532,-2.136722904985152,-0.2522638870742155,-1.770851584177346,1.7462126569168186
Kiribati,1976,1,0.47707623478775174,0.27899438836893464,0.13575604969411326,0.01366541260471861,0.9054920854555182
Kiribati,1977,1,0.9011273215749,0.0782945747831732,0.10786862423327583,-0.24990248474849194,0.8373880358428571
Kiribati,1978,1,1.6821686333778036,-0.29494766920227966,0.05998866357411344,-0.9134061059081854,0.5338035218414521
Kiribati,1979,1,0.29856701698871946,0.3193556212400705,0.12371652522866058,0.19123474076380126,0.9328739042212518
Kiribati,1980,1,62.79974714418044,-31.004693454920343,-12.524524827116437,-19.580008459803214,-0.30947959765955346
Kiribati,1981,1,-2.3355391666562637,1.4920577492976739,0.551628919511197,-0.35634666605641957,-0.6481991639038125
Kiribati,1982,1,19.085152012975207,-14.380548402254108,-6.1824603800502995,-5.300872031681289,-6.778728801010487
Kiribati,1983,1,-2.6211907864439548,2.046500069740487,0.6810604153559657,0.9300963890622836,1.0364660877147815
Kiribati,1984,1,1.0448950838819704,-0.24122074893041726,-0.049356916602663725,-0.2782525998173362,0.47606481853155325
Kiribati,1985,1,2.1601454442832737,-1.0121101045035554,-0.46892416790015856,-0.31408129190861234,0.3650298799709475
Kiribati,1986,1,8.546503906529146,-4.958997671485247,-2.485158332100816,-1.2621469984433953,-0.15979909550031124
Kiribati,1987,1,14.216212201489885,-9.125540325688199,-3.034966468429448,-4.842797470616765,-2.787092063244529
Kiribati,1988,1,-0.15039169953591788,0.511046191972605,0.2713274758944864,0.10978157808486541,0.7417635464160389
Kiribati,1989,1,0.12675364665293065,0.5250322218487511,0.10014838114791101,0.35714573702838637,1.1090799866779792
Kiribati,1990,1,4.510852439290935,-2.6569019923813415,-1.3726349770792041,-0.6329003828753993,-0.15158491304500998
Kiribati,1991,1,-9.009565745124968,4.433415591329273,1.8351873967435264,1.6377846874606528,-1.1031780695915163
Kiribati,1992,1,0.3891739648156517,-0.2134236922668584,-0.05411073295053803,-0.11732661613339683,0.004312923464858454
Kiribati,1993,1,-169.0122168103056,91.01801412647937,35.80465004550464,34.99509076077503,-7.1944618775465585
Kiribati,1994,1,6.405711051153672,-3.1878913627571874,-1.1931316933339895,-1.2644468139642004,0.7602411810982943
Kiribati,1995,1,-8.389156920984933,4.468619661543169,2.553018813156467,0.9074982981746723,-0.4600201481106243
Kiribati,1996,1,-112.6693448269638,34.983296146059104,1.3597288831523928,23.764450377242348,-52.56186942050995
Kiribati,1997,1,6.799604921895862,-2.789030622559762,-0.7433390156486163,-1.291320085239433,1.9759151984480514
Kiribati,1998,1,2.526907615110014,-0.5911365333080639,-0.13193033319986225,-0.2857786904490624,1.5180620581530255
Kiribati,1999,1,2.818465967984987,-1.1602361295761812,-0.8531417828200911,-0.10665173152511093,0.6984363240636036
Kiribati,2000,1,-6.654892414358565,4.5879971323767395,2.7589260420822583,0.8817929071821002,1.5738236672825332
Kiribati,2001,1,-0.39391640706068376,1.0331201672766614,0.20588530893344092,0.4686224926080814,1.3137115617575001
Kiribati,2002,1,-8.381815508908867,4.72451488517674,3.70954220382404,0.38936430427123325,0.4416058843631472
Kiribati,2003,1,-6.482450107597665,2.2494918798540224,0.5001757594908599,0.9230413732734717,-2.809741094979311
Kiribati,2004,1,3.5369952635993087,-0.2432008608424832,-2.425536118511759,1.173231199843234,2.0414894840883004
Kiribati,2005,1,-13.311789174241497,9.412719715795925,7.1296759446185325,1.0782924774935532,4.308898963666515
Kiribati,2006,1,3.838990557255727,-2.1405353413933375,-1.1218010019893518,-0.48867132361272725,0.08798289026031014
Kiribati,2007,1,0.9773182839685596,-0.12601041303168653,0.6196296397380672,0.19739062932948725,1.6683281400044274
Kiribati,2008,1,-0.9336904602703602,0.9496548381970361,0.2532888364944425,0.7678093300651189,1.0370625444862374
Kiribati,2009,1,7.929731410881498,-10.834263609893636,5.365135842122638,4.259990790346536,6.720594433457036
Kiribati,2010,1,2.1078699099485005,0.5278337657519945,-3.9868083213124215,-0.7094119105131829,-2.0605165561251093
Kiribati,2011,1,-2.44216660809207,2.2624751552875297,0.7178787459730565,1.2655651164881823,1.8037524096566986
Kiribati,2012,1,-1.294700649824713,0.31847133925731336,0.5747689642636353,1.7074764478464954,1.3060161015427312
Kiribati,2013,1,-1.0956396221616211,0.8994876445824742,0.04240044411603924,0.710634384683862,0.5568828512207542
Kiribati,2014,1,-6.856222036651388,3.3281784084180517,6.633033810705229,-1.0709112774304113,2.034078905041481
Kiribati,2015,1,-1.1393388624323808,1.0764080148731514,-0.08748675895047538,1.225128330171203,1.0747107236614981
Kiribati,2016,1,-0.3414301725049283,1.0129533263967185,1.1460263101128083,-0.7992421860571473,1.0183072779474514
Kiribati,2017,1,-0.07436140848721096,0.9106288623834343,0.6212340903556829,-0.46811211630949756,0.9893894279424086
Kiribati,2018,1,1.7383853628189962,0.43447193463571426,0.4668871555591579,-1.9539458358091422,0.6857986172047261
Kiribati,2019,1,-1.2612994700815527,2.867611705641865,0.2173425941389321,-0.8934624795618461,0.9301923501373983
Kiribati,2020,1,-7.012477046333425,3.008154882763351,2.5734181040475796,0.805176612266054,-0.6257274472564403
Kiribati,2021,1,-2.479474357082225,3.1256704941910654,-0.4320134915043786,0.7218746823659365,0.9360573279703988
Kiribati,2022,1,-5.645300969193544,2.4702751502457936,2.7855410725105094,0.46220459118155105,0.07271984474431026
Kiribati,2023,1,-1.9632059752203082,1.8782294121663203,-0.4778246949447799,2.945634947901216,2.382833689902448
Maldives,1970,1,-4.760698984209435,3.4750836509543666,1.85544592607327,0.9516680274639695,1.5214986202821708
Maldives,1971,1,0.24975589756531288,0.301513165767919,0.14257466756056916,-0.02607410897302589,0.6677696219207752
Maldives,1972,1,0.9418605371453133,0.03792908785099613,0.14039063092488976,-0.0014678965778746405,1.1187123593433246
Maldives,1973,1,0.16267874921739853,0.6327726136376991,-0.1229739368140301,0.17709293251093933,0.8495703585520068
Maldives,1974,1,0.1856270881526334,0.6513029853991623,0.05200698502468764,0.08725340130050206,0.9761904598769854
Maldives,1975,1,0.5795305921319562,0.28014323588608553,0.0970422158400504,-0.09153431761842498,0.8651817262396672
Maldives,1976,1,0.7879202894850794,-6.3584657894679735,2.884602534006751,-5.616768123159725,-8.302711089135867
Maldives,1977,1,1.3311169709672608,0.07586953733756611,0.05537495505664832,0.14380277532553692,1.606164238687012
Maldives,1978,1,-0.30544086754082095,0.8344097047745308,-0.09617937939275398,0.17807154898131933,0.6108610068222751
Maldives,1979,1,-0.016380128534395896,1.1192598214998255,0.10950861986472973,0.08855998228484717,1.3009482951150064
Maldives,1980,1,-0.3804128449427773,0.3423466071926625,0.14669543620712722,0.45161728607474244,0.5602464845317549
Maldives,1981,1,0.5686418706653915,0.3885221206777057,0.01736106792427043,0.21228330121848396,1.1868083604858515
Maldives,1982,1,-0.777634428771144,-0.5348550126178128,-1.1527123821039664,-0,-2.465201823492923
Maldives,1983,1,0.13669808404304687,0.05502215717474511,0.05795410688500368,0.03149496090851583,0.2811693090113115
Maldives,1984,1,0.004526726216617977,0.14096620246633687,0.05638740388384696,0.10504974036113404,0.30693007292793584
Maldives,1985,1,0.18108940410916952,0.35577432231404926,0.10048911342002374,0.11504733505361228,0.7524001748968548
Maldives,1986,1,0.18599346418761373,0.3559409891505329,0.09847773852802165,0.11356197385504996,0.7539741657212182
Maldives,1987,1,0.18228156691123218,0.3543345039432857,0.1015733123090265,0.11880875257614197,0.7569981357396863
Maldives,1988,1,0.18382704312572237,0.3485972579880114,0.10487505560043228,0.12114772001650687,0.7584470767306729
Maldives,1989,1,0.1762535811570722,0.34164670534292874,0.10939968253274657,0.1257231371303071,0.7530231061630547
Maldives,1990,1,0.1775710569462747,0.3702657487066652,0.09284481469556169,0.10283641135604962,0.7435180317045512
Maldives,1991,1,0.21938452222142998,0.35289797654428334,0.08761833974481585,0.10784746794042882,0.767748306450958
Maldives,1992,1,0.1545287502122966,0.3422511890144715,0.12466640359384105,0.15765966689083888,0.77910600971144806
Maldives,1993,1,0.19507753588335142,0.3067265828083772,0.12903404967786725,0.1384475571517325,0.7692857255213283
Maldives,1994,1,0.12266311874086751,0.28882831080210997,0.1439004919343661,0.1610020452981328,0.7163939667754764
Maldives,1995,1,0.1625197716335536,0.6473986707498942,-0.06242071195307882,-0.12277215100728608,0.6247255794230829
Maldives,1996,1,0.44405614851994846,0.18560030378508835,0.10562588922498248,0.20219715338257904,0.9374794949125983
Maldives,1997,1,-0.11139291946126734,0.3064248916910137,0.2687081540525402,0.34215664690551967,0.8058967731878064
Maldives,1998,1,0.36199460442233267,0.16718948990418658,0.14216378736007962,0.054426507274405234,0.7257743889610041
Maldives,1999,1,-0.2647490509191906,0.17217080106738622,0.2359643066788504,0.29191465175849823,0.4353007085855442
Maldives,2000,1,1.348888446121811,0.27167838096173424,0.43366543718848255,-0.5137755974035094,1.5404566668685182
Maldives,2001,1,0.07975751012637573,-0.030615303670012545,-0.14553900963270489,-0.2395345238038138,-0.3359313269801555
Maldives,2002,1,0.9549412685562227,0.3056526703103818,0.19479847367791464,-0.026224762256660098,1.4291676502878592
Maldives,2003,1,0.3251078028629949,0.06851031507824942,0.03372407887879054,0.320552961110026,0.7478951579300608
Maldives,2004,1,-0.09077709409925366,1.2738500897392577,0.24248617730896624,0.8955092577358842,2.3210684306848544
Maldives,2005,1,1.5930156685993628,-0.1929612793233202,-0.15082522103599527,-0.48081634070409984,0.7684128275359475
Maldives,2006,1,0.6231811636995623,0.20979744201925687,0.10104427930310723,0.16667794264285268,1.1007008276647792
Maldives,2007,1,-1.3167071792222456,0.6517988342862394,0.5672663109725928,0.9257592154404705,0.8281171814770572
Maldives,2008,1,-0.5692818481468042,0.4848837951158534,0.3571880203614727,0.6793831411947235,0.9521731085252453
Maldives,2009,1,-1.302404158817771,0.28208623515609466,0.06267213054829911,1.369972980309128,0.4123271871957508
Maldives,2010,1,1.017020409421836,0.2540909381502141,-0.09133644524977327,0.2923867040185888,1.4721616063408658
Maldives,2011,1,-1.372149586742885,0.597888275750052,-0.21751563984944958,0.7893094938571527,-0.2024674569851299
Maldives,2012,1,0.20396772000877333,-0.5071331694300167,0.3504863536379784,-0.11719719724945311,-0.06987629303271808
Maldives,2013,1,0.32683437229723816,0.7174817412943397,0.16049546884010588,0.4639778908448414,1.6687894732765254
Maldives,2014,1,-0.019203824492129623,0.34283547633960126,0.18619631925295785,0.6708096616887446,1.180637632789174
Maldives,2015,1,0.15143581431005235,0.1441974192895753,0.5298215051974615,0.9216827378270185,1.7471374766241077
Maldives,2016,1,-0.3499312683826899,0.7847986714030963,0.09025372244634637,0.10928627473630041,0.6344074002030531
Maldives,2017,1,0.003680833531772063,0.7816749950427685,-0.26864520706941464,0.3332765820387605,0.8499872035438865
Maldives,2018,1,-0.27625315372760745,0.5408281891575795,0.15283021786444528,0.9747735307947294,1.3921787840891466
Maldives,2019,1,0.44259011015734184,0.4433962091741551,0.35418006366390953,-0.15038950655137812,1.0897768764440285
Maldives,2020,1,0.20623885231937122,0.22210615302261735,0.030486758998283688,0.5673213854966451,1.0261531498369174
Maldives,2021,1,1.3838903374185565,0.14350214880912804,0.03909359172317564,-0.024957168138750953,1.5415289098121092
Maldives,2022,1,-0.21357001242969736,0.5018116883676448,-0.06185324443419839,0.34878681810471224,0.5751752496084612
Maldives,2023,1,0.7722539845247289,1.0857759137876757,0.06003032344176018,-0.11616101057806276,1.801899211176102
Marshall Islands,1970,1,0.32493637121038843,0.4897787707400165,0.13817919163846312,0.16628738503346532,1.1191817186223334
Marshall Islands,1971,1,-0.2769374819220703,0.8699064967233597,0.5936280205673413,0.12853395569453543,1.3151309910631663
Marshall Islands,1972,1,-0.059101252720035025,0.8180309539466178,0.5958811046505598,0.12726341140620365,1.4820742172833463
Marshall Islands,1973,1,-0.28497158525872035,0.852840548054726,0.5897542659743871,0.1433598683313646,1.3009830971017573
Marshall Islands,1974,1,-0.26198192291734623,0.8669592062052137,0.5939056787182354,0.12796841351935126,1.3268513755254543
Marshall Islands,1975,1,15.47581106870229,-3.514074427480916,0.6300095419847328,0.5291984732824428,13.12094465648855
Marshall Islands,1976,1,-6.730249608371701,0.8481396661816042,0.21563014384885135,1.3798158353014145,-4.286663963039831
Marshall Islands,1977,1,0.4787819492981506,1.1869921524577833,0.700721964459581,-0.2629224098781372,2.1035736563373777
Marshall Islands,1978,1,0.3642370628067342,0.5638976206746599,0.5696283779586259,0.24418015779337768,1.7419432192333977
Marshall Islands,1979,1,-6.049901790084826,1.2193135839493399,0.32916493689160975,0.9606596484270924,-3.5407636208167843
Marshall Islands,1980,1,-2.1913284513517626,0.44307457534718125,0.3975264578699538,0.8270693599303746,-0.5236580582042529
Marshall Islands,1981,1,1.1114731828593414,-0.5542749068664042,0.3895419722505475,0.971957343099873,1.9186975913433577
Marshall Islands,1982,1,-12.875242306390374,2.5057592981726553,0.19094028587878667,1.2644176543737033,-8.91412506796523
Marshall Islands,1983,1,0.9255390404236252,0.22654375628870074,0.2510829694259736,0.1459016487336766,1.549067414871976
Marshall Islands,1984,1,17.29598614751795,0.4553698117975254,-1.9546205709134297,-1.396925941271505,14.399809447130542
Marshall Islands,1985,1,8.884047692330508,-1.143840212795421,-1.1070546141474893,-0.403888029107726,6.229264836279872
Marshall Islands,1986,1,-2.3997159952180307,1.2763492708593518,0.46138779995914564,0.40115636928381004,-0.2608225551157233
Marshall Islands,1987,1,0.7718117892674967,-0.7830564595189008,0.3113410640401569,0.2939267525480066,0.5940231463367593
Marshall Islands,1988,1,3.204553675735559,0.9176730690149703,-0.039907887212477816,-0.23818409094769472,3.8441347665903565
Marshall Islands,1989,1,4.84939329754018,-3.7280559408736647,-2.6128803395795925,0.6686151794084411,-0.8229278035046361
Marshall Islands,1990,1,-14.582314291769954,1.026636379553434,0.18797458001972042,3.820399683920492,-9.547303648276309
Marshall Islands,1991,1,231.55108142276285,-51.326955273857926,35.06616667236136,-87.52075716677487,127.76953565449142
Marshall Islands,1992,1,0.7500404028353509,0.6132631176816095,0.6342228365023762,-0.1391639501355038,1.8583624068838327
Marshall Islands,1993,1,-0.49482967960627894,0.8116780235340549,0.4895261387343993,0.17083594779795824,0.9772104304601337
Marshall Islands,1994,1,-0.4910350987333656,0.8086119743035086,0.4852459759497619,0.17027583009624025,0.9730986816161451
Marshall Islands,1995,1,-0.5002797737504715,0.4892091362230766,0.4959804904932563,0.1715900260135299,0.6564998789793913
Marshall Islands,1996,1,-0.5641404963202664,0.8373140298584498,0.5695783462012705,0.18319660968598375,1.0259484894254376
Marshall Islands,1997,1,-0.5339230758618349,0.7967645716913085,0.5537382490101875,0.1510344729072375,0.9676142177468988
Marshall Islands,1998,1,-2.2716821542622054,2.8442465740287886,2.157557275333966,0.7911984426095879,3.5213201377101373
Marshall Islands,1999,1,-0.805036447086829,1.0970438537963232,0.8858459165995282,0.27787082098721516,1.4557241442962374
Marshall Islands,2000,1,-1.38695682165659,2.0092871081487598,1.2710547035621689,0.6503678358769184,2.543752825931257
Marshall Islands,2001,1,-0.33292845644212216,0.7357865313102189,0.4250317710897441,0.035486491351187706,0.8633763373090284
Marshall Islands,2002,1,-0.5520328228284795,0.7192780202466903,0.3624918378906913,0.18887936319239812,0.7186163985013
Marshall Islands,2003,1,0.7361424025354255,0.09464815553743133,-0.24966563846839912,-1.451619240608313,-0.8704943210038552
Marshall Islands,2004,1,-1.964645204225938,-7.6082865087107665,-2.7673877112359766,5.42128127628502,-6.919038147887662
Marshall Islands,2005,1,-3.0032572871663565,2.343064985582112,0.28796648643461537,0.4807820057184988,0.10855619056886923
Marshall Islands,2006,1,-9.039937216602722,-22.836957911870712,10.692152075340077,56.336117893268224,35.151374840134864
Marshall Islands,2007,1,-0.4004739570425122,0.8947548996430688,0.9021091486733237,-0.6340923816159534,0.7622977096579269
Marshall Islands,2008,1,-1.1912749049634783,1.5580854125645425,0.2410029442410298,0.9956310471115719,1.603444498953666
Marshall Islands,2009,1,-4.000599437644081,0.19888717977233764,-0.07644730944783401,4.7491015972274795,0.8709420299079014
Marshall Islands,2010,1,0.14717176997628728,0.03527910147425053,-0.11168218324979598,1.319744063943734,1.3905127521444758
Marshall Islands,2011,1,-45.60712283491688,-9.206512379493681,-0.30868488261741006,58.6300259058814,3.50770580885343
Marshall Islands,2012,1,3.202358873380688,-0.8912155073080347,-2.330796567481932,6.017456990877077,5.997803789467799
Marshall Islands,2013,1,-3.071307800412905,1.5771169129169467,0.11612612864711588,3.14691130015173,1.7688465413028869
Marshall Islands,2014,1,-10.412291959281339,3.2275351987431464,2.9149835626709804,3.860912558730259,-0.40886063913695203
Marshall Islands,2015,1,-0.05336932167941034,-0.24692403514572825,1.1137338516966142,-1.9046374906269337,-1.0911969957554581
Marshall Islands,2016,1,-2.6485671506347166,1.3685902874263898,2.311188221703373,3.1704652457525175,4.201676604247563
Marshall Islands,2017,1,-3.29028877137718,2.314725241862677,0.2425543865116048,1.35486778676253,0.6218586437596318
Marshall Islands,2018,1,-0.02956318393385178,-0.15912122998851636,0.8140746024998252,0.12473078624619384,0.7501209748236509
Marshall Islands,2019,1,-2.8630851551512086,0.4767768873074613,0.3796881496357052,3.2842256038537663,1.2776054856457244
Marshall Islands,2020,1,-18.144498504716736,1.1640064774906225,1.1969246289069586,17.45892251439449,1.6753551160753375
Marshall Islands,2021,1,13.784707503114154,-2.507175364506713,0.5025202209973738,-0.5868956705976676,11.193156689007147
Marshall Islands,2022,1,-2.415543555367048,-1.1319012247364362,-1.1192177646756714,-0.7433601544553688,-5.410022699234524
Marshall Islands,2023,1,-1.3654139910024121,-0.02410437313685077,-0.3467372221076405,-0.03079390234874941,-1.767049488595653
Mauritius,1970,1,-0.08183082051584101,0.8603122729322116,0.17014768121332075,0.11697331179186293,1.065602445421554
Mauritius,1971,1,-1.3263663780730204,0.06594640592586049,0.17085971044660386,0.6018907239404818,-0.48766953776007416
Mauritius,1972,1,0.5799693651847693,0.5104366780634154,0.19560441146780372,0.20130397291949662,1.487314427635485
Mauritius,1973,1,-0.623741603002196,0.38366205954900817,-0.12138282067064506,1.1431219752007744,0.7816596110769414
Mauritius,1974,1,0.6821962598469453,-0.6417236477793445,-0.12322077336628942,-0.10145606548257247,-0.18420422678126114
Mauritius,1975,1,-4.827140484344022,3.232112119544901,2.410797894377943,8.45704158579941,9.272811115378232
Mauritius,1976,1,-0.3886895897632785,1.1921444225134583,0.2508411571511752,0.19897198907009073,1.2532679789714458
Mauritius,1977,1,-0.052102017767902846,0.7113768770995058,0.16273168439096083,0.10291079625126946,0.9249173399738333
Mauritius,1978,1,-0.2624206726346513,0.5705835364748693,0.22025987778489942,0.6816457034016199,1.2100684450267374
Mauritius,1979,1,0.3663307453542815,0.2017904566919547,-0.11126667753646478,0.4302190092755188,0.8870735337852902
Mauritius,1980,1,-0.5919242820003943,0.4110642867648524,-0.01733903089940666,1.314871924063351,1.1166728979284026
Mauritius,1981,1,0.5889694559328091,-0.4059882386792644,0.13739407600371087,0.8072120173782529,1.1275873106355085
Mauritius,1982,1,1.429609088874134,0.4626869129921534,0.07775920029389309,-1.1058613802507884,0.864193821909392
Mauritius,1983,1,-2.3279916553460502,3.551709408390414,1.384036843306351,-0.692488707892705,1.91526588845801
Mauritius,1984,1,-0.46174045460302904,0.6688420734475238,0.16758366417466997,0.7107474674781483,1.085432750497313
Mauritius,1985,1,0.26393683483646574,0.5247054976352904,0,0.18930598218437936,0.9779483146561354
Mauritius,1986,1,-0.10455816929578601,0.4994399259775258,0.033126024155734325,0.42434790133029,0.852355682167764
Mauritius,1987,1,-0.9494039474062623,1.3147767811713484,0.12710542418376292,0.5505220980386681,1.0430003559875172
Mauritius,1988,1,-0.9502067172423417,0.9357874408474437,0.13691255699487695,0.8104603537626344,0.9329536343626134
Mauritius,1989,1,0.14321801383228222,1.1840171312312513,0.13913116506679796,-0.2963854565717262,1.1699808535586054
Mauritius,1990,1,-0.47837427538656907,0.5362263385771754,0.16149740088744521,0.741658004013002,0.9610074680910535
Mauritius,1991,1,0.8807316839279762,0.6346874713139632,0.14254759076426132,-0.6120270558664718,1.0459396901397289
Mauritius,1992,1,-0.010520279829174306,0.5966224704348702,0.13354943931530944,0.3414721686065452,1.0611237985275503
Mauritius,1993,1,-0.24691217856147687,0.783562688562831,0.20231656582641935,0.2793189711746132,1.0182860470023867
Mauritius,1994,1,-0.5902602915005014,1.016066358641586,0.15125385635519517,0.4687406497457224,1.0458005732420022
Mauritius,1995,1,1.260415321787104,0.8278190312635706,0.13075040448455683,-0.956656175742884,1.2623285817923473
Mauritius,1996,1,-0.2632832657460062,0.48643168719632124,0.4802335999406127,0.2762273661766242,0.9796093875675518
Mauritius,1997,1,-0.7825525217138147,0.6281099103449498,-0.1462468703165857,1.1182063159644036,0.8175168342789527
Mauritius,1998,1,-0.060336714168474304,0.75215101578132,0.11199039424430478,0.2047377353842868,1.0085424312414373
Mauritius,1999,1,-1.001809768599726,1.1391727927290503,0.3631001109855037,0.5812827895788916,1.0817459246937193
Mauritius,2000,1,0.48665461699205603,0.35508811503114945,0.18123746114853106,0.0545823059889062,1.0775624991606427
Mauritius,2001,1,1.9869410783854062,0.6356131129076289,0.2017687766412142,-2.013553732204259,0.8107692357299903
Mauritius,2002,1,-3.138035501312948,1.3935673893438392,0.6102298651388486,2.9937042183669273,1.8594659715366673
Mauritius,2003,1,0.3910410461701374,0.5844930211403584,0.08124492914920958,0.13652626415890276,1.193305260618608
Mauritius,2004,1,-1.0112231195337953,1.382883918870986,0.1659564402941988,0.6911568560701163,1.228774095701506
Mauritius,2005,1,0.3538119817946373,3.0307131523912174,0.42026923094976454,-2.9182969358717448,0.8864974292638745
Mauritius,2006,1,-1.088409453876752,0.958582915285166,0.15579351653341617,0.9794444788378972,1.0054114567797277
Mauritius,2007,1,-0.17587271311456687,0.6187265848404373,-0.08818551760873893,0.5528462080479826,0.9075145621651141
Mauritius,2008,1,0.11743847179733989,0.977158707198153,-0.012453013316752233,0.029960212616264116,1.1121043782950046
Mauritius,2009,1,1.7705713060316002,0.500980107057728,0.24470753433741643,-1.111770527655893,1.4044884197708516
Mauritius,2010,1,0.39092509206978154,0.47285063143728256,0.09222892462839073,0.012563185496434242,0.9685678336318891
Mauritius,2011,1,-0.2062739961462766,0.47420426002917904,0.09619038042924606,0.5166299730076038,0.8807506173197522
Mauritius,2012,1,0.2938434345324519,0.5960697475256165,0.11929290852257564,0.03564697114179114,1.0448530617224352
Mauritius,2013,1,0.45507870550854496,0.4189876098386948,0.04146032082589466,0.6943540018124509,1.6098806379855852
Mauritius,2014,1,0.2705395054968185,0.5085739971281222,0.14917335628926018,-0.33143069556891047,0.5968561633452905
Mauritius,2015,1,-0.8995947471272698,0.581156950349874,0.06706079539478857,-0.28139765948391193,-0.5327746608665191
Mauritius,2016,1,-0.38548830187978234,0.5547312926753137,0.1612437997088703,0.16845995598140334,0.49894674648580506
Mauritius,2017,1,-0.1870545647712015,0.5904680021441353,0.034045135250044364,0.2101567174457417,0.6476152900687199
Mauritius,2018,1,0.17883778718470258,0.5758011516801391,0.15858327563962857,0.7069903966544235,1.620212611158894
Mauritius,2019,1,-0.7284785265610129,0.7729689765296716,0.09366368628387776,0.020352195425917256,0.15850633167845374
Mauritius,2020,1,-0.13535808594963758,0.7486409169001194,0.004312020738020958,0.3393346546744085,0.9569295063629112
Mauritius,2021,1,0.3332552343596499,0.6268326718293843,-0.10331245680604258,0.6832670609646186,1.54004251034761
Mauritius,2022,1,1.1474181992359813,0.2608263331700031,0.10942466405662545,0.16195499889297985,1.6796241953555897
Mauritius,2023,1,-0.03954027980000178,0.2534688820767155,-0.07975096091655386,0.8059769788808393,0.9401546202409992
Micronesia (Federated States of),1970,1,0.050957486773903216,0.6383534337368632,0.13092459739700243,0.22134328229418088,1.0415788002019497
Micronesia (Federated States of),1971,1,-0.6131105645018441,0.7522804619534208,0.5225568181671079,0.33827384206098243,1.000000557679667
Micronesia (Federated States of),1972,1,-0.6127458898504057,0.7521091239291443,0.5224388419583708,0.338196758547694,0.9999988345848034
Micronesia (Federated States of),1973,1,-0.6133617649760219,0.752397217728476,0.5226383153163912,0.33832627169309487,1.0000000397619402
Micronesia (Federated States of),1974,1,-0.6135350892043273,0.7524780048181378,0.5226944914061816,0.33836259637734895,1.000000003397341
Micronesia (Federated States of),1975,1,-0.6016172749868718,0.7469246025777653,0.5188287668452578,0.33586390894917095,1.0000000033853222
Micronesia (Federated States of),1976,1,-0.6017056997836853,0.7469611538835342,0.5188625987542307,0.3358819505279698,1.0000000033820498
Micronesia (Federated States of),1977,1,-0.6128668475324385,0.7521664377598316,0.5224780340653309,0.3382223791037375,1.0000000033964618
Micronesia (Federated States of),1978,1,-0.6143872904297305,0.7528753852872138,0.5229705594357669,0.3385413491051852,1.0000000033984355
Micronesia (Federated States of),1979,1,-0.6194907425863423,0.755255567816913,0.5246236685003478,0.33961150967405296,1.0000000034049714
Micronesia (Federated States of),1980,1,-0.6157643713358855,0.7535176851092302,0.5234166495202391,0.3388301401350935,1.0000001034286772
Micronesia (Federated States of),1981,1,-0.611011629461077,0.7513012215952025,0.5218770850206109,0.337833485780425,1.0000001629351614
Micronesia (Federated States of),1982,1,-0.607842255223722,0.7498230738253825,0.5208504824202865,0.33716897207813135,1.0000002731000786
Micronesia (Federated States of),1983,1,-0.6342938917461698,0.762158554929064,0.5294191105808852,0.3427158535154324,0.9999996272792118
Micronesia (Federated States of),1984,1,-0.6021064129662133,0.7471480552410719,0.5189921773287284,0.3359660035853677,0.9999998231889546
Micronesia (Federated States of),1985,1,-0.602232439904978,0.7472070022406044,0.5190330549223736,0.3359924309277102,1.00000004818571
Micronesia (Federated States of),1986,1,-0.6077162858569323,0.7497644117466434,0.5208094715022212,0.3371423262638123,0.9999999236557446
Micronesia (Federated States of),1987,1,-0.7081657399023371,0.7966092905661133,0.553349502153943,0.35820695070280456,1.0000000035205237
Micronesia (Federated States of),1988,1,-0.6441078205357074,0.7667356794920134,0.5325983393954627,0.34477380508210764,1.0000000034338765
Micronesia (Federated States of),1989,1,-0.7176027781509869,0.8010103916786286,0.5564059467470581,0.3601858025275934,0.9999993628022933
Micronesia (Federated States of),1990,1,-0.2932229649840023,0.6030993266108438,0.418931411196501,0.27119236446212036,1.0000001372854628
Micronesia (Federated States of),1991,1,-0.7177048265055743,0.8010579229207535,0.5564396098387449,0.3602072094129731,0.999999915666897
Micronesia (Federated States of),1992,1,-0.9448498162310315,0.906987893941908,0.6300217829149507,0.4078401432098078,1.0000000038356351
Micronesia (Federated States of),1993,1,-0.6343956876365625,0.762206505679972,0.5294521100875423,0.34273714478851675,1.0000000729194687
Micronesia (Federated States of),1994,1,-0.3677461230298147,0.6378532649130151,0.44307258051734305,0.28681993538349787,0.9999996577840413
Micronesia (Federated States of),1995,1,1.3295336108225428,-0.15367911906903237,-0.10675023140810173,-0.06910395113452707,1.0000003092108818
Micronesia (Federated States of),1996,1,2.575788905087268,-0.7348747869308262,-0.5104667518610281,-0.33044696576513216,1.0000004005302814
Micronesia (Federated States of),1997,1,0.07082780123930708,0.4333228836293932,0.3009994945894306,0.19484989393444713,1.000000073392578
Micronesia (Federated States of),1998,1,1.3851802451907658,-0.17963008359623897,-0.12477654842782342,-0.08077315560126884,1.0000004575654344
Micronesia (Federated States of),1999,1,1.023544391441549,-0.010979981298246807,-0.007627189328786448,-0.004937534758598001,0.9999996860559177
Micronesia (Federated States of),2000,1,1.0050021360609027,-0.002332799312519907,-0.0016203858273493305,-0.0010489500190380891,1.0000000009019954
Micronesia (Federated States of),2001,1,-2.2102191333199435,1.4970976679246972,1.039930250793773,0.6731914720691702,1.0000002574676974
Micronesia (Federated States of),2002,1,5.278757785020786,-1.995414922706884,-1.3860765371060775,-0.8972669905051204,0.9999993347027045
Micronesia (Federated States of),2003,1,-2.1791434815769284,1.482605347749849,1.0298632570670672,0.6666748817675939,1.000000005007582
Micronesia (Federated States of),2004,1,1.9084128535427274,-0.42364159459238365,-0.2942746689839737,-0.19049659120092274,0.9999999987654473
Micronesia (Federated States of),2005,1,1.144718120310119,-0.06748970977448553,-0.046880548831125246,-0.030347861252962318,1.000000000451546
Micronesia (Federated States of),2006,1,0.008373917903476687,0.46244844947664815,0.32123105591073897,0.2079465843618214,1.0000000076526852
Micronesia (Federated States of),2007,1,-3.68262976484545,2.1837617523644455,1.5169082657838135,0.9819597570040374,1.0000000103068465
Micronesia (Federated States of),2008,1,3.0843379117724017,-0.9720386911899987,-0.675207988721707,-0.4370912329123976,0.9999999989482982
Micronesia (Federated States of),2009,1,-2.841929586266163,1.7916978636741638,1.2445689634060642,0.805662767000519,1.0000000078145836
Micronesia (Federated States of),2010,1,2.3416103501374343,-0.6256648304443021,-0.43460613749050553,-0.28133919708064414,1.0000001851219826
Micronesia (Federated States of),2011,1,-0.2746793605984699,0.594451306018451,0.4129242394814804,0.26730355902482505,0.9999997439262864
Micronesia (Federated States of),2012,1,-3.6724590242318613,2.1790184462260473,1.5136136034653427,0.9798269850505612,1.0000000105100901
Micronesia (Federated States of),2013,1,-0.2846571110511491,0.5991045324352605,0.41615648199646715,0.269396099608803,1.0000000029893816
Micronesia (Federated States of),2014,1,-4.873200609658061,2.7389887087276303,1.9025861391679457,1.2316257712626402,1.0000000095001553
Micronesia (Federated States of),2015,1,-2.4509851449085778,1.6093796471399526,1.1179248197457388,0.7236807785239379,1.0000001005010515
Micronesia (Federated States of),2016,1,9.506822460049499,-1.767729235961002,-1.2279195076140574,-0.7948849163709532,5.716288800103486
Micronesia (Federated States of),2017,1,4.877314003690728,-0.04094500020120008,-0.0284415000009535,-0.018411500045213015,4.789516003443361
Micronesia (Federated States of),2018,NA,Inf,Inf,Inf,Inf,Inf
Micronesia (Federated States of),2019,1,-3.2649723024938115,0.6105493029984718,0.42410630001361227,0.2745423006743593,-1.9557743988073681
Micronesia (Federated States of),2020,1,3.913927199998359,0.7140420035067924,0.4959954000159819,0.3210794007887091,5.4450440043098425
Micronesia (Federated States of),2021,1,0.7862068569105215,0.7427447179334115,0.5159334285879952,0.33398600082036617,2.3788710042522943
Micronesia (Federated States of),2022,1,-6.3970480085301515,0.7928675038935826,0.5507505000175571,0.35652450087571563,-4.696905503743296
Micronesia (Federated States of),2023,1,2.872948494517467,0.699156003433513,0.48565550001566726,0.3143855007725051,4.372145498739153
Nauru,1970,1,-1.5295702853690327,1.0546462803148131,0.9590558350628064,0.7444766537995563,1.2286084838081435
Nauru,1971,1,2.764214579175956,-0.9286788290113966,-0.5608370648209241,-0.29489958637303504,0.9797990989706005
Nauru,1972,1,-6.712681550728855,4.87624728779454,2.2191873441714285,0.4502789180759861,0.833031999313099
Nauru,1973,1,5.8677644747013415,-3.8165754992834073,-1.2080953724718488,0.6285763882552451,1.4716699912013302
Nauru,1974,1,9.137563412737075,-3.8457060000459253,-2.6935989982152457,-1.963554236234486,0.6347041782414173
Nauru,1975,1,-2.232479036159996,1.5648518161256963,0.37067494025533126,0.9514418096010484,0.6544895298220799
Nauru,1976,1,3.076435138674559,-0.8847716611900167,-0.03054207666108755,-1.0970374480226281,1.0640839528008263
Nauru,1977,1,3.1976970420213684,-0.9678624297717736,-0.03158250928571542,-1.5136426241804046,0.6846094787834747
Nauru,1978,1,3.357816464334102,-1.0587534485126189,-0.032659131511109885,-2.088455394258108,0.1779484900522652
Nauru,1979,1,1.7751637316748141,-0.6229600873398036,-0.13877694476534716,0.046063257094404834,1.059489956664068
Nauru,1980,1,26.757061860108816,-13.669056734736259,-5.795294646651357,-8.499309729020379,-1.2065992502991776
Nauru,1981,1,9.759602497139587,-8.353735332856923,-3.2521589385350063,-1.1510162935225035,-2.9973080677748456
Nauru,1982,1,7.302117120280198,-4.7389218948851095,-2.3077060124857804,-1.519056450552389,-1.2635672376430813
Nauru,1983,1,-9.752390721488053,6.710774253461141,2.1705030333891813,3.081975638197884,2.2108622035601524
Nauru,1984,1,-9.849238633887298,6.189313496872633,2.263360934478982,3.6591525419657582,2.262588339430076
Nauru,1985,1,13.956730121427125,-6.669021514719703,-3.250926779352305,-2.042244782661947,1.9945370446931694
Nauru,1986,1,5.611572454699375,-1.8221208087417413,-1.281225275694618,-0.02123407751122471,2.4869922927517907
Nauru,1987,1,-6.490552741791979,3.736294792738571,1.1896894733423422,2.1601590790735923,0.5955906033625267
Nauru,1988,1,-6.929555590717407,4.736976197735138,1.6714021925315217,2.2695494648563588,1.748372264405611
Nauru,1989,1,1.9089829184367466,0.11369863094586734,-0.41711059255602095,0.6399224347339147,2.2454933915605078
Nauru,1990,1,9.882016025939683,-4.77900516300303,-2.7804934048173515,-0.8936895488477999,1.4288279092715008
Nauru,1991,1,-4.436030145317349,3.2604496278397233,1.5148639110458697,1.0823715074408753,1.421654901009119
Nauru,1992,1,-2.4239074898694715,2.8741122493871494,1.3702217232736686,0.912744170137444,2.733170652928791
Nauru,1993,1,-1.2394873784476814,1.0654980713689755,0.4976019088533392,0.3472322588285922,0.6708448606032256
Nauru,1994,1,-2.9638604750681687,1.7878048060956753,0.749323672517097,0.657593967669191,0.2308619712137947
Nauru,1995,1,2.239712431589804,-0.9556240679488525,-0.6006013053006362,-0.16817924169292972,0.5153078166473857
Nauru,1996,1,-0.9410285042814311,0.9441606268566769,0.44531813565779127,0.2944235874458673,0.7428738456789042
Nauru,1997,1,-1.1104777947911366,0.9155442481892659,0.4194521083033651,0.2914716712544327,0.5159902329559272
Nauru,1998,1,-1.181395240421019,1.0010311579825204,0.5040704107027516,0.2803673303704186,0.6040736586346716
Nauru,1999,1,1.4711274536121761,-0.5217257778194554,-0.428170255735878,-0.030270087535541283,0.49096133252130136
Nauru,2000,1,5.457315905460137,-3.3540206123628162,-2.1511639626787065,-0.6172455303511775,-0.6651141999325638
Nauru,2001,1,-0.34738410149469057,0.7022792161198179,0.2318747924973995,0.26328139812792833,0.850051305250455
Nauru,2002,1,0.2538180854049866,0.44620940131499787,0.1390699588786023,0.1672639902976735,1.0063614358962603
Nauru,2003,1,48.460765258102036,-26.68524208387639,-11.782487251628362,-7.84951396128649,2.143521961310796
Nauru,2004,1,-0.03625569569704258,0.5797471792236324,0.0448940807960185,0.27292953632578637,0.8613151006483948
Nauru,2005,1,0.08596383396232654,0.5035552233096402,0.213593493289322,0.14556414381723237,0.9486766943785211
Nauru,2006,1,-1.8185335402961131,1.6668915752615885,0.9918651517035505,0.29436325015818254,1.1345864368272083
Nauru,2007,1,22.421096606375524,-14.595048431274625,-8.592298166827137,-0.9183632014586762,-1.6846131931849122
Nauru,2008,1,-0.6926638031306849,0.9147217251800078,0.6332376000563086,0.12827105125836719,0.9835665733639989
Nauru,2009,1,-0.5754829195418592,0.9141738986227353,0.687942498283901,-0.014116945486159023,1.0125165318786182
Nauru,2010,1,0.15956465153931398,0.8225035729638979,0.1462862491730458,-0.03208543260833248,1.096269041067925
Nauru,2011,1,-1.0053392941479664,1.1110860025436593,0.5437003154217693,0.45623773636653153,1.1056847601839939
Nauru,2012,1,-1.005572149291529,0.5217201509845005,0.6951612040067212,0.9845219530784446,1.1958311587781376
Nauru,2013,1,-1.1703190796958745,1.1463313357709,0.3178029501830987,0.6757205619980087,0.969535768256133
Nauru,2014,1,-0.945547660940209,0.899228510693802,0.8488988939349851,0.2121839311316386,1.014763674820217
Nauru,2015,1,-1.479104007062775,0.9774541627441206,-2.4138666089665897,3.621441724552886,0.7059252712676416
Nauru,2016,1,0.12246482243574915,0.7282117693402727,1.461143257370924,-1.4886537049968553,0.8231661441500905
Nauru,2017,1,-1.4037046301322225,0.5245002802439575,0.9531152076050086,0.7602734831977397,0.8341843409144831
Nauru,2018,1,-7.858199766131212,5.811083047548311,-1.93237323972843,6.794616313803815,2.8151263554924855
Nauru,2019,1,-1.0468949115513095,1.4971369731448323,0.8475281501262564,-0.20174471584081707,1.0960254958789624
Nauru,2020,1,4.865307045277558,0.5603323626890909,-3.259863664279157,-0.4632064507367128,1.7025692929507792
Nauru,2021,1,-1.9731727972497806,1.8730908653062304,0.4027496873201197,0.6048576171844948,0.9075253725610641
Nauru,2022,1,-9.906187350360353,5.564987754099338,3.4825311315617986,1.0399953200470864,0.18132685534787107
Nauru,2023,1,-6.472975392846897,8.071294782508211,-9.174266126872986,9.802304574952457,2.226357837740786
Palau,1970,1,12.41727540843617,-1.8818298792779495,-3.9633432596593763,-3.246301601141014,3.3258006683578305
Palau,1971,1,-0.35076812845756333,0.9955818448808447,0.3540259740756047,0.09936796070117271,1.0982076512000587
Palau,1972,1,-0.3510875969642249,0.9959718867202335,0.35391415393086995,0.09952625226379545,1.098324695950674
Palau,1973,1,-0.3510368194506779,0.9956327096980344,0.353882745990576,0.09962604470595623,1.0981046809438888
Palau,1974,1,-0.3497874950937309,0.9948254739408148,0.35448680628787377,0.0986620737836181,1.0981868589185755
Palau,1975,1,-0.3597364802645308,1.0081860432995187,0.35093828845446234,0.10321571463928045,1.1026035661287306
Palau,1976,1,-0.3525312247749782,1.003469805638906,0.3544344352229346,0.0977037771389172,1.1030767932257795
Palau,1977,1,-0.3506056881768885,0.9955868517743732,0.35413492682037695,0.09918965817080425,1.0983057485886658
Palau,1978,1,-0.34841022883169354,0.9926196932620406,0.35491378368883436,0.09819607042968144,1.0973193185488628
Palau,1979,1,-0.35343418164303164,1.0016986224379976,0.35355768407285965,0.09945023654534285,1.1012723614131685
Palau,1980,1,-0.35617860256620376,0.9964943128198784,0.35092264412813257,0.1046676006934733,1.0959059550752805
Palau,1981,1,-0.33324777074280565,0.9767341055886529,0.3611518642356019,0.08927450137324379,1.0939127004546931
Palau,1982,1,-0.37087849063461115,1.031878178880826,0.34859881625724926,0.1044071701483101,1.1140056746517741
Palau,1983,1,-0.34829139269020853,0.998672665924687,0.356113893128084,0.09537157031830185,1.1018667366808643
Palau,1984,1,-0.3582537960529321,1.0024385955084822,0.3507714385204258,0.10420615985380005,1.0991623978297758
Palau,1985,1,-0.3415765570115528,0.9814185481208133,0.35697143505724854,0.09597656954143605,1.0927899957079452
Palau,1986,1,-0.35115094229942345,1.0075227406146101,0.3560290556202559,0.09444433688627356,1.106845190821716
Palau,1987,1,-0.3788772483446728,1.0155147586307272,0.34069584848926465,0.12014048436986727,1.0974738431451863
Palau,1988,1,-0.29470106548489095,0.9212179072479045,0.374189439619983,0.07334499601964417,1.0740512774026407
Palau,1989,1,-0.3798753195877997,1.0858356548840926,0.35320163438424085,0.08984751049907892,1.1490094801796127
Palau,1990,1,-0.4620552217886701,1.0394907386296073,0.29469647396779636,0.19722905972405255,1.0693610505327862
Palau,1991,1,-0.009875639087838261,0.601174164559367,0.48733960841104235,-0.08456190472271011,0.994076229159861
Palau,1992,1,-0.9954616695340003,2.3098737213508613,0.20790723833435718,0.19383306740362555,1.7161523575548436
Palau,1993,1,-0.22576731889769736,1.0532661543548052,0.44063661066054677,-0.05826135874745219,1.2098740873702023
Palau,1994,1,0.8322229854350277,-0.18466552009085516,0.851776467636384,-0.622913627231827,0.8764203057487296
Palau,1995,1,-1.0607444536949846,2.185177355576595,0.14504612655773957,0.31830951654074807,1.5877885449800984
Palau,1996,1,-0.6867726226677568,-0.11019063510354428,-0.056013627060138016,0.9468538053301907,0.09387692049875151
Palau,1997,1,-0.35549107882515035,0.09611864124523224,-0.21755365278898514,0.8249860288896594,0.3480599385207562
Palau,1998,1,2.3232649942370363,4.708550834137475,-0.8038363140889171,-2.8011652301538223,3.426814284131772
Palau,1999,1,2.088556991785169,-3.664544764520142,-0.7784254561746791,1.0504340059097936,-1.3039792229998586
Palau,2000,1,1.2331932088160609,9.362575790605776,-1.2561404708461954,-5.621143780768335,3.7184847478073064
Palau,2001,1,10.695893328001592,0.28846753869089786,-1.7931075456023444,-6.845079499860641,2.3461738212295042
Palau,2002,1,0.10494024225342796,0.6298880015623459,-0.2579496090789873,-0.015903065911834196,0.4609755688249524
Palau,2003,1,60.028060331750424,6.489031962027877,-21.0410263786877,-26.799212147700175,18.676853767390426
Palau,2004,1,-1.424978532629789,3.341398914567477,-0.6432344968617024,3.4964866781248336,4.769672563200819
Palau,2005,1,0.29439030267928645,0.27590576550362333,-0.09046049593547269,1.7663999381805924,2.246235510428029
Palau,2006,1,3.228748364642832,-0.9390808784294736,-4.277123028457963,10.181256157689281,8.193800615444676
Palau,2007,1,2.6497882619882525,1.5874439113114316,-0.006172331557181844,-1.7792473913214022,2.4518124504211
Palau,2008,1,0.09959400789233215,0.09109683823882908,0.012550922924041329,1.026379657512614,1.2296214265678165
Palau,2009,1,-0.7340060238628803,0.6874057517883218,-0.03635801752016121,1.3439747946007705,1.2610165050060507
Palau,2010,1,4.856027239492599,-5.636650213867342,-1.3060969139057617,1.748734849929137,-0.3379850383513672
Palau,2011,1,0.635976687452986,0.4112254138149746,-0.1471234152863627,0.8621765053010098,1.7622551912826077
Palau,2012,1,-1.538737851528792,3.1791917599789694,-0.48994237930342255,-0.201591094028692,0.9489204351180629
Palau,2013,1,2.4388526316745933,-1.219853151543464,-0.22316783003883972,2.2633719240959578,3.2592035741882475
Palau,2014,1,-0.7979951491839966,0.30984782374769737,0.09959459638224125,1.762328532320425,1.373775803266367
Palau,2015,1,0.5863466844440828,0.3302281711507344,0.04603168477250852,0.009177079949298894,0.9717836203166246
Palau,2016,1,-12.129360841906927,5.808440926751778,1.6680531623704367,3.510364908880931,-1.14250184390378
Palau,2017,1,1.1661192639793714,0.03416380799795857,0.0787411784513034,-0.9771172383397259,0.3019070120889076
Palau,2018,1,1.4374629225361801,32.48933678455051,11.139878938157864,-26.853544564105306,18.21313408113925
Palau,2019,1,-17.413487077308833,-4.82832970480652,0.2739531341105241,6.158783745433207,-15.809079902571622
Palau,2020,1,3.764483825288866,0.006490592003528901,-1.20817277776479,-1.560722768867842,1.002078870659763
Palau,2021,1,0.22971569172446524,0.241547918420264,0.17680042943919233,0.5316443407775995,1.179708380361521
Palau,2022,1,0.224292482498583,0.434513271905412,2.0730799697079565,-2.9812484985053276,-0.2493627743933762
Palau,2023,1,7.258224485519607,-2.7186928652113105,-0.3823062780291169,-5.3835189737916505,-1.2262936315124708
Papua New Guinea,1970,1,-0.23304392612023228,0.28146983704454015,0.26549659149054866,0.297412250427123,0.6113347528419796
Papua New Guinea,1971,1,3.7972657653521664,-0.09089765604429612,0.28641120210577675,-2.2809515794193977,1.7118277319942492
Papua New Guinea,1972,1,4.138741508391052,-0.1297194120056235,0.0708851570346795,-1.1527934358695702,2.9271138175505382
Papua New Guinea,1973,1,3.180544567273698,-0.08924063402599647,-0.06638549488701845,-0.7070345483372865,2.3178838900233965
Papua New Guinea,1974,1,1.385398835644176,0.10710188691877184,0.20494432578344715,0.30550448742667585,2.002949535773071
Papua New Guinea,1975,1,7.259187819734579,-2.3650606132755483,-1.2231385391789917,0.37872156687729436,4.049710234157333
Papua New Guinea,1976,1,0.8583947368234266,-0.28429791633482676,0.6672815786116562,0.38621410789462446,1.6275925069948805
Papua New Guinea,1977,1,1.5669262755092181,-0.230158407562014,0.14680156939333663,-0.08841073920174496,1.3951586981387958
Papua New Guinea,1978,1,0.46481012254513815,0.1829602336263092,0.04950592527066737,0.03714785584865942,0.7344241372907742
Papua New Guinea,1979,1,-1.6997558662359156,0.8068399744261889,0.23482190826481023,1.3737914731572611,0.7156974896123449
Papua New Guinea,1980,1,1.7463931935590704,-0.515619048142563,0.34639627671377127,-0.24459252273032886,1.3325778993999498
Papua New Guinea,1981,1,-9.484323517465018,3.6248803388189055,3.138849364543365,2.0654208282941258,-0.6551729858086226
Papua New Guinea,1982,1,0.3959964335523908,-0.9903474842671295,-1.8853106247741174,2.155583851281201,-0.32407782420765485
Papua New Guinea,1983,1,0.3910994569172461,0.3596091056046225,-0.12101360448690306,0.19699159248633588,0.8266865505213015
Papua New Guinea,1984,1,-2.4695037646254647,0.3622529368126838,-0.13521610152776917,1.3189892524500866,-0.9234776768904633
Papua New Guinea,1985,1,2.1212657522575546,0.6180146024625335,0.20084609599683959,-1.1096367353940888,1.8304897153228388
Papua New Guinea,1986,1,1.4219582633098098,-0.0647140850000089,-0.06469762260754713,0.08485916316435389,1.3774057188666076
Papua New Guinea,1987,1,-0.6287114906317026,0.3526000764608615,0.20423214298836867,0.3481727357738923,0.2762934645914199
Papua New Guinea,1988,1,-1.5433356274131582,0.030650392413016363,-0.10902312696247912,1.474125279087191,-0.14758308287542987
Papua New Guinea,1989,1,-2.4297844607145502,0.2444579770979428,-0.7446289938136835,2.4063432310067405,-0.5236122464235504
Papua New Guinea,1990,1,-1.125706908733462,1.302683873053616,0.17884197946772257,-0.023037569735837614,0.3327813740520391
Papua New Guinea,1991,1,0.3066632650230132,0.3127945465395373,-0.022583361838499405,0.27673239733088933,0.8736068470549405
Papua New Guinea,1992,1,1.3154701408447365,-0.08355912554724824,0.1348898946687618,-0.07223011426638287,1.294570795699867
Papua New Guinea,1993,1,1.2255685174432653,0.05067461984267708,0.1588780225013221,-0.12169906128101371,1.3134220985062508
Papua New Guinea,1994,1,0.9406350539420016,0.1743179349027565,-0.5285487179136998,0.38524950122941243,0.9716537721604708
Papua New Guinea,1995,1,1.0826360564999016,-0.13047724609630693,0.21947100667718644,0.031774107135435686,1.2034039242162167
Papua New Guinea,1996,1,-1.3937402827853862,0.6578154947650917,0.3489986130847563,0.7659165003207324,0.37899032538519406
Papua New Guinea,1997,1,2.7828861991827973,-1.717740381800686,0.11453233793669226,0.3862630842329662,1.5659412395517698
Papua New Guinea,1998,1,0.6726225554642805,0.5714348220439539,-0.10728726983810924,-0.2008693710527571,0.9359007366173681
Papua New Guinea,1999,1,2.5838410181399283,0.09956338579690005,-0.05689698309878713,0.0035450199858427928,2.630052440823884
Papua New Guinea,2000,1,-2.4841938112874273,4.292140155514598,-0.1875124796249748,-1.4696405025276746,0.15079336207452165
Papua New Guinea,2001,1,-110.08856234372362,85.62880240296991,-22.203117001770373,-22.52965322871913,-69.19253017124322
Papua New Guinea,2002,1,-3.5180335201048947,1.9676119554981866,0.7993535903124496,1.2849313142234904,0.5338633399292321
Papua New Guinea,2003,1,2.990348924613197,-0.48936197317466984,-0.4981123989034572,-0.43835731149409635,1.5645172410409738
Papua New Guinea,2004,1,-4.568605413163475,3.2382034934633195,4.414116058853983,0.15388439313552574,3.2375985322893532
Papua New Guinea,2005,1,0.9730508587083755,0.632796671239301,0.043341651985804266,-0.36047057243494685,1.288718609498534
Papua New Guinea,2006,1,-0.49621145095303254,0.7339484754803998,0.6903665773306333,-0.1027568122191774,0.8253467896388232
Papua New Guinea,2007,1,-0.0038577806595053383,0.3321452218274354,0.2123693303582333,0.10956215265493716,0.6502189241811004
Papua New Guinea,2008,1,-7.925379201060641,-3.635121796802162,-1.8472554743935021,-2.654923974275873,-16.062680446532177
Papua New Guinea,2009,1,-2.3787221547165784,1.2758574670970553,0.13360842849916582,1.01468359342148,0.045427334301122446
Papua New Guinea,2010,1,-1.1981852240684536,1.1596011157605546,-0.042950179021473876,0.637896655969549,0.5563623686401762
Papua New Guinea,2011,1,-14.630522573266466,11.487979122902903,3.1787141362603375,5.297038343018331,5.333209028915109
Papua New Guinea,2012,1,-4.377628579360579,4.533292991925615,0.45718314723792614,0.5297692059788797,1.1426167657818427
Papua New Guinea,2013,1,4.081279008423655,-5.356963332448316,2.1861934447312947,1.4108040043199831e-5,0.9105232287466762
Papua New Guinea,2014,1,1.6124224379490288,-1.0033370631420242,0.21453363214599366,0,0.8236190069529983
Papua New Guinea,2015,1,0.8069001838399897,3.9076163281483596,-0.5875404539010466,-2.4489178278445385,1.6780582302427642
Papua New Guinea,2016,1,-0.043688165690299444,0.9453492584311337,-0.3103600420098899,0.0462866881741609,0.6375877389051052
Papua New Guinea,2017,1,1.2224268407285366,-0.7921268201010104,0.8754807907425556,0.09901996050958484,1.4048007718796667
Papua New Guinea,2018,1,4.527338556550472,-37.95122378004348,34.422925360414034,-0.4150781059246819,0.5839620309963429
Papua New Guinea,2019,1,0.03693533311177075,1.9129437093484374,-1.5701211683551106,0.05812169010123339,0.4378795642063309
Papua New Guinea,2020,1,-0.0038403947150782783,-1.383192346801576,0.7608054009999619,-0.0818905642255444,-0.7081179047422368
Papua New Guinea,2021,1,3.0693383891169836,-7.603057461358913,1.1412888525192988,-0.3578861641508621,-3.7503163838734923
Papua New Guinea,2022,1,0.025444486594231437,1.3195141019052659,-0.04930344530227229,0.05359887966539322,1.3492540228626182
Papua New Guinea,2023,1,-0.2713534965335847,3.5203080816598864,-0.05116865124400601,0.09277542587907271,3.290561359761368
Samoa,1970,1,0.1429891800013548,0.9120927479368657,-0.0026611551822683242,0.08639765066998202,1.1388184234259342
Samoa,1971,1,-0.30245601183365145,0.8340601149030683,0.27601017830681585,0.19261823839337996,1.0002325197696127
Samoa,1972,1,-0.29305680812150503,0.8278636069700401,0.2677724946243663,0.19680991295237715,0.9993892064252785
Samoa,1973,1,-0.3066337236984181,0.8353502564487184,0.2805733819869097,0.1916983083126219,1.000988223049832
Samoa,1974,1,-0.30383411095368307,0.8333221101535963,0.2782321546231528,0.19306438258631364,1.0007845364093795
Samoa,1975,1,-0.31730727796346825,0.8454466327669822,0.2880432670595485,0.1849671674904337,1.0011497893534962
Samoa,1976,1,-0.32082153487537346,0.8418265807788311,0.294780060415811,0.18722454170952857,1.0030096480287973
Samoa,1977,1,-0.4916761981875927,0.8415266799487781,0.5140844763382569,0.18378564643723733,1.0477206045366798
Samoa,1978,1,-0.2695810979317143,0.7998241076558181,0.2549359631626059,0.21537247777440133,1.0005514506611108
Samoa,1979,1,-0.3704888175185491,0.8681341236480038,0.3422738502175096,0.16922096794056907,1.0091401242875335
Samoa,1980,1,-0.47463793118959074,0.8729455851419702,0.47288048992026427,0.1639072603295315,1.0350954042021754
Samoa,1981,1,-0.329949271396497,0.9133383897648565,0.26243891208607734,0.1409615537210924,0.9867895841755291
Samoa,1982,1,3.477067211825185,-1.4089571256199709,-3.1896154619029575,1.717951180259842,0.5964458045620984
Samoa,1983,1,15.41696063604587,-4.294720525208065,-16.724941201912564,3.830831666602654,-1.771869424472106
Samoa,1984,1,-1.7840799208607094,-1.102439929848773,3.368957460321425,1.4086416264147994,1.8910792360267419
Samoa,1985,1,-1.4971028439881058,1.9514702482073123,0.8964829235457664,-0.002341029489477899,1.3485092982754951
Samoa,1986,1,-0.2962618036847571,1.1108846284337803,0.4549682188120663,-0.20198060174077714,1.0676104418203123
Samoa,1987,1,-19.349766988031725,8.188362542920505,3.0971187031236638,6.468830061036951,-1.5954556809506073
Samoa,1988,1,-6.645380248446428,6.743908333454839,1.1909216132324627,-0.7212357657677843,0.568213932473089
Samoa,1989,1,-0.14965089415005683,0.7039631594208735,0.15449995648664064,0.309572004924118,1.0183842266815755
Samoa,1990,1,-0.663087891791557,0.9638350651926386,0.4758250951414205,0.37190311612590204,1.1484753846684042
Samoa,1991,1,6.559171070750242,-6.3848913348858805,0.573440035260859,0.4980942398291215,1.2458140109543425
Samoa,1992,1,62.373294669944066,-27.611704218857597,-19.552024776842156,-15.315121361591272,-0.10555568734695697
Samoa,1993,1,2.7587592627657664,-1.4919045804866953,0.32225359300123585,-0.5485243194449794,1.0405839558353278
Samoa,1994,1,-7.779114156539566,7.383023429020187,2.3114507527836,-0.8499166163023398,1.0654434089618805
Samoa,1995,1,0.7651886895666251,1.1199558870710062,-0.11181711777238988,-0.6987303944166576,1.0745970644485838
Samoa,1996,1,0.18860553332951333,0.4646783528286745,0.26401633741246944,0.10516970248945626,1.0224699260601136
Samoa,1997,1,0.4299819992859695,7.921164342576684,-0.6342456029439545,-7.004028004618097,0.7128727343006016
Samoa,1998,1,-0.2677874946186401,-2.0454522705087728,1.1761232353812627,2.3733872409753993,1.2362707112292493
Samoa,1999,1,-2.2687484145799535,2.967854671145752,0.1092682365679972,0.17242703132291815,0.9808015244567136
Samoa,2000,1,0.25974135401826737,0.34207999577073295,0.21832753660840842,0.15095962996916817,0.9711085163665769
Samoa,2001,1,-0.8693337692045852,1.4879788504492806,0.2221323520055012,0.15846993378591084,0.9992473670361074
Samoa,2002,1,0.004065873474233688,1.0666081506617628,0.17708701329603313,-0.2575062064180333,0.9902548310139964
Samoa,2003,1,-0.03758957421805075,0.9000044217871814,0.13338638641996545,-0.019254849010933363,0.9765463849781628
Samoa,2004,1,-0.006190743319628629,0.976652008509614,0.1476549115904613,-0.11925520487708503,0.9988609719033614
Samoa,2005,1,-0.02814459508402359,0.9062581798299604,0.18562637192345816,-0.05731548385597488,1.0064244728134202
Samoa,2006,1,0.5422632478934689,-0.8884084802108179,-1.6907024052822441,2.9576882466067578,0.9208406090071647
Samoa,2007,1,-0.08439579541922042,0.48787425417041186,-0.09941968670399981,0.6835357121281658,0.9875944841753576
Samoa,2008,1,-0.6242452007801975,2.550016816121032,1.4107918841646392,-2.2631607670545457,1.0734027324509279
Samoa,2009,1,-1.989087809861722,14.344233897126568,2.9425342303296853,-6.518019961122354,8.779660356472178
Samoa,2010,1,-2.4829794380343544,0.37473504719713063,0.4649541206297816,7.655516276910133,6.012226006702692
Samoa,2011,1,-0.9842993133199226,0.405112426751963,-0.6403018413786558,-0.42973697862835614,-1.6492257065749714
Samoa,2012,1,0.7559482226412788,0.5471542445328607,-0.5206050142429791,0.5755270381434882,1.3580244910746484
Samoa,2013,1,1.9838847447222816,3.630969438835342,0.02956311347508109,-0.7941281098405606,4.850289187192144
Samoa,2014,1,-1.023178896604633,-1.398913187632099,-0.001449662808342678,0.5661298355962721,-1.8574119114488026
Samoa,2015,1,0.7951262608222551,0.28314790219579167,-0.11856194362030707,0.2192097035514296,1.1789219229491692
Samoa,2016,1,0.07294320023263386,1.0491952974669807,-0.4629159619713261,0.8296230494411679,1.4888455851694564
Samoa,2017,1,1.5957107951478626,-1.8695400886242048,-1.9553926759376121,1.8555074435793748,-0.37371452583457954
Samoa,2018,1,-0.5734432453517765,-0.6869562538955455,0.8955707992445614,-0.38098327230293416,-0.7458119723056947
Samoa,2019,1,-0.3886306766623649,1.2926039285591626,0.28884225189548096,2.070649177414097,3.263464681206376
Samoa,2020,1,1.0872008070279386,-0.404571548160557,-0.0073528704095855765,0.7874493852010125,1.4627257736588084
Samoa,2021,1,3.3209793954584357,-1.793391141632173,-0.021236497330325732,-0.05826051829832309,1.4480912381976139
Samoa,2022,1,1841.6627045626685,-2920.6466991936127,1050.524396999946,2265.6614819463257,2237.2018843153273
Samoa,2023,1,0.8615016382953687,0.581096206127984,-0.12220137116535913,-0.25641695231067535,1.0639795209473182
Sao Tome and Principe,1970,1,-0.308001309733046,0.8096946547197084,0.1713914952580257,0.35028821283782363,1.0233730530825116
Sao Tome and Principe,1971,1,-0.6452382056902273,0.7606169059364778,0.1006578784421262,0.19480335705196758,0.4108399357403443
Sao Tome and Principe,1972,1,0.6074151561524351,0.45231809582883287,-0.1261708175769475,-0.25099762826011884,0.6825648061442017
Sao Tome and Principe,1973,1,4.204466073488866,0.6496357658793254,-0.8386841243248752,-1.2382279934998643,2.7771897215434516
Sao Tome and Principe,1974,1,1.23138261782375,0.2566341678213595,-0.013663005696747483,0.12639165102535577,1.6007454309737177
Sao Tome and Principe,1975,1,-2.991714990695087,2.114415927059041,0.00928962003516822,0.5093467302115344,-0.3586627133893434
Sao Tome and Principe,1976,1,-1.3539761156271808,2.7245260933949567,-0.028218050098705264,1.1010237414589608,2.4433556691280307
Sao Tome and Principe,1977,1,0.29617844526113335,0.4447562410538255,0.012018664389333614,0.6110469796800803,1.3640003303843728
Sao Tome and Principe,1978,1,0.9420109671229182,3.4954271445483616,-0.07274644575550084,-3.1449223964975825,1.2197692694181965
Sao Tome and Principe,1979,1,0.06402056127542567,0.9265326288302386,0.001439028358733771,0.34886536075220975,1.3408575792166078
Sao Tome and Principe,1980,1,7.287666706482791,16.516916005583813,-10.693195536764877,-3.3557387319652547,9.755648443336472
Sao Tome and Principe,1981,1,0.02672123197280608,0.5472911194680633,0.15537631304407168,0.18481242005923532,0.9142010845441764
Sao Tome and Principe,1982,1,0.17685012495760977,0.5472911464463055,0.10271970235589098,0.1826803884384553,1.0095413621982616
Sao Tome and Principe,1983,1,0.704952285221925,0.5472908964698842,-0.08250606904631184,0.1853413663146943,1.3550784789601917
Sao Tome and Principe,1984,1,-1.7146033156538225,0.5472912014748038,0.7644227289322403,0.1889170554026858,-0.21397232984409253
Sao Tome and Principe,1985,1,-1.7078890771456032,0.5472907795923925,0.8342340733058644,0.010338357666921441,-0.31602586658042475
Sao Tome and Principe,1986,1,-0.555661275087086,0.5497798237169899,0.29315948085858307,0.34796182307047263,0.6352398525589595
Sao Tome and Principe,1987,1,-1.2174226235626602,1.7952080486331792,0.33049485158541175,0.3837064745818122,1.2919867512377428
Sao Tome and Principe,1988,1,3.229694442333747,-1.9832063311923378,1.0278149468859252,3.3145431200087896,5.588846178036124
Sao Tome and Principe,1989,1,-8.407078605906282,9.720648337156703,-0.6776007240820497,2.7383755829706247,3.374344590138996
Sao Tome and Principe,1990,1,0.6117580936872494,1.9509643772654846,1.973725320823177,-1.2990558331284612,3.23739195864745
Sao Tome and Principe,1991,1,2.4209040563216586,-2.655325362713177,-0.2595453136315802,7.147729964624588,6.653763344601489
Sao Tome and Principe,1992,1,-2.2945616737763856,2.2839963836933053,3.269176863137265,3.182556065100302,6.441167638154486
Sao Tome and Principe,1993,1,-0.48665251926079595,0.8974104947385806,1.3996316517878078,-2.891129615935092,-1.0807399886694997
Sao Tome and Principe,1994,1,2.2827653704631214,-3.1134362398505355,-0.39048540792599906,3.6180879937681882,2.396931716454775
Sao Tome and Principe,1995,1,-6.65597928717108,-0.028080785772527272,-0.8528490480059762,15.426644795591496,7.889735674641912
Sao Tome and Principe,1996,1,4.676454076742326,1.9361136486635409,-0.001628031574297989,-8.194103604135215,-1.5831639103036457
Sao Tome and Principe,1997,1,5.648061874017741,-0.8390757404390355,2.289346229832606,-7.2441379582462195,-0.14580559483490685
Sao Tome and Principe,1998,1,5.095774132270337,-0.32912148061008334,-1.014638991464538,-5.511607915023691,-1.7595942548279746
Sao Tome and Principe,1999,1,0.3366866411572177,0.1083120690351344,0.8724187346988567,2.2900838163393016,3.60750126123051
Sao Tome and Principe,2000,1,-12.12097242944959,24.49673407393254,2.807191350130565,-7.612419969379319,7.5705330252341945
Sao Tome and Principe,2001,1,-0.6540291251520892,-2.9366179883702515,2.8014645132397895,0.5390516674808711,-0.25013093280168
Sao Tome and Principe,2002,1,6.30949223764031,2.1957415268547975,1.9045834553796215,-1.174182111483227,9.235635108391502
Sao Tome and Principe,2003,1,-0.6531796497744282,0.9993878175317944,-0.810195305127581,0.5049003785632032,0.04091324119298845
Sao Tome and Principe,2004,1,-2.2452176169401175,0.6814931004321033,2.4422563941291187,0.006967028096468161,0.8854989057175726
Sao Tome and Principe,2005,1,0.5546994424000442,0.27479313157797147,-0.2813753072660782,0.4620217524134427,1.01013901912538
Sao Tome and Principe,2006,1,-2.0873638947321274,2.0576212255166157,0.22946766575471972,-0.41858510525644144,-0.2188601087172335
Sao Tome and Principe,2007,1,-3.0138964655496165,0.08600406926680941,1.191692010951727,3.133079867562882,1.3968794822318022
Sao Tome and Principe,2008,1,-0.8348020137614344,1.2760374965771013,0.18106885094367564,0.0870854900122913,0.709389823771634
Sao Tome and Principe,2009,1,0.7657799188238053,0.6079027490475757,-0.03974087576935279,-2.1003332826820733,-0.7663914905800451
Sao Tome and Principe,2010,1,-0.29891480055326547,0.7471583456218037,0.2521765713883299,0.3204210091479064,1.0208411256047745
Sao Tome and Principe,2011,1,-0.29787750401822727,0.7445656283074525,0.2513014812868249,0.3193091138117683,1.0172987193878185
Sao Tome and Principe,2012,1,-0.293751743770076,0.7342529091786915,0.24782079889622247,0.31488646387148106,1.003208428176319
Sao Tome and Principe,2013,1,-0.3090808468519544,0.3862845561426541,0.25553799893933266,0.33131848584057705,0.6640601940706095
Sao Tome and Principe,2014,1,-0.31408749709347455,0.7219626429343183,0.2647245161103505,0.3366853517828852,1.0092850137340794
Sao Tome and Principe,2015,1,-0.2982637514988931,0.7064658227579272,0.2513876647090304,0.3197231093972402,0.9793128453653048
Sao Tome and Principe,2016,1,1.0053386367306523,0.8546226002569579,-0.1815890066629705,-0.7775345903784516,0.900837639946188
Sao Tome and Principe,2017,1,-0.25021789192946453,0.7412117871605823,0.23786391365303575,0.2803797001713726,1.0092375090555263
Sao Tome and Principe,2018,1,-0.050033680541980347,1.0685149127567066,0.26315541278070986,0.17859528434366906,1.4602319293391053
Sao Tome and Principe,2019,1,1.1152977909342146,-0.4900547030893555,-0.0876482807209018,0.4469223346912977,0.984517141815255
Sao Tome and Principe,2020,1,-1.0975002624888603,2.033410348175701,0.641877374447706,-1.6395593287570942,-0.061771868622547466
Sao Tome and Principe,2021,1,0.2624161174534616,-3.070412636021072,-0.9978360814378114,6.424962169960893,2.6191295699554713
Sao Tome and Principe,2022,1,-25.615232667993773,-15.515930698073158,-4.814681564052629,59.06857176075115,13.122726830631592
Sao Tome and Principe,2023,1,16.342346328217356,16.537330111941912,5.261074773091893,-46.57883760343489,-8.43808639018373
Seychelles,1970,1,-0.37177495189675175,1.0171211716521382,0.23591928835680612,0.04847839521611212,0.9297439033283048
Seychelles,1971,1,-0.04329719642799972,0.38649533696573424,0.21960472276559548,0.5011095970739333,1.0639124603772632
Seychelles,1972,1,-0.04311125515135523,0.38595619408685816,0.21974642934047067,0.5013724368998173,1.063963805175791
Seychelles,1973,1,-0.04041903609895146,0.3837101973531584,0.21990358640676,0.5005065561242892,1.0637013037852563
Seychelles,1974,1,-0.07225253523768482,0.4175602852372607,0.21556021962463473,0.5046175871945888,1.0654855568187993
Seychelles,1975,1,-0.03866867417836916,0.37874588974006207,0.22119979277216634,0.5028877814797186,1.064164789813578
Seychelles,1976,1,-0.03676409202825995,0.3806074641954238,0.2201352116243305,0.49937601509732243,1.063354598888817
Seychelles,1977,1,-0.06915303471737709,0.4132413712696891,0.21633171415531957,0.5050768971827854,1.065496947890417
Seychelles,1978,1,-0.02319840381266861,0.36065191444628947,0.2238706629075966,0.5022710336415593,1.0635952071827768
Seychelles,1979,1,-0.019032248867499546,0.36731856244128747,0.22065785069380398,0.49240920016329326,1.061353364430885
Seychelles,1980,1,0.30847388762410355,0.03613536031249915,0.259526464328293,0.4357721609257123,1.039907873190608
Seychelles,1981,1,-0.23575810400560462,0.6083775157779991,0.18747427541927808,0.5114876349812867,1.071581322172959
Seychelles,1982,1,-0.5083967226381195,0.5709441152829937,0.2618184676429782,0.8217402216042166,1.1461060818920688
Seychelles,1983,1,3.0676213452766095,-2.590499857706135,0.5312737002643373,-0.1787487146038613,0.8296464732309508
Seychelles,1984,1,1.0777749433658357,-0.8448003330762508,0.38592421225910545,0.3892751917473637,1.008174014296054
Seychelles,1985,1,-0.11342468088971457,0.6976123064114987,0.12943229536830506,0.3114118107354081,1.0250317316254973
Seychelles,1986,1,-2.0904225304971247,0.5449591759652452,1.7167058233831916,-1.7505435589669578,-1.5793010901156457
Seychelles,1987,1,1.0731277695117434,-1.6287828603993684,0.7939387072145714,1.3492695178039313,1.5875531341308777
Seychelles,1988,1,-0.06109551177192337,0.34921655936967294,-0.33838472688531646,1.642745493616338,1.5924818143287711
Seychelles,1989,1,0.12047589859230928,0.19145100031614343,0.1969606675539329,0.6653096673472398,1.1741972338096254
Seychelles,1990,1,1.122518738315998,-0.08565918778982921,0.14951127727019203,0.09552627539406583,1.2818971031904267
Seychelles,1991,1,0.26170734789281686,1.4465287557057078,-0.497362035562918,-0.2864010924620782,0.9244729755735286
Seychelles,1992,1,-0.023474744947379268,0.018076621502669993,0.6192697796181024,0.15452531297898925,0.7683969691523824
Seychelles,1993,1,-1.3358577225581254,-1.3606070048687013,1.7633633358010208,1.798426771197712,0.865325379571906
Seychelles,1994,1,-5.194060347995843,14.729453222414982,-8.995062653208931,4.7067608802373435,5.247091101447551
Seychelles,1995,1,2.965257064682419,-17.04435933737309,15.031763471834351,-6.2761871773546245,-5.323525978210947
Seychelles,1996,1,0.3078581622865329,-0.8381365739818237,1.4720845408031404,7.028483405974927,7.970289535082777
Seychelles,1997,1,-0.11333089234625099,0.967512484006487,-0.13673573509821474,0.1338756026546964,0.8513214592167175
Seychelles,1998,1,-0.3966380415298608,-0.03474054864281856,0.20629132320929647,0.3917673339914511,0.16668006702806815
Seychelles,1999,1,-1.2939940031398887,2.738017589191245,-1.0746846978772557,1.202322173106195,1.5716610612802955
Seychelles,2000,1,-149.28254840362558,41.423753679865,2.2351691706642622,32.83493445159887,-72.78869110149745
Seychelles,2001,1,8.059041383137702,-3.8689430423368476,2.1843703609834377,-5.680882332033104,0.6935863697511877
Seychelles,2002,1,9.89152307578788,-7.9585634764057485,6.01282693656592,-9.045967342273764,-1.100180806325712
Seychelles,2003,1,-1.3798585630056053,-0.6991595126560954,0.5390259640510101,2.7570329177671358,1.2170408061564455
Seychelles,2004,1,3.1677403368461166,-5.773409971748374,-1.9214681896766026,8.6565428442764,4.12940501969754
Seychelles,2005,1,-1.648472149796814,0.7803195777655448,-0.09813252930943496,2.5307359731102697,1.5644508717695653
Seychelles,2006,1,0.8784947798475315,-0.08166039887365349,0.6682946121787606,-0.329460284254037,1.1356687088986017
Seychelles,2007,1,1.056248138546173,0.33875267055521585,0.042374039657158385,-0.2956607442030601,1.1417141045554873
Seychelles,2008,1,6.421893962289156,-8.966318610402228,3.9821732652369857,3.4706652827581945,4.908413899882108
Seychelles,2009,1,-27.39892610522203,14.5573550501249,-0.5580263116652616,3.3164214385474007,-10.083175928214995
Seychelles,2010,1,-3.777710218198704,2.183369514272248,0.05286504043992906,1.7229634429447511,0.18148777945822392
Seychelles,2011,1,-2.087933382824941,1.9024295391959092,0.41486343528852887,-0.1611232429261231,0.06823634873337392
Seychelles,2012,1,-0.8790716738119547,0.9346913881282668,0.45693407162011573,0.6541662903657715,1.166720076302199
Seychelles,2013,1,-0.2956845389565951,1.7362597705157905,0.464411544357896,0.40214033477986055,2.307127110696952
Seychelles,2014,1,0.04814647642254632,0.007964521181115973,-0.013172399632982558,-0.34467053741485404,-0.3017319394441743
Seychelles,2015,1,0.8100884667093724,-0.22544895722854807,0.2475914560790115,0,0.8322309655598359
Seychelles,2016,1,-0.26522180180475946,0.8862300980403474,0.18395162086961273,0.04436302086933254,0.8493229379745333
Seychelles,2017,1,-0.13615322448494685,0.9932175574561959,0.18868755624620226,0.24614160771763888,1.2918934969350901
Seychelles,2018,1,-0.4382639637890014,1.8470099773298334,0.6581966351202267,-0.14857938257711706,1.9183632660839416
Seychelles,2019,1,0.5522019766742252,0.2567603673559215,0.08614779588673613,0.24604368095185353,1.1411538208687364
Seychelles,2020,1,0.9468393516000351,-0.29146318655170755,-0.19558245189358808,0.19350062359606207,0.6532943367508015
Seychelles,2021,1,-6.28918383566404,22.11221112588179,0.5181559370686845,-8.388663719286248,7.952519508000186
Seychelles,2022,1,1.0147052444302562,0.5145776765252684,-0.2382787437402938,0.10185092173907052,1.3928550989543014
Seychelles,2023,1,-0.1184506963656734,-0.45886850255313194,1.2834014717073736,0.3683272248774005,1.0744094976659686
Singapore,1970,1,-0.06541600812028192,0.6118629844277844,0.10341419840400531,0.3418295361267524,0.9916907108382602
Singapore,1971,1,-0.14483510273281705,0.6128042627053729,0.17018528236386354,0.4604609857506226,1.098615428087042
Singapore,1972,1,0.027584359935741442,0.43897295125869523,0.12958623460096666,0.23761381896090344,0.8337573647563068
Singapore,1973,1,0.23350894115897003,0.47187801439487187,0.06785634785189616,0.23146842769162232,1.0047117310973603
Singapore,1974,1,-0.09087209302326461,0.6791279069767809,0.006860465116277314,1.1209302325581398,1.7160465116279335
Singapore,1975,1,0.5581043609781258,0.48962272077973573,0.0806654902949346,-0.5938996722964426,0.5344928997563535
Singapore,1976,1,0.1682773564463258,0.42665222101840855,0.07449620801733765,0.3078656554712921,0.9772914409533642
Singapore,1977,1,0.38564924262333145,0.4496979248752604,0.14460204885736652,-0.15077488836354525,0.8291743279924131
Singapore,1978,1,-0.08869715894737053,0.49041550846535803,0.16490379408684966,0.5290061730623292,1.0956283166671663
Singapore,1979,1,0.10698511369212096,0.399040296635598,-0.002181144010030815,0.6311412836032512,1.1349855499209394
Singapore,1980,1,0.09378600145769521,0.31253379728679886,0.1110431899936487,0.5627630310582273,1.08012601979637
Singapore,1981,1,0.12432119469734454,0.24063647979556574,0.054324389075229025,0.2616594793163999,0.6809415428845391
Singapore,1982,1,-0.10409635909675899,0.2875956868878289,0.1919499547287853,0.7646994265646175,1.1401487090844729
Singapore,1983,1,0.08275554043132377,0.32785316261855796,0.12239993194096056,0.48258113913819856,1.015589774129041
Singapore,1984,1,0.07665033645322862,0.31912541222670626,0.06772908366534053,0.44636763948988323,0.9098724718351586
Singapore,1985,1,-0.666006927263879,0.05789213260764984,-3.446313706087152,7.615042058389184,3.560613557645804
Singapore,1986,1,1.3894019856847726,1.3747402447473271,0.0884322327407115,-2.567305472177677,0.28526899099513403
Singapore,1987,1,0.1349643712193107,0.455850061624331,0.014563175565598017,0.2778761563416268,0.8832537647508666
Singapore,1988,1,0.3826853304569486,0.48576926848400787,-0.06232839772504352,0.02815503039811715,0.83428123161403
Singapore,1989,1,0.120117259069258,0.39179186515206954,0.05948454867472824,0.3696103578844601,0.9410040307805158
Singapore,1990,1,0.006503263101156168,0.3550873410026881,0.10516476080149632,0.47593104476585346,0.942686409671194
Singapore,1991,1,0.30981919673664826,0.4225797052553971,0.11806652455949283,0.15203422840403888,1.0024996549555771
Singapore,1992,1,0.08345761239410068,0.40723955693911623,0.037703612538912565,0.4406139144284306,0.96901469630056
Singapore,1993,1,0.027022987239807266,0.46732853973598604,0.12685463442264436,0.4430353855594233,1.064241546957861
Singapore,1994,1,0.33982840189235736,0.3004351914623734,-0.0039436948265428535,0.03446541430664432,0.6707853128348322
Singapore,1995,1,0.09190713908850998,0.23744876009579932,0.12699379033240613,0.6392913673444809,1.0956410568611963
Singapore,1996,1,0.040260035459286025,0.3764695185707032,0.19599945447105505,0.4920943765058849,1.1048233850069291
Singapore,1997,1,-0.006513741943227269,0.2927383558312056,0.075877112975804,0.7515581296363816,1.1136598565001639
Singapore,1998,1,-2.076546103445895,0.3647525701805164,-0.3373461886751467,3.568822244712431,1.5196825227719057
Singapore,1999,1,-0.06967499608737313,0.7007981637017893,0.12155041994886555,0.48909176274190663,1.2417653503051884
Singapore,2000,1,-0.5356377963573066,0.6469688360505137,0.2150068996522032,0.8969360548974905,1.2232739942429007
Singapore,2001,1,-3.6537941034319887,-3.3777187046888466,-0.5437892701789817,7.142049299179489,-0.4332527791203278
Singapore,2002,1,0.8211918763587095,0.43055833366673524,0.14405728687441907,-0.3200517395421086,1.0757557573577552
Singapore,2003,1,1.571989905474539,0.1375600469306815,0.024671817235967976,-1.5786421092244738,0.15557966041671456
Singapore,2004,1,-0.01648040227301225,0.24972992873995092,0.012101130181616128,0.8147093161263106,1.0600599727748654
Singapore,2005,1,0.5774533995302753,0.25145524273865394,0.05950590123970194,0.018961262895024516,0.9073758064036557
Singapore,2006,1,0.37840996073137995,0.2134681842680918,0.08585197498040763,0.3454234171395877,1.023153537119467
Singapore,2007,1,0.4057419721488394,0.32601724831686363,0.028087627091227405,0.28761713548516404,1.0474639830420944
Singapore,2008,1,-3.948993313315888,0.9456776023725023,0.3321421334757639,3.5598762134578115,0.8887026359901893
Singapore,2009,1,26.400842770632437,-0.9091387937856075,3.8746378720072228,-20.884382407181015,8.481959441673038
Singapore,2010,1,0.40276248600558945,0.1258996391013007,0.07523011058752299,0.40943343308076274,1.013325668775176
Singapore,2011,1,0.7765798483042917,0.24398513306474284,-0.003021619474553675,0.1641131854205679,1.1816565473150489
Singapore,2012,1,-0.32525092478808165,0.3145651780645347,0.018751520520000623,0.8722887958729071,0.8803545696693607
Singapore,2013,1,0.18443035399063348,0.2174867054185173,0.2273579665751909,0.28711896656969554,0.9163939925540372
Singapore,2014,1,0.5438751982942042,0.3343930431655018,0.01578004277374992,0.015182751777417583,0.9092310360108734
Singapore,2015,1,1.2112460888673877,0.6296045160816397,0.28817796367856574,-0.951816481083678,1.1772120875439152
Singapore,2016,1,-0.054593673293411867,0.333537335728637,0.10612072993372478,0.6727801578056682,1.057844550174618
Singapore,2017,1,0.20585486600491007,0.2593064080220578,0.07678512793311863,0.6545376474451746,1.196484049405261
Singapore,2018,1,0.7969634761252191,0.45077742701737994,0.08341137580084186,-0.2703783870947676,1.0607738918486733
Singapore,2019,1,0.058216227225039115,0.7383559712363619,0.2529805267032902,0.031097742476223333,1.0806504676409143
Singapore,2020,1,-0.5844827123014495,1.2853773204738306,-0.3487843537597601,0.8672756091663447,1.2193858635789656
Singapore,2021,1,0.2338617158519181,0.2816393398715319,0.04835347317391093,0.5330756147970921,1.096930143694453
Singapore,2022,1,0.11393738247656342,0.7125337799652468,-0.05504978370546544,0.18839715991406342,0.9598185386504081
Singapore,2023,1,2.663616611612656,1.2094645916870692,0.26130963946936503,-3.113917789828704,1.020473052940386
Solomon Islands,1970,1,0.320852186876836,0.35475266602392463,0.10949526845441954,0.2258224059762209,1.010922527331401
Solomon Islands,1971,1,1.0561689921851758,0.5932840483729057,-0.39335815639904664,0.9075616534987093,2.163656537657744
Solomon Islands,1972,1,-0.7566479725714272,-1.600890422988608,0.39255990929847745,0.010952574047824539,-1.9540259122137333
Solomon Islands,1973,1,0.4579641646588594,-1.4914121448097695,1.4015218748841114,0.11560454356823617,0.4836784383014376
Solomon Islands,1974,1,0.8666035197297489,0.29789184859788553,0.1604094261627348,0.05540655719617655,1.380311351686546
Solomon Islands,1975,1,3.2144706478457614,-0.8539703574223957,-0.4576927586182355,-0.15899577823242886,1.7438117535727014
Solomon Islands,1976,1,1.7974862724467675,-0.17748721355210173,-0.09710206035155079,-0.03309867533879479,1.4897983232043202
Solomon Islands,1977,1,1.1248492024848462,0.18816058655870257,0.10615963777349098,0.03491948843285652,1.4540889152498964
Solomon Islands,1978,1,-0.58084841155363,0.7855889517324682,0.4163655887594327,0.14665886444603002,0.767764993384301
Solomon Islands,1979,1,1.2196073419872684,0.30944934799631707,0.1621849500932276,0.05727451942205017,1.7485161594988632
Solomon Islands,1980,1,1.797722267825801,-0.11076338835127157,-0.10317706428598969,-0.02041664650090906,1.5633651686876306
Solomon Islands,1981,1,-0.34644973732033946,1.4285911782917098,0.7064565300847697,0.2693719996080456,2.0579699706641854
Solomon Islands,1982,1,2.9173559254702552,-0.676029530429815,-0.2178806054716934,-0.08744213189946763,1.9360036576692794
Solomon Islands,1983,1,0.5968457428124074,0.5097674194179819,0.06115450370933734,0.09266090361181269,1.2604285695515394
Solomon Islands,1984,1,2.4005733284774897,-0.25563443188109036,-0.532948326025662,-0.03301284709671456,1.5789777234740228
Solomon Islands,1985,1,-7.28553547510726,3.981314036908548,2.351666866368121,0.6534686471536437,-0.2990859246769473
Solomon Islands,1986,1,3.7733909913510773,2.1173600850719496,-8.11722095767217,0.14209179006774414,-2.084378091181399
Solomon Islands,1987,1,0.9094072806144953,0.6710114754713266,2.001777654457067,-0.5052473016679414,3.076949108874947
Solomon Islands,1988,1,-2.033938497979681,1.7339211575636506,-0.7275890707100202,0.9750210226654866,-0.05258538846056382
Solomon Islands,1989,1,-7.898085681239028,14.417512554503954,5.952028020686139,-0.8898629993958299,11.581591894555235
Solomon Islands,1990,1,0.6828803318493597,1.595369846904629,0.2904072477199796,-0.20025836717862894,2.3683990592953394
Solomon Islands,1991,1,5.801686133314989,-9.247114059612985,-0.815956413065827,-0.3630531860878148,-4.624437525451636
Solomon Islands,1992,1,0.725927589229908,-1.9945952252318615,0.9753908023114068,0.004833310530970999,-0.28844352315957567
Solomon Islands,1993,1,-8.291741470313255,20.64487041108985,2.7633044421692525,0.6219165856712654,15.738349968617115
Solomon Islands,1994,1,-0.7728737379564921,2.36126510626502,0.9292938242713639,0.046268201465454135,2.563953394045346
Solomon Islands,1995,1,0.4134223839998399,0.5776503797634572,-0.14718762806615238,0.03210752224516155,0.8759926579423063
Solomon Islands,1996,1,2.550662747911679,-2.5376710864750267,-3.7617299041742984,0.03479359943402191,-3.7139446433036247
Solomon Islands,1997,1,-3.506947464220671,2.117702714311428,-0.4676042765387415,0.7482187435942802,-1.1086302828537042
Solomon Islands,1998,1,1.0706853769941918,-7.463973411380077,1.0635939622353803,0.7932948815567605,-4.536399190593745
Solomon Islands,1999,1,7.345787990361426,10.5101722328784,-7.975698016769979,-1.6596797993841828,8.220582407085665
Solomon Islands,2000,1,0.227439783925741,0.10494345309490033,0.5525651045461719,0.10933086068024805,0.9942792022470612
Solomon Islands,2001,1,1.8115914848588446,-0.1744637239719159,0.9531871383954711,-0.07200200324294327,2.5183128960394567
Solomon Islands,2002,1,16.293623124205133,-10.69234666412601,-4.932110970510273,-4.592277199262301,-3.923111709693451
Solomon Islands,2003,1,0.7085494975391342,-1.1287394765222165,-0.25581410093649287,0.8351013489586309,0.15909726903905574
Solomon Islands,2004,1,-1.0129230243829257,0.5044286200885663,0.8743474641822487,0.6956142630774429,1.0614673229653322
Solomon Islands,2005,1,-0.3081541746881044,0.8056534713062604,2.7078213346043314,-2.5446469718201237,0.6606736594023637
Solomon Islands,2006,1,-2.396443838607766,0.6630384586254575,0.03384554346255621,3.0503990149777613,1.350839178458009
Solomon Islands,2007,1,-2.284351302287376,1.4175549309715023,-0.2420981411145372,2.6868272617558433,1.577932749325432
Solomon Islands,2008,1,1.3982826440860647,0.4590878716523848,-0.13212891878535607,-0.7286375278275469,0.9966040691255466
Solomon Islands,2009,1,0.7353513987335624,-0.3250737121707189,-0.007710256128716934,0.16696928952729137,0.5695367199614179
Solomon Islands,2010,1,-1.2138267277495909,0.5694413618100453,0.3492221740240622,1.6094842262589297,1.3143210343434464
Solomon Islands,2011,1,2.317819368851463,0.3559204032295538,-0.7843992060535205,-0.7103817755584445,1.1789587904690515
Solomon Islands,2012,1,2.514963246838868,0.8076307078565119,-0.9985161077062926,-1.8936069408839833,0.43047090610510397
Solomon Islands,2013,1,-0.5980547349377504,0.34877597552922757,1.1899896672839207,-0.09662253228062091,0.8440883755947769
Solomon Islands,2014,1,-3.877314187826277,1.6594175456795326,0.7445108971336917,-0.8146576624736895,-2.288043407486742
Solomon Islands,2015,1,-1.9162501422988436,0.9099950421847661,0.8328788601613304,1.7618208559041217,1.5884446159513743
Solomon Islands,2016,1,0.42314268874108113,0.3902312810696605,0.22311856713763983,0.13911048585532063,1.1756030228037022
Solomon Islands,2017,1,1.1594943035857406,0.01771911665478291,-0.5198674213938022,1.061568904992325,1.7189149038390463
Solomon Islands,2018,1,-1.980672770516162,1.6312381484760887,1.4004443136355815,0.4447728361592462,1.495782527754754
Solomon Islands,2019,1,-3.088510544236209,0.809478667624457,1.0339682827695464,2.343192684480021,1.0981290906378152
Solomon Islands,2020,1,-3.1991093620199686,2.636180188506525,1.2229833817220745,0.8992893361092208,1.5593435443178523
Solomon Islands,2021,1,-0.5667380035669639,1.5782680739361699,0.5728649177289643,-0.9897969021614087,0.5945980859367616
Solomon Islands,2022,1,-1.183615661615575,-0.17164655648504146,0.024602833086864437,2.785721758556564,1.4550623735428119
Solomon Islands,2023,1,1.1877404816424126,0.12995846845310166,0.06287473728739844,0.23715361810204594,1.6177273054849586
Suriname,1970,1,0.3940637855781953,0.3698060072248901,-0.03580298903163238,-0.1824498328378609,0.5456169709335922
Suriname,1971,1,-0.08585428707652357,0.22689222005727808,0.1963488318678755,0.0626752228953237,0.40006198774395374
Suriname,1972,1,0.5701921651199224,0.39410072838711646,-0.04001979960714111,1.1122548819810782,2.036527975880976
Suriname,1973,1,-0.6203484585430431,2.047665559100097,-1.0758616044011515,0.5271222541002926,0.8785777502561952
Suriname,1974,1,0.30213755865495745,1.0796553640934246,0.28352414911595336,-0.6700876519522124,0.995229419912123
Suriname,1975,1,-0.7459300476421885,0.516961093639281,0.6804825775683054,0.56772355852589,1.0192371820912878
Suriname,1976,1,0.6419978285668116,-1.4525372867439537,0.7391250128193199,1.0607064956074068,0.9892920502495847
Suriname,1977,1,-0.7145094257735929,1.551062709334027,-0.1043089050299195,0.26562760021630555,0.9978719787468202
Suriname,1978,1,0.8106213960787382,0.3929555024344841,0.37360126421165624,-0.5699234661744549,1.0072546965504237
Suriname,1979,1,-0.34163431470763617,-0.8920401320896229,0.3696098962243078,1.8628944160596352,0.9988298654866841
Suriname,1980,1,0.5331313489727327,0.34293166152489435,0.2829358715244305,-0.15898729856531085,1.0000115834567467
Suriname,1981,1,-1.3545449162305174,0.7166827608016191,0.6551175457457998,0.9827518586256393,1.000007248942541
Suriname,1982,1,0.18095029341716048,0.42322659912806876,-0.7150668257788201,1.1108899360649105,1.0000000028313196
Suriname,1983,1,-0.3195458984447698,-3.104036834693596,1.18275477400931,3.2408279528173116,0.999999993688256
Suriname,1984,1,-4.9783780218663924,5.743654791288436,-1.9008462033600941,2.1355940975333527,1.0000246635953012
Suriname,1985,1,0.1303100439711898,-0.14723214681843522,0.683241597195011,0.33368007232193014,0.9999995666696958
Suriname,1986,1,-1.7748120845406434,8.352178933293992,-1.4341491181518728,-4.1432449257449395,0.999972804856536
Suriname,1987,1,-0.7019021074622,1.719624500905605,0.2690640896820657,-0.28678121395072104,1.0000052691747496
Suriname,1988,1,-0.01045260103492023,1.6705394244381082,0.24457927274971084,-0.904661278079879,1.0000048180730199
Suriname,1989,1,1.1923701191229548,-0.1832067645993337,-1.1365370581066134,1.1273806679286256,1.000006964345633
Suriname,1990,1,2.3657884060990053,-3.883339969312247,1.3460880081178723,1.1492593303807443,0.9777957752853752
Suriname,1991,1,-1.3687887911682208,-0.14644460489697028,1.8420989737742826,0.7298921538450309,1.0567577315541226
Suriname,1992,1,7.2951916502412795,2.8796834720556648,-12.06571240843578,1.993854524628069,0.10301723848923228
Suriname,1993,1,-3.1403410272741428,2.8276743834146902,0.9447513425110015,0.3448516235864097,0.9769363222379588
Suriname,1994,1,-2.1369999713430423,-1.0680125935032538,-2.030784602757495,5.08785103716101,-0.1479461304427816
Suriname,1995,1,-611.2721137687195,-1685.4739232072982,1378.381421197412,543.5875416826964,-374.77707409590926
Suriname,1996,1,-18.20763077966646,43.578418673132866,-8.147918662934737,-7.1229610702962365,10.099908160235437
Suriname,1997,1,0.34722436882877045,1.1758990716279656,0.8452068930943457,-0.35906464338238353,2.0092656901686983
Suriname,1998,1,-2.907907677872061,4.8279646141987245,1.4808463763884294,-2.4327049920445587,0.9681983206705342
Suriname,1999,1,-5.196287775646415,32.17937665224007,10.176005140046096,-30.736820457517375,6.422273559122378
Suriname,2000,1,-2.261054362997013,12.786348683134445,2.894680368136201,-10.32467390501076,3.0953007832628736
Suriname,2001,1,-1.7872397266088627,0.9687182948075145,0.5032465709092879,1.7272046741999425,1.411929813307882
Suriname,2002,1,2.0630756650634825,-0.38287181769954576,0.27742577222529397,-1.389906441173108,0.5677231784161227
Suriname,2003,1,-0.2586733828742719,2.280268620438133,0.263137523245221,-0.8356982529727459,1.4490345078363362
Suriname,2004,1,0.018799429233257968,-0.40650952358086356,-0.1857362609414092,1.4152134349325083,0.8417670796434935
Suriname,2005,1,0.7759545686996244,-0.7498168269470205,-0.3196786002419701,0.9550944170006207,0.6615535585112546
Suriname,2006,1,2.7198961969279805,-2.0075048666508657,0.1859860477225591,-0.532290974321745,0.366086403677929
Suriname,2007,1,-0.020288744664227903,-0.22107161090670047,-0.39808984698607525,1.641531425618977,1.0020812230619733
Suriname,2008,1,-0.9298917673377671,1.3770375407826498,0.2996304819012618,0.14210185797654662,0.8888781133226911
Suriname,2009,1,-1.5418687217883411,-0.14276733440961348,0.7856650666954098,2.129255227581135,1.2302842380785903
Suriname,2010,1,1.968168284397908,0.5007986938650821,0.20145644348030953,-1.923062525923665,0.7473608958196347
Suriname,2011,1,-1.5516946692622948,0.9497015304791013,0.031248475287819898,1.616138820068948,1.0453941565735745
Suriname,2012,1,-0.3559913288732043,0.6195667243300147,0.3594092826214192,0.47622727278781657,1.0992119508660463
Suriname,2013,1,-0.06184117477647477,0.9022343492643226,0.1841247053525304,-0.10696982743992431,0.9175480524004539
Suriname,2014,1,-3.563358451050995,2.368595963301071,0.21755907104239403,2.2740854544105797,1.2968820377030497
Suriname,2015,1,0.5298450456901846,-0.11120419853889862,0.008832096305263078,0.4421359777983658,0.869608921254915
Suriname,2016,1,-0.9302434845279578,-1.5288760909492967,0.6793033385255777,-0.6310050333620247,-2.4108212703137015
Suriname,2017,1,6.372331032843195,-4.342254392018772,-0.1952574286656398,-2.76312825998604,-0.9283090478272564
Suriname,2018,1,-0.5469431440484691,-0.8271019378502098,0.003936484629811913,2.1099207345193514,0.7398121372504844
Suriname,2019,1,-6.937771890212772,2.6132022405235027,3.5461883409804327,3.2153742889813826,2.4369929802725467
Suriname,2020,1,-0.23217161845927559,0.9116621331292267,0.3938890863982742,0.5298240201849981,1.6032036212532232
Suriname,2021,1,-2.186923687260989,2.45039464619045,0.44939332379175034,0.7419307128436605,1.454794995564872
Suriname,2022,1,0.43020846845538935,0.4847092331393437,0.2713726522251194,0.8585194129237157,2.044809766743568
Suriname,2023,1,-0.40372901308060544,0.7997949874423345,0.03810128051757924,0.7291724526410436,1.1633397075203518
Timor-Leste,1970,NA,NA,NA,NA,NA,NA
Timor-Leste,1971,NA,NA,NA,NA,NA,NA
Timor-Leste,1972,NA,NA,NA,NA,NA,NA
Timor-Leste,1973,NA,NA,NA,NA,NA,NA
Timor-Leste,1974,NA,NA,NA,NA,NA,NA
Timor-Leste,1975,NA,NA,NA,NA,NA,NA
Timor-Leste,1976,NA,NA,NA,NA,NA,NA
Timor-Leste,1977,NA,NA,NA,NA,NA,NA
Timor-Leste,1978,NA,NA,NA,NA,NA,NA
Timor-Leste,1979,NA,NA,NA,NA,NA,NA
Timor-Leste,1980,NA,NA,NA,NA,NA,NA
Timor-Leste,1981,NA,NA,NA,NA,NA,NA
Timor-Leste,1982,NA,NA,NA,NA,NA,NA
Timor-Leste,1983,NA,NA,NA,NA,NA,NA
Timor-Leste,1984,NA,NA,NA,NA,NA,NA
Timor-Leste,1985,NA,NA,NA,NA,NA,NA
Timor-Leste,1986,NA,NA,NA,NA,NA,NA
Timor-Leste,1987,NA,NA,NA,NA,NA,NA
Timor-Leste,1988,NA,NA,NA,NA,NA,NA
Timor-Leste,1989,NA,NA,NA,NA,NA,NA
Timor-Leste,1990,NA,NA,NA,NA,NA,NA
Timor-Leste,1991,1,-0.7621465673358438,0.7690918264497136,0.7886759937762431,0.2043787467124866,0.9999999996025994
Timor-Leste,1992,1,-0.7621465879875521,0.7690918177051594,0.7886759980739466,0.20437874801188444,0.9999999758034385
Timor-Leste,1993,1,-0.7621465687430592,0.7690918381167489,0.7886759892211105,0.20437875204954328,1.0000000106443432
Timor-Leste,1994,1,-1.5352997594468696,1.0710122731777794,1.0982845443380325,0.2846112169111791,0.9186082749801212
Timor-Leste,1995,1,-1.5925953124514856,1.1180822428292625,1.1465531005180356,0.29711958648038184,0.9691596173761943
Timor-Leste,1996,1,-1.4927534736882282,1.0957069031997178,1.1236080029427007,0.2911735711273329,1.0177350035815231
Timor-Leste,1997,1,-3.9779048847038054,2.3170187828631676,2.3760193856670107,0.6157254207108807,1.330858704537253
Timor-Leste,1998,1,-0.059291050170661046,0.3929936253578103,0.40300081493125084,0.10443426653332286,0.8411376566517229
Timor-Leste,1999,1,-0.9256505862842426,0.8361460670876933,0.8574377000990374,0.22219777036679084,0.9901309512692791
Timor-Leste,2000,1,-1.2510183773019221,0.9243751453454724,0.9479221777516966,0.2459624875088361,0.867241433304083
Timor-Leste,2001,1,-1.7979431184634769,0.7339814785000549,1.9104430407333437,0.1535185348585513,0.9999999356284728
Timor-Leste,2002,1,0.6945802146584802,0.21403715694369133,0.22633148231015643,-0.13494877395856567,1.0000000799537623
Timor-Leste,2003,1,-17.73332504935922,2.8776020648073484,13.407672309151808,2.448049647422851,0.9999989720227873
Timor-Leste,2004,1,71.41925127864232,4.660456630958173,-58.587064738154446,-16.492637845694762,1.0000053257512889
Timor-Leste,2005,1,7.516193082052312,-0.4577146093062328,-5.696114125371917,-0.36236382927300403,1.0000005181011584
Timor-Leste,2006,1,1.800158402426592,2.4525362939087603,-4.0555892486388085,0.8028948829090307,1.0000003306055743
Timor-Leste,2007,1,-2.625034018063498,0.4518978967159007,2.5001447788624316,0.6729911895781654,0.9999998470929996
Timor-Leste,2008,1,-0.7430503518902549,-0.3768675223866504,0.9814488625677897,1.1384689510361836,0.999999939327068
Timor-Leste,2009,1,-3.333081362802562,0.8428682205785811,1.6099469553863621,1.8802659785796088,0.99999979174199
Timor-Leste,2010,1,0.4286921851019692,0.2605471455920729,0.19420862626751803,0.116552098419583,1.0000000553811432
Timor-Leste,2011,1,-2.3271381750724567,0.12925467806290844,-1.1255394136394024,4.323422722380004,0.9999998117310529
Timor-Leste,2012,1,2.346310756260309,0.1978706480117035,-0.31932254327881615,-1.224858702552654,1.000000158440542
Timor-Leste,2013,1,6.664247110059295,1.2707799723239688,-3.390204411985291,-3.5448221124089305,1.0000005579890416
Timor-Leste,2014,1,-1.8241147427101536,0.7495200900280298,1.4394350439811003,0.6351595451625259,0.9999999364615024
Timor-Leste,2015,1,1.224884450593087,-0.26763737296257983,0.757711527330618,-0.7149585527800368,1.0000000521810883
Timor-Leste,2016,1,-1.294755261490368,0.7790184793531074,-0.2006483582402673,1.7163851227555293,0.9999999823780015
Timor-Leste,2017,1,-1.2681176224996242,-0.5545589568228771,1.0382034748377622,1.7844729995017206,0.9999998950169815
Timor-Leste,2018,1,1.8755422433640667,-1.5126111865039724,0.224105554036057,0.41296331958781574,0.9999999304839671
Timor-Leste,2019,1,0.9085089390940688,0.10285921522212935,0.0742830997655253,-0.08565118057355693,1.0000000735081664
Timor-Leste,2020,1,1.2561919547912614,-0.022306329506682158,0.0698905136151361,-0.303776051940794,1.0000000869589214
Timor-Leste,2021,1,-0.05676771624411451,-0.1826199068707051,0.19619457174967386,1.0431930381318182,0.9999999867666725
Timor-Leste,2022,1,0.9417541270405785,-0.25400234207798156,0.00525259261798846,0.30699567003766604,1.0000000476182513
Timor-Leste,2023,1,1.280131872903364,-0.10089302942364253,0.02026782569257868,-0.19950658817374703,1.0000000809985532
Tonga,1970,1,-0.4559513587655365,0.6564252651026761,0.5710817975839009,0.23365044843155594,1.0052061523525961
Tonga,1971,1,-0.22353021425771327,0.8986809170169427,0.20519788310408085,0.09985841508006635,0.9802070009433766
Tonga,1972,1,-0.6085926983149516,0.8912264876233227,-0.13499855144670506,0.6131673611405251,0.760802599002191
Tonga,1973,1,-0.3493043956838526,1.0975098919053659,0.7441856593421153,-0.30479434973360825,1.1875968058300204
Tonga,1974,1,0.21400189937589287,0.757355968610394,0.10788765728918136,-0.05742537150368605,1.0218201537717821
Tonga,1975,1,-1.7015630806385347,0.8699608994002758,-1.100975370568986,2.0704522221000343,0.13787467029278955
Tonga,1976,1,1.951541827417515,2.9088812837152416,8.484122561031203,-8.396170259520584,4.948375412643375
Tonga,1977,1,0.9387226267952701,0.3272381936542271,-0.6865017761655979,0.23948666400607224,0.8189457082899715
Tonga,1978,1,-9.097018135958287,4.538876259136421,-0.28866024823299957,4.813685217032426,-0.033116908022437386
Tonga,1979,1,-3.487322959330529,2.790945403103447,0.4590514421318138,1.0200154632203726,0.7826893491251039
Tonga,1980,1,0.33750508022776804,0.7377086120703955,0.004623517947387001,-0.05057437967960604,1.0292628305659446
Tonga,1981,1,-0.38382052890556356,1.518737302078317,0.01330955614064493,-0.11321097784302349,1.0350153514703748
Tonga,1982,1,-0.15198131377889174,0.7901668303672617,0.28835387393688416,0.07632754423251294,1.002866934757767
Tonga,1983,1,-2.670193568005689,2.611483715277626,-0.1700799785421057,0.9778744924234324,0.7490846611532631
Tonga,1984,1,2.656742305755379,-4.630829536394675,2.5783246491660026,-0.05083940884331805,0.5533980096833888
Tonga,1985,1,-1.5932935175621918,1.534739231273271,0.19484593516265802,0.5875341656995131,0.7238258145732503
Tonga,1986,1,-1.335402717910873,3.270312678937762,0.0798103654785916,-0.7583872424255329,1.2563330840799478
Tonga,1987,1,3.2959965302736935,-2.273892911074432,0.4928906859727168,-0.40023208216804207,1.1147622230039365
Tonga,1988,1,5.052582078418277,-4.252453111285938,0.3848482463420474,-0.2733677307463929,0.9116094827279939
Tonga,1989,1,16.981559914847228,-11.456878788981255,3.282627399309604,-6.252040897310585,2.5552676278649926
Tonga,1990,1,-3.752813593602616,4.063176608395425,-0.5016567834562531,1.2152518838852382,1.0239581152217938
Tonga,1991,1,-1.4440287140494177,2.127545894242238,0.48972325608617034,-0.05398336647183074,1.1192570698071598
Tonga,1992,1,52.81933471748647,-47.932902216612874,-5.150213620619205,4.568350176036186,4.304569056290575
Tonga,1993,1,-0.5198311387127257,1.939377490681262,-0.3895333762896819,0.07251500197117405,1.1025279776500287
Tonga,1994,1,-0.7021107337189931,1.0907273888523161,-0.10876565922843977,0.7639843649578011,1.0438353608626842
Tonga,1995,1,-2.618825619679559,1.0731712401593259,0.267555920720702,2.3746949744929338,1.096596515693403
Tonga,1996,1,0.7226456593246183,-6.007844778198471,13.81028634299425,16.530459461818133,25.05554668593853
Tonga,1997,1,-8.29531402181647,1.8396057267515042,-1.851000903656879,14.192504488836446,5.885795290114604
Tonga,1998,1,-3.7619088421836504,3.123264305014945,-0.04059804653970327,2.598374014583698,1.9191314308752898
Tonga,1999,1,2.4920304343718347,-1.2976653966723068,0.7353107511118439,-0.23903230905171863,1.690643479759653
Tonga,2000,1,-0.1540487259871674,0.8337158013908319,0.10158582295125983,-0.5516353985017771,0.22961749985314722
Tonga,2001,1,-0.008327087594668452,-1.6721921177505086,1.4254111233752422,2.5914985281000797,2.336390446130145
Tonga,2002,1,-1.2490214498607872,1.860839682514335,-0.2806386511106776,0.48935068456282715,0.8205302661056972
Tonga,2003,1,76.42827623123479,-33.25056456736743,8.484165564457204,-71.78332071272449,-20.12144348439992
Tonga,2004,1,0.059189995507444804,0.12833805683990163,0.41404251176522777,0.03096210528074712,0.6325326693933213
Tonga,2005,1,4.763320780233098,-3.6823798267846812,0.5477865196368635,-0.8515797817958053,0.7771476912894748
Tonga,2006,1,-0.785745508480081,0.030825622844667874,-0.7356532283498377,0.6469759611209376,-0.8435971528643132
Tonga,2007,1,2.252196679034166,-1.6148104405282355,1.0394899787339,0.22682758827955637,1.9037038055193867
Tonga,2008,1,0.5042106081521964,-0.1532436041728596,0.33042737774738457,0.2984194110587384,0.9798137927854598
Tonga,2009,1,0.43249278439065103,1.087073556107548,-0.15750258593418498,-1.0620283830087525,0.30003537155526155
Tonga,2010,1,-3.7209895206702006,2.45751371273861,-2.298848502158468,0.9422853373362853,-2.6200389727537736
Tonga,2011,1,0.052988434236633616,-0.04293716243838745,0.07119584972074118,0.9418132301369821,1.0230603516559695
Tonga,2012,1,-0.24539711622986726,-3.071442888492247,0.7428153504385678,0.8712843633171694,-1.7027402909663771
Tonga,2013,1,-0.6083174587622762,-3.5443176008373363,-0.40574407759161185,10.29978927093839,5.741410133747166
Tonga,2014,1,2.5451051315728686,0.8733104465852799,-0.03371768831952567,0.6970513742563778,4.081749264095
Tonga,2015,1,-9.635832999402114,5.571983334655492,0.5829684933304135,1.9930685525622713,-1.487812618853937
Tonga,2016,1,-0.8896851351299336,0.8988871731686026,-0.018543206129483642,0.4075567668847104,0.3982155987938957
Tonga,2017,1,-1.2564842978526742,0.24051481565181135,0.09480145423497166,1.4100575321036288,0.48888950413773746
Tonga,2018,1,1.7700848840078884,6.133680216807295,0.3039076236498829,-10.011855088276373,-1.8041823638113073
Tonga,2019,1,18.939640659520034,-4.856515403867251,-9.186788010194677,-14.467266906104284,-9.570929660646176
Tonga,2020,1,-0.06963658782594104,1.0065394756545847,1.345453073681572,-0.7205333543902125,1.5618226071200032
Tonga,2021,1,-17.044081352870705,32.63019529744254,14.827647082775337,31.087913478680182,61.501674506027356
Tonga,2022,1,-0.3930256399330302,9.82662311633704,-0.07499501681988571,4.255885820720741,13.614488280304865
Tonga,2023,1,0.5205908912574753,12.967915062768988,0.1470085348497583,0.3161632934289764,13.951677782305199
Trinidad and Tobago,1970,1,0.23165026089858742,0.7834935587777502,0.09646820064665551,0.1337900819817886,1.2454021023047819
Trinidad and Tobago,1971,1,-9.624509627206677,-3.082406018357521,1.0342408649511154,7.808362382800684,-3.864312397812398
Trinidad and Tobago,1972,1,0.9827223434604635,2.015419322251277,0.29652342306629365,-0.4571011040961623,2.8375639846818714
Trinidad and Tobago,1973,1,2.074727686615791,-1.1582869670111893,0.1732226076112865,-1.0781281217128382,0.011535205503050427
Trinidad and Tobago,1974,1,-0.8190155962308934,1.047227687282783,-0.08618673883325204,1.8956251676311304,2.037650519849768
Trinidad and Tobago,1975,1,-6.475332119520355,4.876817127602229,2.4187008633932536,3.291127950123366,4.111313821598492
Trinidad and Tobago,1976,1,-0.6727967799870236,2.1986392603814147,0.18682273002137642,0.6074533678211603,2.3201185782369276
Trinidad and Tobago,1977,1,-0.2203585989636041,1.1885806258390619,-0.08740444786586223,0.10247101670708665,0.9832885957166821
Trinidad and Tobago,1978,1,-0.37771889470830183,1.1411506665169724,0.16439010071218144,0.7689317202651732,1.6967535927860249
Trinidad and Tobago,1979,1,-2.465672823115287,3.0269899412096706,0.971971301763513,0.2837179266642116,1.8170063465221076
Trinidad and Tobago,1980,1,-0.07990126469659466,0.32809151757115046,0.09735379131656702,0.6952188883897076,1.0407629325808303
Trinidad and Tobago,1981,1,0.6756935934071667,0.9490598927686469,0.5182930421557004,-1.2842364356418259,0.8588100926896881
Trinidad and Tobago,1982,1,-1.8260324876902694,2.368339150070914,0.5847802025426079,0.19510158593191634,1.3221884508551691
Trinidad and Tobago,1983,1,0.05332728065731592,1.0108446128382267,0.24410637311066793,0.08008302011057004,1.3883612867167805
Trinidad and Tobago,1984,1,-1.1785123142153506,2.9247801749477818,-0.26429760497642873,0.592034348306525,2.074004604062527
Trinidad and Tobago,1985,1,-0.5092502170713411,1.2408148083542483,-0.08053583610691602,1.0813867385564055,1.7324154937323968
Trinidad and Tobago,1986,1,1.3006947097428556,-0.35626732597493566,0.1691750533109283,1.431512647357968,2.5451150844368162
Trinidad and Tobago,1987,1,-2.5955847372901624,3.3702671869297633,0.041126832355546636,0.9379727007158895,1.7537819827110366
Trinidad and Tobago,1988,1,-1.7100185880180314,-0.082041269144685,0.4905625783213181,1.522826547957795,0.2213292691163966
Trinidad and Tobago,1989,1,-0.8043114788817117,10.885967475979927,0.28594289342146034,-2.686588249180704,7.681010641338972
Trinidad and Tobago,1990,1,2.230205760868256,-2.336180932698089,1.2592569878538526,-0.28952313406268204,0.8637586819613379
Trinidad and Tobago,1991,1,-1.2816679471758925,3.0436505724971568,-0.055054520817853975,0.20831862929215955,1.9152467337955699
Trinidad and Tobago,1992,1,-6.216169053083423,2.5488577089256945,0.509371954952435,2.0910887907125844,-1.0668505984927084
Trinidad and Tobago,1993,1,2.9774031521714517,-1.2362675491993518,0.16414295404522317,-0.21990263558042958,1.6853759214368935
Trinidad and Tobago,1994,1,1.864465352001401,-2.935030625686895,0.25873780013307346,1.3933391224555685,0.581511648903148
Trinidad and Tobago,1995,1,1.035925296588766,0.019816891571797567,-0.14038693640577393,0.255391335903267,1.1707465876580567
Trinidad and Tobago,1996,1,-0.6779862471789944,0.6658186505762284,0.08171605148396191,0.0027471253540538245,0.07229558023524973
Trinidad and Tobago,1997,1,-1.511712378544115,1.4132474581436554,-0.004604148097339862,0.7844299193955371,0.6813608508977376
Trinidad and Tobago,1998,1,0.059576122165542846,0.015215417146489729,-0.11069835464658542,0.06585242534596689,0.02994561001141404
Trinidad and Tobago,1999,1,0.906152115579512,0.8873435763326353,0.06824513997365607,-0.6849517941001974,1.176789037785606
Trinidad and Tobago,2000,1,1.5843443141200537,1.3107695327145963,-0.07231781805951337,-0.1080790951053459,2.7147169336697905
Trinidad and Tobago,2001,1,-0.7261970865025984,-2.3410484103778773,0.06670791169005563,1.0831173615854066,-1.9174202236050135
Trinidad and Tobago,2002,1,-0.8592558912360997,1.288471440986949,-0.014625284815395554,-0.22538391158311957,0.18920635335233427
Trinidad and Tobago,2003,1,1.0062989288069855,0.017512428691698324,0.0011038356719841535,0.4926006400560831,1.517515833226751
Trinidad and Tobago,2004,1,-0.2285583377428262,1.809213743828205,0.1341154414183928,-0.21097975138601613,1.5037910961177554
Trinidad and Tobago,2005,1,1.821297667546941,-3.536493755969058,0.10273833856036012,1.180399247456028,-0.43205850240572885
Trinidad and Tobago,2006,1,0.9247517021741021,-0.03670609287020016,0.044121550002830856,-0.5202093366859684,0.4119578226207645
Trinidad and Tobago,2007,1,-1.234929892724381,5.319091242461084,0.10905786542963058,-0.11370134109876309,4.079517874067571
Trinidad and Tobago,2008,1,3.510829708924267,2.801680937996037,-0.018673674170847226,0.09126944948331535,6.385106422232772
Trinidad and Tobago,2009,1,2.91639917066935,2.0849324052303033,-0.9542495804776876,-0.17649007915794454,3.870591916264021
Trinidad and Tobago,2010,1,1.0890972441683642,-0.4413210029694544,-0.26045522292756734,-0.5568909658056397,-0.16956994753429733
Trinidad and Tobago,2011,1,2.564251050029122,-20.70852558069455,-1.561092549402666,6.344873912769624,-13.360493167298468
Trinidad and Tobago,2012,1,-4.857681139936864,-2.2108982679022553,-1.153694772858187,6.509601087871129,-1.7126730928261775
Trinidad and Tobago,2013,1,1.2983987783165911,0.10225149945554654,0.15169924800957352,-1.432356294770622,0.11999323101108916
Trinidad and Tobago,2014,1,-0.9929235846173979,-0.3514145035033596,0.17074653239194765,1.321396198857586,0.14780464312877617
Trinidad and Tobago,2015,1,19.730431701902578,-0.20220052388951337,0.2283213531835958,-18.539154474778826,1.217398056417835
Trinidad and Tobago,2016,1,1.262295103223128,-0.05549637921907461,4.8636695169622363e-4,-0.47187419172975087,0.7354108992259988
Trinidad and Tobago,2017,1,-1.398736680860483,0.1333533278895819,0.019151976265577235,2.4582968138170433,1.2120654371117192
Trinidad and Tobago,2018,1,-4.722899227463886,0.22940965347681153,-0.208775815569688,5.1528383950268966,0.450573005470134
Trinidad and Tobago,2019,1,-6.506506027928676,-0.7294612178480403,0.28675546229017906,5.351621146470044,-1.597590637016494
Trinidad and Tobago,2020,1,0.8705046155176632,0.014481005390325045,-0.002074382564406952,-0.18096789406396652,0.7019433442796148
Trinidad and Tobago,2021,1,-14.204012004089227,0.2167701988468179,-0.06285526729003263,13.95315640939125,-0.09694066314119176
Trinidad and Tobago,2022,1,9.89730236655577,-0.31389940837432445,0.06525621233593246,-7.428516629179937,2.2201425413374416
Trinidad and Tobago,2023,1,-8.835764297241253,-0.17990248051992233,0.07451801704745838,6.951346879010254,-1.989801881703464
Tuvalu,1970,1,0.11339705114238474,0.6307158598878659,0.1634212731317916,0.10698627039594436,1.0145204545579867
Tuvalu,1971,1,-0.7316722209008617,0.3129271935556796,0.6584604963327856,0.760316333353126,1.0000318023407295
Tuvalu,1972,1,-0.6808673117593148,0.30410999841375863,0.6384030877463325,0.7383312810123619,0.9999770554131383
Tuvalu,1973,1,-0.681290827369911,0.3050703691210462,0.6352831449366584,0.740957595207485,1.0000202818952788
Tuvalu,1974,1,-0.7169323700952622,0.31137081064989114,0.6483024792287015,0.7572590924205299,1.0000000122038606
Tuvalu,1975,1,-0.6972294112687506,0.30431951766236337,0.6496612508530824,0.7432486512492212,1.0000000084959164
Tuvalu,1976,1,-1.057771374731489,0.37017081455014067,0.7947242640237234,0.8928763081271968,1.0000000119695718
Tuvalu,1977,1,-0.5742371647308004,0.28563309938339493,0.5963370995830113,0.6922762318016301,1.000009266037236
Tuvalu,1978,1,-0.6834688465703869,0.31014295467492636,0.6184562322357083,0.7548539675261673,0.999984307866415
Tuvalu,1979,1,-1.5890033643585548,0.46546246445742295,0.9662381755708553,1.1573581688829147,1.000055444552638
Tuvalu,1980,1,-0.4381243219343354,0.21151898461911597,0.6680207106302397,0.5585270487809963,0.9999424220960167
Tuvalu,1981,1,0.029717098617241228,0.17184593824552172,0.35647416192913073,0.4419457143850255,0.9999829131769192
Tuvalu,1982,1,-0.45164287067259806,0.26418903529124343,0.5459088274917274,0.6415436656018941,0.9999986577122668
Tuvalu,1983,1,-0.4613115528432347,0.2585087338223391,0.579986627966991,0.6228152405688371,0.9999990495149322
Tuvalu,1984,1,-0.3741315289271507,0.25646600371931044,0.50203844562717,0.6156313125750995,1.0000042329944292
Tuvalu,1985,1,0.8020186827021109,-0.06150394443502467,0.3453683063467197,-0.08587916863696615,1.0000038759768397
Tuvalu,1986,1,-0.060753204467147985,0.18198750601123323,0.41015484793384854,0.4686105156250167,0.9999996651029506
Tuvalu,1987,1,-3.8719112670569555,0.8709798328408574,1.902362390980731,2.0985700650886843,1.000001021853317
Tuvalu,1988,1,1.2320771355932236,-0.052765088898860765,-0.03042494739934229,-0.1488873841851875,0.9999997151098331
Tuvalu,1989,1,-2.02891562319905,0.2486294885016471,2.140679014954328,0.6396071709174308,1.0000000511743559
Tuvalu,1990,1,-0.2294257479790696,0.27489541796184874,0.3154730861212141,0.6390575471697958,1.000000303273789
Tuvalu,1991,1,-0.32143699820732996,-0.31290453844604793,1.4254426208535558,0.2088978178465728,0.9999989020467508
Tuvalu,1992,1,0.1677820302674265,0.32399321990840135,1.109508295239701,-0.6012780144680827,1.0000055309474463
Tuvalu,1993,1,-4.231073310324103,0.7609294581412982,2.8498059426780977,1.6203342667733092,0.9999963572686017
Tuvalu,1994,1,-0.572372247464515,0.762593920865269,-1.1539107522204868,1.9636891014568416,1.000000022637109
Tuvalu,1995,1,-0.008859627479536435,-0.04216101459475478,0.7983867273654135,0.25263391513840167,1.000000000429524
Tuvalu,1996,1,-0.1848869172321086,2.91122960255769,-4.861787326015349,3.135444645190955,1.0000000045011879
Tuvalu,1997,1,2.6773448267826665,2.213894689017354,-1.4819296480183375,-2.4093099464991172,0.9999999212825659
Tuvalu,1998,1,-1.152573430405482,0.01863637320039845,1.393837336066521,0.7400997331666668,1.000000012028104
Tuvalu,1999,1,-26.91348330193211,8.91896682054564,5.0660689591571435,13.92844781605058,1.0000002938212518
Tuvalu,2000,1,-1.2483205816140812,-0.12101495751399009,5.048061624634896,-2.6787261256555817,0.9999999598512435
Tuvalu,2001,1,-2.0481782568714704,4.198273505566437,-36.95450984827737,35.80441727889354,1.0000026793111334
Tuvalu,2002,1,-1.5800791185165723,7.602225518332442,0.6752469547038029,-5.697393831301886,0.9999995232177861
Tuvalu,2003,1,6.292442294316536,-3.1664209694556575,-1.6737027173640022,-0.45231942087169796,0.9999991866251783
Tuvalu,2004,1,-10.986379998700071,-6.387935420806528,8.13455453223613,10.239762661924862,1.0000017746543932
Tuvalu,2005,1,0.22369920419084924,1.6674015182128537,-0.3807251052400661,-0.510376243769771,0.9999993733938658
Tuvalu,2006,1,-9.71160819527286,9.00004377353514,1.4614118168857075,0.250152496009065,0.9999998911570529
Tuvalu,2007,1,0.8521025012098026,0.020817803210492,-0.78685174747845,0.9139306468138907,0.9999992037557353
Tuvalu,2008,1,-6.2457876015805125,6.553126994875256,0.7992422604134359,-0.10658100008149465,1.0000006536266843
Tuvalu,2009,1,-4.904287249376753,9.148334617350022,-1.5557603945895577,-1.6882865141422905,1.000000459241421
Tuvalu,2010,1,1.2477044686465975,2.197132657914029,-2.155902538305326,-0.28893465860004863,0.999999929655252
Tuvalu,2011,1,-1.9690767568960055,5.750191181147166,-0.7379053199023283,-2.043209499637653,0.999999604711179
Tuvalu,2012,1,-3.861327846486843,3.8107859588424473,1.0195768107323624,0.030963930486178706,0.9999988535741458
Tuvalu,2013,1,-0.8304080102270217,1.3793258981331098,0.15087240026362453,0.3002089646034225,0.9999992527731352
Tuvalu,2014,1,0.9687116505329726,-5.235368782404636,4.614567512780036,0.6520906082305614,1.0000009891389339
Tuvalu,2015,1,-6.392120378448657,2.654929931589485,2.3329965012581777,2.4041941980176893,1.0000002524166955
Tuvalu,2016,1,9.460273436153916,-10.748219576531344,0.8163297054512095,1.4716162254060638,0.9999997904798459
Tuvalu,2017,1,-0.6171657655917885,5.396124141064997,-0.31691631444527685,-3.4620421437147257,0.9999999173132063
Tuvalu,2018,1,6.391046159369014,-12.98985483278675,3.151799986630717,4.447007549390301,0.9999988626032836
Tuvalu,2019,1,-1.4257906072589734,1.2379673590643032,0.8804511212654544,0.30737225341386265,1.0000001264846468
Tuvalu,2020,1,-3.278558451706102,2.445316754236958,1.0615596383543833,0.7716821514278649,1.0000000923131038
Tuvalu,2021,1,-2.35900000443668,0.6175012420510957,1.4145224939998593,1.326975014738003,0.9999987463522779
Tuvalu,2022,1,42.579969511816266,-41.56395946497695,0.24334999896815365,-0.25936000288076416,1.0000000429267075
Tuvalu,2023,1,-2.83128130764974,2.737042460073498,0.9102587681463978,0.18398047991244368,1.0000004004825995
Vanuatu,1970,1,0.11495006158173793,0.7833309722714136,0.12138026642479806,0.07606362900346172,1.0957249292814113
Vanuatu,1971,1,-0.200366989227741,0.6671881166945172,0.4386839785362894,0.1524876564565061,1.0579927624595715
Vanuatu,1972,1,-0.2003669952760401,0.6671881114169702,0.4386839774015135,0.15248766207396475,1.0579927556164084
Vanuatu,1973,1,-0.20036698852203946,0.6671881095328279,0.4386839802714891,0.15248766067112277,1.0579927619534004
Vanuatu,1974,1,-0.20036699047003434,0.6671881105709152,0.43868397967274764,0.152487660744301,1.0579927605179296
Vanuatu,1975,1,-0.200366990755166,0.6671881072945895,0.4386839797910418,0.15248766126657762,1.0579927575970431
Vanuatu,1976,1,-0.20036698538050063,0.6671881069515666,0.43868398294217475,0.15248766413560458,1.0579927686488453
Vanuatu,1977,1,-0.2003669830095872,0.6671881092931076,0.4386839791301984,0.1524876664659427,1.0579927718796616
Vanuatu,1978,1,-0.2003669897494393,0.6671881107215853,0.43868397903602985,0.15248766060967447,1.0579927606178503
Vanuatu,1979,1,-0.20036699114621165,0.6671881143896649,0.43868398165008565,0.15248766124267307,1.057992766136212
Vanuatu,1980,1,-0.20036699025005603,0.6671881114901355,0.438683980234364,0.15248766032807146,1.057992761802515
Vanuatu,1981,1,-0.200366991450399,0.6671881128609036,0.43868397873527193,0.15248765960114152,1.057992759746918
Vanuatu,1982,1,-0.20036699018076573,0.6671881101925096,0.43868398053298785,0.15248766028064667,1.0579927608253783
Vanuatu,1983,1,0.039134803233803674,0.3719977340878729,0.3778655770915407,0.03606864107342008,0.8250667554866373
Vanuatu,1984,1,-0.6332685637799713,0.9326379128358074,0.4527417500446021,0.13920642655124832,0.8913175256516865
Vanuatu,1985,1,-6.985886423749533,0.4068533256523627,3.0276259821768527,1.8085698897780085,-1.742837226142309
Vanuatu,1986,1,-1.3272386057381929,-0.1940556025081233,0.6010698993059964,-1.0622886089110797,-1.9825129178513994
Vanuatu,1987,1,-7.88813122718028,-1.6161564967168551,-7.898154756508403,-1.6218153966495714,-19.02425787705511
Vanuatu,1988,1,2.0192236065039633,5.075055656942137,0.05782510200192533,-3.1051705073225446,4.046933858125481
Vanuatu,1989,1,0.4264389375484682,0.7785096618969248,-1.1220453334701896,0.7995837516023528,0.8824870175775562
Vanuatu,1990,1,-0.34328062260834796,0.6065537191520538,-0.17548911636714548,0.46274709380246587,0.5505310739790261
Vanuatu,1991,1,0.45901061361737977,0.2622266431427627,0.3026018155896004,-0.2191183342964761,0.8047207380532668
Vanuatu,1992,1,-8.038894248589102,0.04623333601622366,0.5388978268265464,-0.6913339113923757,-8.145096997138708
Vanuatu,1993,1,-0.17139025151198212,-0.09796128840275091,0.8743469639520445,0.1941043361135537,0.7990997601508651
Vanuatu,1994,1,-0.6638863095769206,0.7524873425510546,0.050680047234094396,0.39673831518697494,0.5360193953952034
Vanuatu,1995,1,-0.04098120217382173,0.3467499933255461,-0.07348606807783493,0.6210558902790175,0.853338613352907
Vanuatu,1996,1,0.3851325551293406,1.7091146027071458,1.4974402284049273,-0.7176027312982102,2.8740846549432035
Vanuatu,1997,1,2.972999523098133,0.6928785313277406,-4.208394599088563,-0.2883692066563199,-0.8308857513190091
Vanuatu,1998,1,-2.736048162192754,4.4980801320886945,-2.727411463309635,1.7055460701292664,0.7401665767155721
Vanuatu,1999,1,-10.022372529977854,1.0736725963746714,-0.6392527639355096,4.775960718961301,-4.8119919785773915
Vanuatu,2000,1,0.8772862291887045,0.19844132899374553,-0.08542665929269543,0.3179206650654966,1.308221563955251
Vanuatu,2001,1,-0.6897457986187686,-0.5112231823510998,0.40688265374189037,3.2136462200483633,2.419559892820385
Vanuatu,2002,1,-0.7319513570870384,-0.9703212898946428,0.10075455306684934,0.5158954923602386,-1.0856226015545933
Vanuatu,2003,1,1.079480086107681,0.6903338265640524,-0.043554742856335454,-0.48293090378961745,1.2433282660257805
Vanuatu,2004,1,-1.0376122438795523,0.40645115490786804,-0.07913815890690871,1.4681753499146126,0.7578761020360196
Vanuatu,2005,1,0.25330270189221055,0.34020667704550067,-0.002135205816334058,0.2609829870091735,0.8523571601305506
Vanuatu,2006,1,-0.021351118278146477,0.23796804519657733,0.029230134264690073,0.7381673499233311,0.9840144111064519
Vanuatu,2007,1,-0.19073116562686165,0.17233515258058155,0.2907585120306881,0.9485231747291948,1.2208856737136027
Vanuatu,2008,1,-3.190087638028603,0.6240974571648208,-0.024052846126387414,2.8582780235996843,0.26823499660951455
Vanuatu,2009,1,1.7928307976748283,0.5999969896563211,0.6165159195984048,-0.10051581542358815,2.908827891505966
Vanuatu,2010,1,0.3442657318084491,1.35812457279083,0.6092543285816293,-1.2502490843321017,1.0613955488488067
Vanuatu,2011,1,1.3534451886061192,0.6328635038538372,-0.07855508593898712,-1.7970027989588722,0.11075080756209688
Vanuatu,2012,1,-0.6654143626578094,1.911016600526625,-0.16119836746932564,-3.288566643467668,-2.204162773068178
Vanuatu,2013,1,-3.473524737588784,4.738448212369886,0.7065685021475373,7.516462381605064,9.487954358533703
Vanuatu,2014,1,-0.12892691780825175,1.1707207472333543,-0.2135358228331485,0.9115632097386657,1.73982121633062
Vanuatu,2015,1,-2.9692373698351986,0.10277758295439852,0.5994163470223328,2.2022417611441165,-0.06480167871435061
Vanuatu,2016,1,2.0609357454438126,1.6489478346716873,-0.06545930974076898,-2.2355824895724297,1.4088417808023013
Vanuatu,2017,1,-0.59866219884464,-0.2918761203610767,0.6655520173614817,1.0318033088280592,0.8068170069838242
Vanuatu,2018,1,1.1099748127603497,0.7443068269093281,0.27059318156290646,1.4517562430387043,3.5766310642712886
Vanuatu,2019,1,0.16250534338108535,0.09619842266904523,0.14092127138076205,-0.3482924920413326,0.05133254538956
Vanuatu,2020,1,5.666415705050923,-0.9637694679077449,-0.12936790331956985,-1.779542022876049,2.7937363109475593
Vanuatu,2021,1,6.70595202595504,-2.7148226096880346,9.258711868620625e-4,-3.539178486073709,0.4528768013801576
Vanuatu,2022,1,-11.848889368292083,0.7519695950694886,0.7213258441622451,10.061435422870558,-0.31415850618979313
Vanuatu,2023,1,4.648729148760642,0.5142360888207955,5.44194030645157e-4,-3.8407298801838605,1.3227795514282223
