Country/Area,Year,percent_gdp*,percent_net_exports*,percent_consumption*,percent_government*,percent_investment*,component_sum
Antigua and Barbuda,1970,NA,NA,NA,NA,NA,NA
Antigua and Barbuda,1971,1,-0.05954948032465068,0.7722802287680502,0.12383150295303967,0.16343774860355909,0.9999999999999983
Antigua and Barbuda,1972,1,-0.024800259503593002,0.8347713678681742,0.1267666202600842,0.06326227137533659,1.000000000000002
Antigua and Barbuda,1973,1,0.02415999867371532,0.8206714581605532,0.09334603850043825,0.061822504665291156,0.9999999999999979
Antigua and Barbuda,1974,1,2.4593329315698704,-4.083375479554138,0.5916166042574929,2.0324259437267913,1.0000000000000167
Antigua and Barbuda,1975,1,0.4235067859157486,0.3780759292936345,0.1287554813561743,0.06966180343444588,1.0000000000000033
Antigua and Barbuda,1976,1,0.19907340320037364,0.5726390065361844,0.13175161773182956,0.09653597253161054,0.999999999999998
Antigua and Barbuda,1977,1,0.10027615402669939,1.0556888692802253,0.13716695315837743,-0.29313197646530204,1.0000000000000002
Antigua and Barbuda,1978,1,0.5314023119221112,0.8173708167635447,-0.2658016552642505,-0.08297147342140829,0.9999999999999971
Antigua and Barbuda,1979,1,-1.0613873725283296,3.4223894389545095,-0.24310906006740124,-1.1178930063587806,0.999999999999998
Antigua and Barbuda,1980,1,-0.7980495312902238,1.7820832637304083,0.055366141530066935,-0.03939987397025166,0.9999999999999998
Antigua and Barbuda,1981,1,-0.4769186112147502,1.0633538626421948,0.055215781277615214,0.3583489672949427,1.0000000000000027
Antigua and Barbuda,1982,1,-1.7227166702420926,3.6363839390344936,0.006147347142225924,-0.9198146159346283,0.9999999999999987
Antigua and Barbuda,1983,1,-23.798166093245264,26.322929970048502,-2.3425451517270957,0.8177812749238302,0.9999999999999751
Antigua and Barbuda,1984,1,0.34563228769596205,0.3372589836860633,0.0018367782579011426,0.31527195036007055,0.9999999999999971
Antigua and Barbuda,1985,1,-0.5915167032198584,1.2283647684488368,0.08145836098367973,0.28169357378734206,1
Antigua and Barbuda,1986,1,-0.7920123033306485,1.4435513128141253,0.0955211559389377,0.25293983457758584,1.0000000000000004
Antigua and Barbuda,1987,1,1.4339532784570082,-1.995597538154251,-0.11189045226187774,1.6735347119591224,1.0000000000000018
Antigua and Barbuda,1988,1,-6.457153763333585,10.256501796798084,-1.2080053783901314,-1.5913426550743681,1
Antigua and Barbuda,1989,1,-0.7823689575194693,1.312957083281755,0.06890486567496765,0.40050700856274457,0.9999999999999979
Antigua and Barbuda,1990,1,7.9967533121642385,-4.467058853679842,-0.27416963719194337,-2.2555248212924464,1.000000000000007
Antigua and Barbuda,1991,1,0.8254531359617541,-0.5129206652752515,-0.03403516289823632,0.7215026922117377,1.000000000000004
Antigua and Barbuda,1992,1,1.221736384820329,0.4242088763343753,0.4879843636820231,-1.133929624836725,1.0000000000000024
Antigua and Barbuda,1993,1,0.6441556912035122,0.4206454078802996,0.2017273847829571,-0.26652848386677164,0.9999999999999973
Antigua and Barbuda,1994,1,-0.503118386400364,1.2835605064549758,0.1374564670464571,0.08210141289893012,0.999999999999999
Antigua and Barbuda,1995,1,2.219734345228978,-0.5487891471590713,-0.31536198579042723,-0.35558321227948203,0.9999999999999976
Antigua and Barbuda,1996,1,-0.4668071120789818,1.0930085988508143,0.09638105430201963,0.2774174589261484,1.0000000000000004
Antigua and Barbuda,1997,1,0.9994995970993092,-0.4690818721487039,0.05610003284018153,0.41348224220921653,1.0000000000000033
Antigua and Barbuda,1998,1,0.4394354895594531,-0.7301527625814721,0.5420975978811775,0.7486196751408374,0.9999999999999959
Antigua and Barbuda,1999,1,-0.7981590080044035,1.1218657281730193,0.2449275202108876,0.4313657596204937,0.999999999999997
Antigua and Barbuda,2000,1,0.4283572362380415,0.4319930599531314,-0.10832671534205887,0.24797641915088756,1.0000000000000016
Antigua and Barbuda,2001,1,0.3662968208011612,-1.7025723063884173,-0.37943396183553724,2.7157094474227907,0.9999999999999974
Antigua and Barbuda,2002,1,3.672619601987493,20.21808672501628,-13.77617093158135,-9.114535395422466,0.9999999999999583
Antigua and Barbuda,2003,1,-0.3036225138919033,1.2923414913239355,-0.24191909760562064,0.2532001201735869,0.9999999999999984
Antigua and Barbuda,2004,1,0.31854098093655164,0.3148706831318209,0.12539327760203173,0.24119505832959498,0.9999999999999991
Antigua and Barbuda,2005,1,-0.7863768223589432,1.3646685141292219,-0.07930353696918443,0.5010118451989063,1.0000000000000004
Antigua and Barbuda,2006,1,-0.7332739287640283,0.9062630942157944,0.027412889045099958,0.7995979455031332,0.9999999999999994
Antigua and Barbuda,2007,1,-0.3555277795552725,0.8917842786750959,0.1289855087452331,0.33475799213494345,1
Antigua and Barbuda,2008,1,1.0630211595288908,-2.528303954060331,1.7395037674898508,0.7257790270415925,1.000000000000003
Antigua and Barbuda,2009,1,-0.7009831531966833,1.509066544552614,0.006263026946801501,0.18565358169726753,0.9999999999999998
Antigua and Barbuda,2010,1,0.4590329636088792,-6.880518274328266,1.4898104410861044,5.931674869633278,0.9999999999999958
Antigua and Barbuda,2011,1,2.719450116563315,2.9785336294631626,-0.1822504643384991,-4.515733281687991,0.9999999999999876
Antigua and Barbuda,2012,1,-1.6648464637901896,2.0227720414838957,0.049750471368117145,0.5923239509381825,1.0000000000000053
Antigua and Barbuda,2013,1,-1.0494116331307293,1.091817139897476,-0.1042610897799188,1.0618555830131693,0.9999999999999973
Antigua and Barbuda,2014,1,-0.09487917021052024,1.1368766103593708,0.011858099276601686,-0.053855539425452584,0.9999999999999998
Antigua and Barbuda,2015,1,5.825205330027782,-4.264075897292988,-0.3121789369537127,-0.24895049578109624,0.9999999999999849
Antigua and Barbuda,2016,1,-0.5365076858637764,1.4664462865636856,-0.08333435377211168,0.15339575307220524,1.0000000000000027
Antigua and Barbuda,2017,1,-0.6095892352141565,1.4352753356132972,0.08632399730863068,0.08798990229222442,0.9999999999999958
Antigua and Barbuda,2018,1,-0.7175121129306425,-0.37215426722479694,0.12774428394839848,1.9619220962070443,1.0000000000000033
Antigua and Barbuda,2019,1,21.182403039711584,-17.196583019947905,1.0377298442887133,-4.023549864052428,0.9999999999999645
Antigua and Barbuda,2020,1,0.19142446032198907,-0.32003375488582747,-0.05366387142218668,1.182273165986026,1.0000000000000009
Antigua and Barbuda,2021,1,-0.08409916641613245,0.2116882424899852,0.030092900296300903,0.8423180236298465,1.0000000000000002
Antigua and Barbuda,2022,1,1.3185997217511052,-1.7057480546872847,-0.5150844911194276,1.9022328240556121,1.0000000000000049
Antigua and Barbuda,2023,1,3.2490566835283663,0.06656353008867354,1.2611706181190954,-3.5767908317361434,0.9999999999999916
Bahamas,1970,1,0.5963651474861271,0.2556894054944823,0.3048425701630009,-0.1568971231436104,1
Bahamas,1971,1,0.2726703773993459,0.39461576866583264,0.25629225722218135,0.07642159671264274,1.0000000000000027
Bahamas,1972,1,0.24087732509478116,0.45895479177950954,0.2260209867298753,0.07414689639583173,0.9999999999999978
Bahamas,1973,1,0.23649395991433375,0.4867045191043181,0.21071820708513572,0.06608331389621089,0.9999999999999986
Bahamas,1974,1,0.2585816807016393,0.4581044959396722,0.22225867779333458,0.06105514556535388,0.9999999999999998
Bahamas,1975,1,0.24735456363683428,0.4415730573100955,0.23470762373164014,0.07636475532143067,1.0000000000000004
Bahamas,1976,1,-0.031566021791103516,0.908934113686118,0.02636926286872137,0.09626264523626535,1.000000000000001
Bahamas,1977,1,0.37958592966969223,0.15455814153473815,0.37205813268791654,0.09379779610765424,1.000000000000001
Bahamas,1978,1,0.3542957601910859,0.46367856198308166,0.19592294399164523,-0.01389726616581381,0.9999999999999989
Bahamas,1979,1,-0.06708039483455983,0.913237817138595,0.03238480330287271,0.12145777439309237,1.0000000000000002
Bahamas,1980,1,0.38501964999657,-0.16930045600105564,0.13416912380623683,0.650111682198251,1.0000000000000022
Bahamas,1981,1,0.9338661935277172,0.26030505687156424,-0.17971844853196497,-0.014452801867316378,1
Bahamas,1982,1,0.6243673913444495,-0.05554146246970984,-0.0063975809163270255,0.4375716520415868,0.9999999999999994
Bahamas,1983,1,0.39411374474792965,0.18806060949389988,0.40387198555622583,0.013953660201940913,0.9999999999999962
Bahamas,1984,1,0.014368206201555902,0.9496736282478597,0.10530195767732466,-0.06934379212673955,1.0000000000000007
Bahamas,1985,1,-0.36882974678727715,0.5744466061134792,0.2199986705433534,0.5743844701304471,1.0000000000000024
Bahamas,1986,1,0.19407643146110512,0.9475597030211206,-0.05570134788616417,-0.0859347865960687,0.9999999999999928
Bahamas,1987,1,-0.23114809647749399,0.6141378738210685,0.20317310201889913,0.41383712063752626,0.9999999999999999
Bahamas,1988,1,-24.716760692187417,25.655979255738856,0.5679282647714388,-0.5071468283229238,0.9999999999999538
Bahamas,1989,1,-0.8115174228181407,1.568404715704611,-0.17455550169269535,0.4176682088062245,0.9999999999999994
Bahamas,1990,1,-0.058859480250120895,0.5060202686709532,0.11693785168121877,0.4359013598979501,1.000000000000001
Bahamas,1991,1,0.28672740150695514,0.7345249300796322,-0.20084409533352068,0.1795917637469293,0.999999999999996
Bahamas,1992,1,-1.0115397273694269,1.6061016007321356,0.4134001848040448,-0.00796205816675023,1.000000000000003
Bahamas,1993,1,-1.0129101543147543,0.06376226420103107,0.1752524186419885,1.7738954714717392,1.0000000000000047
Bahamas,1994,1,-0.8552145514590642,0.411310492253019,0.65132069943242,0.7925833597736216,0.9999999999999966
Bahamas,1995,1,-0.0019357837517829616,0.8921551025943301,-0.2048227616573484,0.3146034428148044,1.000000000000003
Bahamas,1996,1,-0.38529963540677387,0.7629527961417011,0.20188680763862488,0.4204600316264479,1
Bahamas,1997,1,-1.032239695528063,0.9044120981675932,0.07557537106882288,1.0522522262916465,0.9999999999999993
Bahamas,1998,1,-0.7557489288078578,0.9889165560621824,-0.024706270611423362,0.7915386433571012,1.0000000000000024
Bahamas,1999,1,0.2474454702745583,1.4256130686421329,-0.0010070333651137457,-0.672051505551576,1.0000000000000013
Bahamas,2000,1,-0.10162494995562704,0.25685447457912,0.0731466911178632,0.7716237842586415,0.9999999999999976
Bahamas,2001,1,3.528472347592399,0.5410190305725701,0.38241656899604176,-3.451907947161016,0.9999999999999951
Bahamas,2002,1,0.29053519405511485,0.5566273549172037,-0.03846720294086339,0.19130465396854276,0.999999999999998
Bahamas,2003,1,-0.16027623773623742,0.9215660063655661,1.9892431578577463,-1.7505329264870853,0.9999999999999898
Bahamas,2004,1,-3.6213811774833933,1.4499289945244438,0.4788750679971246,2.6925771149618187,0.9999999999999942
Bahamas,2005,1,-1.4569280995765985,1.2402320945101055,0.07753928969029018,1.1391567153762026,0.9999999999999996
Bahamas,2006,1,-1.5571069359304301,0.7092203548724392,0.0648536566496716,1.7830329244083225,1.0000000000000036
Bahamas,2007,1,1.1587405824765424,0.8149798522456781,-0.01706286666146623,-0.9566575680607625,0.9999999999999918
Bahamas,2008,1,-0.8897629000476714,1.1796541117059651,-0.36336512060534426,1.0734739089470466,0.9999999999999962
Bahamas,2009,1,-0.686890576053701,1.1465105633465453,-0.07474121121076115,0.6151212239179202,1.0000000000000036
Bahamas,2010,1,-0.9472444958929368,-1.0344175173056025,0.057260243646999956,2.924401769551525,0.9999999999999859
Bahamas,2011,1,-0.2791756901922226,-0.5696846334039477,0.3788492699704686,1.4700110536256972,0.9999999999999953
Bahamas,2012,1,0.3687719432882773,0.20776106299313338,-0.06258766341086336,0.48605465712945417,1.0000000000000013
Bahamas,2013,1,-0.21562682491413326,0.2806530360755676,0.1493171063364481,0.7856566825021176,1
Bahamas,2014,1,-4.001699001661594,2.6322968534767925,-0.4811436239461939,2.8505457721309986,1.0000000000000036
Bahamas,2015,1,-4.888314176137573,-1.6550351202251494,-1.8834923315380125,9.426841627900746,1.0000000000000107
Bahamas,2016,1,1.5247592494878577,-0.28706799354541057,0.15230266371333526,-0.3899939196557795,1.0000000000000027
Bahamas,2017,1,-0.5844197348860619,0.7728423042764019,0.33688497561705666,0.47469245499260554,1.0000000000000022
Bahamas,2018,1,1.348931098869209,0.09042431790320814,-0.034888177567978566,-0.4044672392044401,0.9999999999999984
Bahamas,2019,1,-0.8435968592241886,2.7696083119112727,-0.6394259752381592,-0.28658547744892565,0.999999999999999
Bahamas,2020,1,0.2542087178308327,0.45934314753515987,-0.05299730864505714,0.33944544327906406,0.9999999999999996
Bahamas,2021,1,-0.10423305648294684,0.9603804702258922,-0.05004489289396479,0.19389747915101935,1
Bahamas,2022,1,0.8320366044660343,0.10475747413062726,0.13514983135767855,-0.07194390995434082,0.9999999999999993
Bahamas,2023,1,-0.4264271654701937,1.0779880787146017,0.16072393740490962,0.18771514935068254,1.0000000000000002
Barbados,1970,1,0.10495878423360615,0.497726365943069,0.17490134027379775,0.22241350954952693,0.9999999999999999
Barbados,1971,1,-1.3662341423547733,1.3149359126640565,-0.8789250531591107,1.9302232828498158,0.9999999999999885
Barbados,1972,1,-0.48144729294363753,0.9392162402337332,0.1890113953416678,0.35321965736819444,0.999999999999958
Barbados,1973,1,11.880980214501538,-5.7699416152012795,-5.741868852439626,0.6308302531393394,0.9999999999999716
Barbados,1974,1,-0.4394187098604176,1.2454828867885779,0.3585286859363769,-0.16459286286453964,0.9999999999999976
Barbados,1975,1,0.3258394606782605,0.7400956794788769,-0.05545675757853116,-0.010478382578607828,0.9999999999999984
Barbados,1976,1,-0.2104132289250376,1.3645690377143702,0.12401262390587228,-0.27816843269520497,1
Barbados,1977,1,-8.593821573881787,3.957826936458688,0.23501175682342917,5.400982880599673,1.0000000000000036
Barbados,1978,1,0.5359724143719963,1.2316274563386314,0.08366721842579253,-0.8512670891364211,0.999999999999999
Barbados,1979,1,-0.32206625166673436,1.4616481645353812,0.029157479587657974,-0.16873939245630468,1
Barbados,1980,1,-2.50758512160095,4.4443827775722,0.008657193227917963,-0.9454548491991664,1.0000000000000013
Barbados,1981,1,-1.258854894503536,0.7089333344274089,0.516041441822248,1.033880118253889,1.0000000000000098
Barbados,1982,1,-0.7085226627934115,0.8504360539034862,0.11008175795753489,0.7480048509323948,1.0000000000000044
Barbados,1983,1,-0.5939226322280758,0.4145268879264502,0.02328798063405782,1.1561077636675632,0.9999999999999954
Barbados,1984,1,0.8131404903747844,1.0419788909534786,0.3005373006711885,-1.1556566819994554,0.9999999999999962
Barbados,1985,1,-5.448300991117028,8.158612806833725,-2.6684906131990376,0.9581787974823213,0.9999999999999796
Barbados,1986,1,-0.17407469864663652,1.0845709027304045,-0.01877842394908935,0.10828221986532083,0.9999999999999994
Barbados,1987,1,0.351125940490725,0.908408185416609,-0.37436219603753396,0.11482807013020027,1.0000000000000004
Barbados,1988,1,-0.3529173511938335,-0.2985227499214545,1.0023414119643022,0.6490986891509849,0.9999999999999991
Barbados,1989,1,-0.7112719912937153,1.093467559896466,0.04519263387358098,0.5726117975236706,1.0000000000000024
Barbados,1990,1,-0.39900156896974365,0.7301446988131188,0.5431123885618969,0.12574448159472884,1.0000000000000009
Barbados,1991,1,1.7261020413151584,0.22005763013654478,-0.9049875702040358,-0.041172101247665745,1.0000000000000018
Barbados,1992,1,-1.6543372740326017,1.7735144639086435,0.13515760547605996,0.7456652046478979,0.9999999999999998
Barbados,1993,1,-1.6364788256763734,0.5197529684445239,0.5147153857879174,1.6020104714439307,0.9999999999999987
Barbados,1994,1,-0.23778498929560885,1.097120686513639,0.02467609467991152,0.11598820810205855,1.0000000000000002
Barbados,1995,1,-1.9247893358329253,2.9490516260631088,0.18414008929866724,-0.20840237952884846,1.0000000000000024
Barbados,1996,1,0.3289856974568975,0.2970104384584936,0.3283121254913551,0.04569173859325132,0.9999999999999976
Barbados,1997,1,8.464807011938667,-0.4622487492896176,0.6250576070721987,-7.627615869721258,0.9999999999999911
Barbados,1998,1,-0.9202617667350629,1.1592271273343389,0.2977389961488778,0.46329564325184636,1
Barbados,1999,1,0.13678604487342214,0.9886465605031953,-0.0030876962795506075,-0.12234490909706805,0.9999999999999988
Barbados,2000,1,0.9645145658653483,0.11643561136217051,0.09994185920294177,-0.18089203643046006,1.0000000000000004
Barbados,2001,1,0.4547892504145989,0.135628601623256,0.04775651545169072,0.3618256325104544,1
Barbados,2002,1,-0.15089634831896861,-0.33896938332995763,0.2808144568546925,1.2090512747942381,1.0000000000000042
Barbados,2003,1,-0.448618668751889,1.4703296379160957,-1.0124939240066133,0.99078295484241,1.0000000000000036
Barbados,2004,1,-0.2669400691131619,1.2268907294717493,-0.07168093827396681,0.1117302779153795,1
Barbados,2005,1,0.31831289614793606,0.6500185898438998,-0.022074315950330946,0.053742829958494095,0.9999999999999991
Barbados,2006,1,0.5126877051543578,0.2731925559484534,-0.16549523644451966,0.3796149753417101,1.0000000000000018
Barbados,2007,1,0.3117125082482829,0.4010656985064335,0.681562952699505,-0.3943411594542214,0.9999999999999999
Barbados,2008,1,-0.8911473389655598,-2.449160143398801,4.538947523320334,-0.19864004095605606,0.9999999999999174
Barbados,2009,1,-0.025581509748937543,0.744529527527752,-0.011275959571471322,0.29232794179265364,0.9999999999999967
Barbados,2010,1,1.2591905627908548,0.15199747342778244,0.8554291769151033,-1.2666172131337363,1.0000000000000044
Barbados,2011,1,1.5464571149037412,0.4270974187682823,0.06157348509165274,-1.0351280187636804,0.9999999999999958
Barbados,2012,1,1.0367830137334177,0.5820140154998322,-0.1558004061849048,-0.4629966230483417,1.0000000000000036
Barbados,2013,1,0.4991262347879644,0.3658275967948605,0.18559280583343188,-0.050546637416249145,1.0000000000000075
Barbados,2014,1,0.4179500153414101,0.8712918505139862,-0.2994630465769909,0.010221180721606896,1.0000000000000124
Barbados,2015,1,2.5339214616596792,-0.9078412018914336,-0.8435839706760571,0.2175037109078091,0.9999999999999978
Barbados,2016,1,0.3846524204402639,0.6555099348643402,0.01233326762910221,-0.052495622933703995,1.0000000000000022
Barbados,2017,1,-0.24528545359436874,0.46211604363656233,0.4924015344086698,0.2907678755491375,1.0000000000000009
Barbados,2018,1,4.192986436871204,-1.8400779816875135,-0.33197916007466355,-1.0209292951090276,1
Barbados,2019,1,-9.062592413956034,7.4869905904135505,4.206070798087249,-1.6304689745447773,0.9999999999999876
Barbados,2020,1,0.6411419360924093,0.373404049712618,0.043585472964349226,-0.058131458769376136,1.0000000000000004
Barbados,2021,1,0.6348522673234152,0.34805748263771324,-0.12778533360047364,0.14487558363934688,1.0000000000000018
Barbados,2022,1,-0.004975302253173209,0.7369434024419707,0.0885067428071153,0.17952515700408844,1.0000000000000013
Barbados,2023,1,0.7411977480282801,0.24526757445489566,0.03806993480764935,-0.024535257290828116,0.999999999999997
Belize,1970,1,-0.03299325826353112,0.7534972031847119,0.1162454085928315,0.16325064648598764,0.9999999999999999
Belize,1971,1,-0.3498451745080654,0.9083598282776868,0.1927569202959564,0.24872842593442304,1.0000000000000009
Belize,1972,1,0.27576613598754623,-0.8530162199618068,1.7093839955807892,-0.13213391160652935,0.9999999999999993
Belize,1973,1,-0.0012613708933698828,-0.09917958008495857,1.0682930666150343,0.03214788436329456,1.0000000000000002
Belize,1974,1,-0.3378128298403765,0.882072942160797,0.19849767029433504,0.2572422173852448,1.0000000000000004
Belize,1975,1,-4.190292460946877,-10.063247454782044,2.3897541697878837,12.863785745940964,0.9999999999999272
Belize,1976,1,2.687271830323303,4.875711244622286,-0.5646543007727625,-5.9983287741727995,1.0000000000000269
Belize,1977,1,-0.15256405745281268,0.7783559107808007,0.22424292150362923,0.1499652251683847,1.000000000000002
Belize,1978,1,0.25007956317596614,3.324984047483906,-0.29668263807649,-2.2783809725833875,0.9999999999999946
Belize,1979,1,-1.3702055836288833,-0.7389174189000038,0.5126465308695645,2.596476471659323,1.0000000000000004
Belize,1980,1,0.4127530273950082,1.074777939100877,0.17525384642584155,-0.6627848129217261,1.0000000000000004
Belize,1981,1,-2.9434828638758024,4.06332812307739,-0.08311401260112614,-0.036731246600460905,1.0000000000000013
Belize,1982,1,-0.21331354016677473,4.491588731183977,0.8422021895987892,-4.120477380615999,0.9999999999999918
Belize,1983,1,-1.2246281881622378,2.114996124818924,0.10963206334331266,-0,0.9999999999999991
Belize,1984,1,-1.2214718825901596,4.234296225786385,-0.019742152304994934,-1.9930821908912357,0.9999999999999949
Belize,1985,1,0.6807401137620855,0.34753102875156056,-0.2748165387998667,0.24654539628622069,1
Belize,1986,1,-0.31990181387247685,1.1584002421415922,0.11672287152890462,0.04477870020197993,0.9999999999999999
Belize,1987,1,-1.3538537877261296,1.038123699580289,-0.16165175171881235,1.4773818398646497,0.9999999999999964
Belize,1988,1,-1.1258974946078786,0.7353337488560224,-0.17449190167096928,1.565055647422829,1.0000000000000038
Belize,1989,1,-0.3916991971288769,0.5627108356039499,-0.05195158883206204,0.8809399503569884,0.9999999999999992
Belize,1990,1,2.1047422950879255,0.1280392404322073,-0.1583152769285664,-1.0744662585915654,1.0000000000000009
Belize,1991,1,11.021777768872326,-4.180672941336597,-0.9628677070697407,-4.878237120465991,0.9999999999999964
Belize,1992,1,0.27764339793728865,0.5679292878612683,0.13080208839620064,0.02362522580524268,1.0000000000000004
Belize,1993,1,0.025716587964304222,0.37813771348671055,0.08709042224161231,0.5090552763073678,0.9999999999999949
Belize,1994,1,0.1358001993290522,-2.0631025575595063,-0.47516148979977263,3.4024638480302074,0.9999999999999806
Belize,1995,1,0.07914947292705146,0.44846673169384976,0.10328818813557268,0.3690956072435236,0.9999999999999976
Belize,1996,1,1.6472292023246051,-3.0222461217745757,-0.6960655608140011,3.0710824802639474,0.9999999999999757
Belize,1997,1,-0.22675896701256398,1.028566350660762,0.2368932797484738,-0.03870066339667342,0.9999999999999984
Belize,1998,1,-1.1275174738518559,1.8306254765704932,0.42161875722502395,-0.1247267599436645,0.9999999999999967
Belize,1999,1,-1.3477911231587798,0.9662266435544735,0.22253555716199921,1.159028922442308,1.000000000000001
Belize,2000,1,-0.9409178801922933,0.7710068163429785,0.17757369382929072,0.992337370020025,1.0000000000000009
Belize,2001,1,0.30049810930685333,0.7934026352434297,0.1827317664897553,-0.27663251104004166,0.9999999999999967
Belize,2002,1,0.2837407574934666,0.676866446219017,0.15589184871486145,-0.11649905242734146,1.0000000000000036
Belize,2003,1,0.837842490881492,0.5716852703950779,0.1316671394117501,-0.5411949006883208,0.9999999999999992
Belize,2004,1,1.1948843078590994,-0.045844616345591956,-0.010558660355887652,-0.13848103115762256,0.9999999999999972
Belize,2005,1,0.9351167888830164,-0.615175141220822,-0.14168346658795275,0.8217418189257685,1.0000000000000102
Belize,2006,1,1.1950112783985785,-0.15461582180863576,-0.03561019334407432,-0.004785263245869284,0.9999999999999991
Belize,2007,1,1.4181517390991714,-0.1900110015523744,-0.2005299621821889,-0.027610775364608188,0.9999999999999999
Belize,2008,1,-0.4771200011398017,0.3210563782420919,-0.01015614083542561,1.1662197637331375,1.0000000000000022
Belize,2009,1,2.3441643506174503,-0.5364186091973296,0.2881590391314568,-1.09590478055158,0.9999999999999976
Belize,2010,1,0.6386334710999774,0.4047661401399402,0.13950623763822503,-0.18290584887814165,1.0000000000000009
Belize,2011,1,0.6411686715840721,-0.12452803605087441,-0.03384386330864098,0.5172032277754451,1.0000000000000018
Belize,2012,1,0.3992087506673,0.3675080411672937,0.07388727448733608,0.15939593367807167,1.0000000000000013
Belize,2013,1,-1.4867848762686684,1.235360387072475,0.425767379169886,0.8256571100263028,0.9999999999999956
Belize,2014,1,5.320287060981858,-1.4557198636307618,-0.1183293747279811,-2.7462378226231237,0.9999999999999911
Belize,2015,1,0.22189666588203755,0.4326239453944185,0.2407809152855162,0.10469847343802657,0.9999999999999989
Belize,2016,1,-4.792717595674787,0.9688378975774238,1.570938413072397,3.2529412850249617,0.9999999999999947
Belize,2017,1,-0.47863325321425965,0.19147576631276667,-0.24432743508482868,1.5314849219863187,0.9999999999999969
Belize,2018,1,0.6032740230181719,0.17062476414672104,0.07800500169974116,0.14809621113536653,1.0000000000000007
Belize,2019,1,-0.01705485536505926,0.7138914611436035,0.02520668835868886,0.27795670586276616,0.9999999999999992
Belize,2020,1,0.27233875272049485,0.43001085267359024,0.24895084414176702,0.04869955046414814,1.0000000000000002
Belize,2021,1,0.0718753016221545,0.5176605580280123,0.13853052611833586,0.2719336142314981,1.0000000000000007
Belize,2022,1,0.2761546906869448,0.47095264014636634,0.09730384679872695,0.1555888223679607,0.9999999999999989
Belize,2023,1,0.012964998296370803,1.2220419513966383,0.3866438166845401,-0.6216507663775436,1.0000000000000058
Cabo Verde,1970,1,0.040386583097813365,0.6317596328661954,0.15827448932488825,0.16957929471110308,1.0000000000000002
Cabo Verde,1971,1,-0.209474632753459,0.658672219037388,0.15168390488788905,0.399118508828183,1.0000000000000013
Cabo Verde,1972,1,-0.22026625854406545,0.6069837506479208,0.16749009386156213,0.4457924140345898,1.000000000000007
Cabo Verde,1973,1,-0.16415561524854577,0.5125280928043043,0.21792037171860887,0.4337071507256342,1.0000000000000018
Cabo Verde,1974,1,-0.1960424685969579,0.5529695695881607,0.24632794895059323,0.3967449500581954,0.9999999999999913
Cabo Verde,1975,1,-0.18574574705276276,0.5857096811966033,0.18389016044348558,0.4161459054126733,0.9999999999999993
Cabo Verde,1976,1,0.19071822923691034,0.5008054790891333,0.012885300143201306,0.2955909915307456,0.9999999999999907
Cabo Verde,1977,1,-0.15701041606725136,0.830704687092274,0.08055525022357145,0.24575047875140046,0.9999999999999944
Cabo Verde,1978,1,-0.15949003195082956,0.5451914301068619,0.2194703563351381,0.39482824550882706,0.9999999999999974
Cabo Verde,1979,1,-0.2561759892587501,0.5740761138037218,0.3919665597997656,0.2901333156552699,1.0000000000000073
Cabo Verde,1980,1,-3.0746081974455763,5.8080948797602865,-1.7422629362614572,0.00877625394673825,0.9999999999999916
Cabo Verde,1981,1,0.6147140780929974,-0.08527650263133152,0.13908638898946066,0.331476035548874,1.0000000000000004
Cabo Verde,1982,1,-1.2628427255441579,-0.024709044570803237,0.8470697806172968,1.4404819894976622,0.999999999999998
Cabo Verde,1983,1,0.2509146162903837,0.49597488427845055,0.29409630849227475,-0.04098580906110723,1.0000000000000018
Cabo Verde,1984,1,-2.0652514324169293,2.2844016967979215,1.1682709982099733,-0.38742126259096477,1.0000000000000004
Cabo Verde,1985,1,0.19940549838556643,0.42261929934595616,0.2877659335620377,0.09020926870643929,0.9999999999999996
Cabo Verde,1986,1,-4.968919304356221,1.109018026777216,1.7735348418493733,3.0863664357296314,1
Cabo Verde,1987,1,1.2137610144835167,0.6155237528544839,-0.71140199761137,-0.11788276972663063,1
Cabo Verde,1988,1,0.654308833425718,2.1827716379931834,-0.07371437899792127,-1.7633660924209813,0.9999999999999989
Cabo Verde,1989,1,-0.006587327923967783,0.5075478720224879,-0.07158699391084539,0.5706264498123236,0.9999999999999983
Cabo Verde,1990,1,7.4873943628386295,-0.27304730830407525,-0.17888193099806624,-6.035465123536503,0.9999999999999849
Cabo Verde,1991,1,1.3680778620243697,-3.2865948712996556,-0.1367993345972444,3.0553163438725304,1
Cabo Verde,1992,1,-1.0050889559674745,0.35491672921619505,0.4428016488502141,1.2073705779010675,1.000000000000002
Cabo Verde,1993,1,0.3098577433456406,0.2263032535521168,0.29889705323947724,0.16494194986276461,0.9999999999999993
Cabo Verde,1994,1,-0.9603637649970774,0.4531355903335634,-0.025353905589639056,1.5325820802531536,1.0000000000000004
Cabo Verde,1995,1,0.16125787193117233,1.3174034872938496,0.4936480927154315,-0.9723094519404578,0.9999999999999956
Cabo Verde,1996,1,-0.3103861944420532,0.7325788262772185,-0.1841549786075844,0.7619623467724195,1.0000000000000004
Cabo Verde,1997,1,0.41197874921381195,0.3689106086940176,0.3110660625604753,-0.09195542046830334,1.0000000000000013
Cabo Verde,1998,1,-0.0021309472606573765,1.255934020119143,-0.05927394702048072,-0.19452912583800447,1.0000000000000002
Cabo Verde,1999,1,-0.52201786055469,0.4797967560807509,0.20166662859327963,0.8405544758806583,0.9999999999999988
Cabo Verde,2000,1,1.263114905304739,0.5899427750165295,0.010267549368661193,-0.8633252296899295,1.0000000000000002
Cabo Verde,2001,1,-0.11571833167056884,0.5060596819089315,-0.04913401775986733,0.6587926675215053,1.0000000000000007
Cabo Verde,2002,1,-0.5605605783653653,0.5579618270046711,0.23172474168188897,0.7708740096788074,1.0000000000000022
Cabo Verde,2003,1,-1.2544809325670294,1.3134939366761853,0.6039853555524215,0.3370016403384211,0.9999999999999987
Cabo Verde,2004,1,-1.6366489364735595,0.9368802908285685,0.3597916808983245,1.3399769647466666,1.0000000000000002
Cabo Verde,2005,1,0.9507945216189722,0.20505920981698889,0.26016853326043443,-0.41602226469639486,1.0000000000000007
Cabo Verde,2006,1,0.06485399060404326,0.4282954289771433,-0.026137850583688504,0.5329884310025034,1.0000000000000016
Cabo Verde,2007,1,-0.5750120152678662,0.13389397660480215,0.1869143504253939,1.2542036882376695,0.9999999999999993
Cabo Verde,2008,1,0.49761257469697545,0.1392906877441295,0.09985954480602631,0.26323719275286883,1
Cabo Verde,2009,1,1.1469678814315836,-1.8524076212118723,-0.7128286737353053,2.4182684135156083,1.0000000000000142
Cabo Verde,2010,1,-1.0565838570191781,-0.2585593446742485,0.1845091313277337,2.130634070365702,1.0000000000000089
Cabo Verde,2011,1,0.16789088904724286,0.3371500269075979,0.29243284582834383,0.20252623821681642,1.0000000000000009
Cabo Verde,2012,1,9.835710252013076,2.073160805610502,-1.2532571484764676,-9.65561390914712,0.9999999999999911
Cabo Verde,2013,1,8.77764592900899,2.639980508828298,0.9028080576318116,-11.320434495469064,1.0000000000000364
Cabo Verde,2014,1,-5.4816791717478255,0.8317569883525261,0.8782667314836096,4.771655451911687,0.9999999999999973
Cabo Verde,2015,1,-16.558186450690055,-3.7977340705243456,-3.166745924169238,24.52266644538371,1.000000000000071
Cabo Verde,2016,1,-0.7670958157635939,1.1484748410626626,0.1572146604319183,0.46140631426901507,1.000000000000002
Cabo Verde,2017,1,-0.82277544123425606,2.044099418175901,-0.3891187753380139,0.16779479839636371,0.9999999999999951
Cabo Verde,2018,1,-0.43840402952952806,0.8330955154220783,0.27135135395577203,0.33395716015168286,1.0000000000000053
Cabo Verde,2019,1,0.3271739230152138,0.4106553691123131,0.42215083718827834,-0.15998012931580355,1.0000000000000016
Cabo Verde,2020,1,0.5717107425004652,0.4520274803480373,-0.02267189454177856,-0.0010663283067235635,1.0000000000000004
Cabo Verde,2021,1,-0.616998460289086,1.1168377505198874,0.3768666167956966,0.12329409297350194,1
Cabo Verde,2022,1,1.0156976086708744,0.636285555364671,-0.10913525707408576,-0.5428479069614606,0.9999999999999991
Cabo Verde,2023,1,1.1435487506502822,0.9395530782946929,0.04471616278862858,-1.127817991733603,1.0000000000000007
Comoros,1970,1,-0.10463829336059981,0.7980286300663757,0.2010431808435332,0.10556648245069085,1
Comoros,1971,1,0.006611546278497595,0.5384009094027514,0.18558079867696595,0.26940674564178685,1.000000000000002
Comoros,1972,1,0.018894873567120093,0.5381338175580912,0.18544258593652518,0.2575287229382582,0.9999999999999946
Comoros,1973,1,0.042847424334601945,0.5244803676060377,0.1807944943787872,0.25187771368057565,1.0000000000000024
Comoros,1974,1,-0.09767855586932699,0.5749135589133839,0.19817195823333014,0.3245930387226129,1
Comoros,1975,1,0.043039125898304886,0.53174520543705,0.18321591345452923,0.24199975521011333,0.9999999999999973
Comoros,1976,1,0.8464779615502555,0.15680238012422423,0.054989813622111666,-0.058270155296581486,1.0000000000000098
Comoros,1977,1,-0.6601941939544653,0.7836522409921638,0.270019321028598,0.6065226319337007,0.9999999999999971
Comoros,1978,1,0.4212541956456855,0.4311802380001406,0.1481726118698247,-6.070455156526098e-4,0.9999999999999982
Comoros,1979,1,0.2277465320421358,0.42560963324351775,0.14708976591686285,0.1995540687974833,0.9999999999999997
Comoros,1980,1,-17.290344604703655,7.208750030233101,2.47878368721705,8.602810887253543,1.000000000000039
Comoros,1981,1,1.0478106125588607,0.21865890688277678,0.07480776154559657,-0.3412772809872336,1.0000000000000004
Comoros,1982,1,0.4167115971404269,0.20569479412265637,0.07301117058540431,0.30458243815151137,0.9999999999999989
Comoros,1983,1,0.32991741969233024,0.5116520838285405,0.06146435966982686,0.09696613680930243,1
Comoros,1984,1,4.441291902722512,-0.3976013468106528,-0.33211638012179007,-2.711574175790065,1.0000000000000044
Comoros,1985,1,1.4501940920856322,-0.23364225226477758,-0.08009859784845062,-0.1364532419724047,0.9999999999999993
Comoros,1986,1,0.398530250578348,0.00965813132380899,0.17837693784465333,0.4134346802531903,1.0000000000000007
Comoros,1987,1,-0.349812180676604,0.7756026823521674,0.04656726501726856,0.5276422333071589,0.999999999999991
Comoros,1988,1,1.7895167561479524,0.9011813773798887,0.349443934179444,-2.0401420677072744,1.0000000000000107
Comoros,1989,1,0.49259768408637444,-0.2480005755050936,0.005370813121294224,0.7500320782974246,0.9999999999999996
Comoros,1990,1,2.0013810235484475,-1.050498063495237,0.7036217683107607,-0.6545047283639657,1.0000000000000058
Comoros,1991,1,2.607263797260318,0.6597426492684775,-0.051110111331915516,-2.215896335196879,1.0000000000000009
Comoros,1992,1,-0.5706823223247278,1.6135315061992859,-0.3118151579870781,0.2689659741125213,1.0000000000000013
Comoros,1993,1,2.3994009020720055,-0.23827649276409268,0.023058669953486516,-1.1841830792614005,0.9999999999999989
Comoros,1994,1,-0.2605491638485193,0.9854097955924418,0.05514366196555083,0.2199957062905277,1.0000000000000009
Comoros,1995,1,-1.657525290369193,1.7908326336121556,0.28202597409339175,0.5846666826636474,1.0000000000000016
Comoros,1996,1,-0.3134513944658022,0.2879680706629755,1.3417499808706863,-0.31626665706784296,1.0000000000000167
Comoros,1997,1,-1.751268370324292,4.702131598197963,-0.18684994713880554,-1.7640132807348579,1.0000000000000073
Comoros,1998,1,-1.209096294690866,2.5162321413041946,0.22573559861307427,-0.532871445226403,1
Comoros,1999,1,0.12180851554471643,2.256207648760714,-0.18473961041398837,-1.1932765538914385,1.0000000000000036
Comoros,2000,1,-31.99297243270248,13.230473641120966,2.186242849886806,17.57625594169476,1.0000000000000497
Comoros,2001,1,-2.3118015972348616,1.8687233284750797,0.6995158971504303,0.7435623716093523,1.0000000000000009
Comoros,2002,1,0.38691712279662566,0.6009223022950662,0.21393180090558678,-0.2017712259972812,0.9999999999999973
Comoros,2003,1,1.9718723602444326,-3.1292023650947423,0.41082191489347075,1.746508089956838,0.999999999999999
Comoros,2004,1,-6.102439600636467,5.697326789301445,-0.45319519908405215,1.8583080104190903,1.000000000000016
Comoros,2005,1,-0.5293534595334618,1.5089232197945066,-0.06439586978561823,0.08482610952457298,0.9999999999999997
Comoros,2006,1,-0.5767698368079323,0.2206596045932301,0.37039878731131504,0.9857114449033856,0.9999999999999986
Comoros,2007,1,0.009960734234075024,0.8169112146040469,0.036019306497988866,0.13710874466388986,1.0000000000000007
Comoros,2008,1,-0.780335239390848,1.1451321689596667,0.17032674265251158,0.4648763277786712,1.0000000000000013
Comoros,2009,1,-0.5823230110357981,1.0357975591627766,0.4392085608900007,0.10731689098302158,1.0000000000000009
Comoros,2010,1,1.006188103705944,0.9634453869455408,-0.7133948505985297,-0.2562386400529562,0.9999999999999989
Comoros,2011,1,-0.8852010006609801,1.4175785539803576,0.10841719585926583,0.35920525082135635,0.9999999999999998
Comoros,2012,1,-0.7152889521501792,1.2395370358142144,0.17240454063278518,0.3033473757031805,1.0000000000000009
Comoros,2013,1,0.039146397454266575,1.2068729346446572,-0.13374180246827125,-0.11227752963065266,0.9999999999999999
Comoros,2014,1,-0.12109685063043746,0.5170019352544482,0.4558582212841567,0.14823669409183335,1.0000000000000007
Comoros,2015,1,0.8580355557869642,0.7927662711225897,-0.09023268695097851,-0.5605691399585834,0.999999999999992
Comoros,2016,1,0.4453752541597326,0.04241873587312886,0.8664812164663642,-0.3542752064992222,1.0000000000000036
Comoros,2017,1,-0.01394613816959759,0.8394930677816291,0.14659293656417027,0.027860133823793376,0.9999999999999953
Comoros,2018,1,-0.14172843216709638,0.431755603831931,0.010957694624417326,0.6990151337107553,1.0000000000000073
Comoros,2019,1,-0.07020487226750478,1.1128931847517354,0.01833434003210472,-0.06102265251633575,0.9999999999999996
Comoros,2020,1,-0.2796104724001727,1.2266719692474652,-0.07506401550898655,0.12800251866169238,0.9999999999999984
Comoros,2021,1,-13.474139219827796,11.586306365232197,0.946848042167345,1.9409848124282119,0.9999999999999574
Comoros,2022,1,5.0399851367230655,-3.166012765902057,0.07541709951109497,-0.9493894703320921,1.0000000000000115
Comoros,2023,1,-0.4332391866701752,1.2768650733052063,0.054234867498209154,0.10213924586676036,1.0000000000000004
Cook Islands,1970,1,-0.21686767610395988,1.0197358794900355,0.09921052665149054,0.09792126996243393,1
Cook Islands,1971,1,0.31339133989763995,0.387825391130274,0.17251541614766416,0.1262678528244238,1.000000000000002
Cook Islands,1972,1,-0.7794805622324563,1.2269229678610358,0.15309731482004915,0.39946027955136965,0.9999999999999982
Cook Islands,1973,1,14.401155082991062,-11.43570784613706,1.7577785511757424,-3.7232257880297324,1.0000000000000124
Cook Islands,1974,1,-4.587534264138931,3.6657511587690705,0.7282913882452371,1.193491717124619,0.9999999999999964
Cook Islands,1975,1,-19.210000665727517,14.915990514413972,0.4376779737765521,4.856332177537006,1.0000000000000107
Cook Islands,1976,1,1.6689372830415914,-0.7330302647890127,0.30275219915220675,-0.23865921740478274,1.0000000000000027
Cook Islands,1977,1,-0.9362961426733519,1.203891720747311,0.34044260248670183,0.3919618194393399,1.0000000000000009
Cook Islands,1978,1,0.2561113655296721,-0.07007733523579512,0.836781694520921,-0.022815724814798048,1
Cook Islands,1979,1,3.765789137263997,-2.854823658833694,1.018505046630126,-0.9294705250604314,0.9999999999999978
Cook Islands,1980,1,16.18330105504309,-13.172885292463608,2.278398674464018,-4.288814437043503,0.9999999999999964
Cook Islands,1981,1,-1.1569865487587851,1.4367069580602811,0.2525181545301045,0.46776143616839694,0.9999999999999976
Cook Islands,1982,1,5.491822007088764,-4.1396703732215805,0.9956380578036931,-1.3477896916708823,0.9999999999999947
Cook Islands,1983,1,-6.683541977066275,4.6642909769665994,1.5006558726081554,1.5185951274915233,1.0000000000000036
Cook Islands,1984,1,1.662794886385772,-0.8091790526153468,0.40983588015228695,-0.2634517139227138,0.9999999999999982
Cook Islands,1985,1,-2.008772298887025,2.0647430335324284,0.27179237184546806,0.6722368935091294,1.0000000000000013
Cook Islands,1986,1,7.731438282317315,-5.4286527273474166,0.4646694828288395,-1.767455037798743,0.9999999999999956
Cook Islands,1987,1,-4.887124370374359,4.638815376157327,-0.26199165825081616,1.5103006524678477,1
Cook Islands,1988,1,-5.510119553158793,5.03932283580698,-0.169900742156079,1.6406974595078951,1.0000000000000036
Cook Islands,1989,1,-2.5824363724217556,2.6042489932270794,0.1302987365372171,0.8478886426574552,0.9999999999999964
Cook Islands,1990,1,3.719698633636284,-2.953449068173427,1.1953312891739118,-0.9615808546367691,1
Cook Islands,1991,1,7.236909546567747,-5.44954142954761,0.9868878328856084,-1.774255949905745,1.0000000000000009
Cook Islands,1992,1,-2.168076104181392,2.607829934426573,-0.28880834650838827,0.8490545162632069,1
Cook Islands,1993,1,2.507739495955849,-0.5649240894120066,-0.7588879675596238,-0.18392743898421746,1.0000000000000013
Cook Islands,1994,1,5.274971260230793,-3.452751999948571,0.30192411646695955,-1.1241433767491826,0.9999999999999982
Cook Islands,1995,1,3.064225432451671,-1.428307637337131,-0.1708908217532779,-0.46502697336126353,0.9999999999999982
Cook Islands,1996,1,-6.597754972857487,3.711381814661403,2.678025030101155,1.208348128094945,1.000000000000016
Cook Islands,1997,1,1.5675896908360263,-1.0357287615674264,0.8053505828162584,-0.33721151208486794,0.9999999999999902
Cook Islands,1998,1,-1.7033607765896854,-1.3222954913275737,4.4561679927200855,-0.4305117248028314,0.9999999999999951
Cook Islands,1999,1,2.7526227224408637,-1.0927157907363592,-0.30414170269148433,-0.3557652290130223,0.999999999999998
Cook Islands,2000,1,-0.0697186313695634,0.519301659020146,0.3813432767959713,0.1690736955534446,0.9999999999999986
Cook Islands,2001,1,1.2633869981246313,-0.4838338638101442,0.37797302797573334,-0.15752616229021724,1.000000000000003
Cook Islands,2002,1,-0.48012996718546036,0.9893817505913937,0.16862632448867865,0.3221218921053876,0.9999999999999996
Cook Islands,2003,1,-0.10203450558077339,1.0180656739780143,-0.24749193241061782,0.3314607640133764,0.9999999999999996
Cook Islands,2004,1,-0.3870872838684139,0.8586040425780709,0.24893987416351374,0.2795433671268342,1.000000000000005
Cook Islands,2005,1,-3.783103680098653,5.540482829188343,-2.5612436089378945,1.8038644598482152,1.000000000000011
Cook Islands,2006,1,-0.39658990787705833,1.1871721783277538,-0.17710050994910456,0.3865182394984076,0.9999999999999984
Cook Islands,2007,1,4.051100981504925,-2.8085893800420267,0.6719059597388463,-0.9144175612017474,0.9999999999999973
Cook Islands,2008,1,8.673401344352737,-3.765605432008662,-2.6817940122608364,-1.2260019000832338,1.0000000000000053
Cook Islands,2009,1,-115.54987880125313,77.52389678173427,13.785832948972317,25.240149070546565,1.0000000000000142
Cook Islands,2010,1,0.8110715550199301,-0.013747219594962853,0.2071515190765683,-0.004475854501536852,0.9999999999999987
Cook Islands,2011,1,-1.2610139870239756,1.4994978402929169,0.2733113062729854,0.4882048404580747,1.0000000000000013
Cook Islands,2012,1,3.180841850886741,-1.5267106856148334,-0.157066395006611,-0.49706477026529483,1.0000000000000022
Cook Islands,2013,1,0.7035996530560213,0.17865675165621683,0.05957675059453593,0.0581668446932242,0.9999999999999983
Cook Islands,2014,1,0.17339944585424122,0.3977328311219192,0.2993742529950083,0.1294934700288331,1.0000000000000018
Cook Islands,2015,1,-0.018790115467762002,0.3806278455506058,0.5142378561943663,0.12392441372278912,0.9999999999999992
Cook Islands,2016,1,-0.24012089700958392,0.1252755910334055,1.074057085802967,0.040788220173210966,0.9999999999999994
Cook Islands,2017,1,0.9429638356554342,0.25441621517789614,-0.2802119944371487,0.08283194360381599,0.9999999999999976
Cook Islands,2018,1,0.6168926259257821,1.2363965410344233,-1.2558357210179734,0.402546554057772,1.000000000000004
Cook Islands,2019,1,3.1830836256247816,-4.548359383064737,3.846119898916408,-1.4808441414764606,0.9999999999999925
Cook Islands,2020,1,1.4120824750954801,-0.3058156928598872,-0.006699821130490272,-0.0995669611051028,0.9999999999999999
Cook Islands,2021,1,0.3495893664085678,0.3406136787281439,0.19890061102916062,0.11089634383412747,0.9999999999999998
Cook Islands,2022,1,0.8120005577026093,0.07684067513818955,0.08614113839392847,0.025017628765272675,1
Cook Islands,2023,1,-3.849661898432479,3.3767011460179437,0.37357986232024853,1.0993808900942872,1.0000000000000009
Cuba,1970,1,-0.09290543795349955,0.5989559422166413,0.3090320966110217,0.18491739912583643,0.9999999999999997
Cuba,1971,1,-0.09648562038562948,0.6017255127015463,0.30782206685931424,0.1869380408247686,0.9999999999999996
Cuba,1972,1,-0.09587500011447708,0.6024429837829361,0.30772713795035955,0.18570487838118366,1.0000000000000024
Cuba,1973,1,-0.0942812072109406,0.604532324680943,0.3072274322696939,0.18252145026029876,0.999999999999995
Cuba,1974,1,-0.08865714374597997,0.6160533525383365,0.3020434539150152,0.17056033729262646,0.9999999999999982
Cuba,1975,1,-0.09924172509624012,0.5998724171283273,0.3084443880284922,0.19092491993942087,1.0000000000000002
Cuba,1976,1,-0.09626710957578202,0.5975243997530162,0.30887413219033666,0.1898685776324328,1.0000000000000036
Cuba,1977,1,-0.09367983604809735,0.6057532565323468,0.30709843273709575,0.18082814677865233,0.9999999999999974
Cuba,1978,1,-0.09120284939881007,0.6090327518777325,0.30603238977953084,0.17613770774154683,1
Cuba,1979,1,-0.08482736719641826,0.6419658249751329,0.2847314794535371,0.15813006276776362,1.0000000000000155
Cuba,1980,1,-0.056288734294708764,0.6434636952237922,0.29337346032221606,0.11945157874870378,1.0000000000000033
Cuba,1981,1,-0.08914625351140523,0.5992316377441043,0.3080601165299175,0.18185449923738276,0.9999999999999992
Cuba,1982,1,-0.0811241371544223,0.637105565772603,0.3006217208260728,0.14339685055574797,1.0000000000000016
Cuba,1983,1,-0.08036659387634483,0.6231027019168243,0.3005380210369976,0.15672587092252002,0.999999999999997
Cuba,1984,1,-0.10453917929096249,0.6125988697909108,0.29343417887495243,0.19850613062510297,1.0000000000000038
Cuba,1985,1,-1.293556655471515,-0.7660904984285336,0.8303961987861109,2.2292509551139394,1.0000000000000018
Cuba,1986,1,-4.172223576589341,-1.2566984251942972,1.0915516723410756,5.33737032944259,1.0000000000000275
Cuba,1987,1,-0.12425292435665258,-0.9165039673697194,0.5943997772793865,1.4463571144469922,1.0000000000000069
Cuba,1988,1,-0.13458744335779352,0.3743297571469739,0.32918898322058826,0.4310687029902341,1.0000000000000027
Cuba,1989,1,-0.558514190735137,0.5257485855373986,0.06391424058383677,0.968851364613896,0.9999999999999944
Cuba,1990,1,-0.16861643801471277,0.9678992147511697,0.03427366717264552,0.1664435560908915,0.999999999999994
Cuba,1991,1,-0.8911337943064122,0.8662989758794672,0.46587113325087254,0.558963685176074,1.0000000000000016
Cuba,1992,1,-0.35888746166024077,0.7498574451832767,0.11552742605220405,0.49350259042476047,1.0000000000000004
Cuba,1993,1,0.15935206370888488,0.5335345017294554,0.03044173322776662,0.2766717013338941,1.0000000000000009
Cuba,1994,1,0.9141338917877174,-3.345922815804246,0.7659644167814053,2.665824507235114,0.9999999999999906
Cuba,1995,1,-3.7911162391832383,4.333608641443128,-1.1245188769242913,1.5820264746644273,1.0000000000000258
Cuba,1996,1,-0.0778996726849386,0.3963761213081665,0.24878203271186308,0.4327415186649105,1.0000000000000016
Cuba,1997,1,-0.1014753191807371,0.4980534382097646,0.35374190135942063,0.24967997961154537,0.9999999999999933
Cuba,1998,1,0.7625730703940236,2.142330754069397,0.09533870951274986,-2.000242533976175,0.9999999999999956
Cuba,1999,1,0.17062070198443016,0.5124656041462443,0.310685162617727,0.006228531251599554,1.0000000000000009
Cuba,2000,1,0.32696717751708493,0.25783243896596153,0.22776112246515937,0.18743926105179398,0.9999999999999998
Cuba,2001,1,3.368099390013653e-4,0.6425183249074893,0.3377289980318595,0.019415867121655002,1.000000000000005
Cuba,2002,1,0.16469807476933615,0.5700239614961521,0.6733931278545664,-0.4081151641200634,0.9999999999999912
Cuba,2003,1,-0.1148328143076709,0.7248062207872789,0.5294938037960668,-0.13946721027567202,1.0000000000000027
Cuba,2004,1,0.12017986498682638,0.16250767160425586,0.5674783383569902,0.1498341250519285,1.0000000000000009
Cuba,2005,1,0.3065476822164843,0.02333033722217909,0.4307339143497715,0.23938806621156433,0.9999999999999992
Cuba,2006,1,-0.19275048938584885,0.7805570531437598,0.24312334672551572,0.16907008951657213,0.9999999999999988
Cuba,2007,1,0.30545108744744043,0.11801624957750802,0.5459747610758606,0.030557901899192184,1.0000000000000013
Cuba,2008,1,0.30411775765206517,-0.32721385179673673,0.3453075759048757,0.6777885182397974,1.0000000000000013
Cuba,2009,1,1.525883291343076,0.27240359817126636,0.39941199441775393,-1.1976988839321003,0.999999999999996
Cuba,2010,1,-0.5210820294297067,1.2617583342737344,0.2783346369282532,-0.019010941772279563,1.0000000000000016
Cuba,2011,1,0.4768994301889518,0.394180791843712,-0.23870042751685105,0.3676202054841804,0.9999999999999931
Cuba,2012,1,0.16010731906076844,0.6880805597702228,-0.09603632645102377,0.24784844762004568,1.000000000000013
Cuba,2013,1,-0.18177715308195705,0.9582012240176462,0.09662682278992046,0.12694910627438089,0.9999999999999906
Cuba,2014,1,-0.23864617435814092,1.8182240687705433,-0.254926703732363,-0.3246511906800244,1.0000000000000149
Cuba,2015,1,-0.34260362266533906,0.9702442554044447,0.003861667341486729,0.36849769991939957,0.9999999999999918
Cuba,2016,1,-1.6759392477309265,2.0970668222897504,-0.06212083512069486,0.6409932605618837,1.0000000000000124
Cuba,2017,1,0.10916634238462841,0.5134290417673533,0.36870595839074216,0.008698657457283057,1.0000000000000069
Cuba,2018,1,-0.030838918128657706,0.6101176367097557,0.1960347012453867,0.22468658017351345,0.9999999999999982
Cuba,2019,1,-0.6151565026040257,-1.2227518063579232,3.094525219249918,-0.25661691028796435,1.0000000000000049
Cuba,2020,1,0.15556391229672561,0.471727672825477,0.3162642875887422,0.05644412728905617,1.0000000000000009
Cuba,2021,1,-0.14859165167556676,-0.5295258790316066,1.6939010359086062,-0.01578350520142924,1.0000000000000036
Cuba,2022,1,0.41571843342701775,0.6049850891343299,0.2918156580097913,-0.3125191805711457,0.9999999999999932
Cuba,2023,1,0.13005677593846354,-0.54671222656165,1.484158683097878,-0.06750323247469579,0.9999999999999957
Dominica,1970,1,-0.010458585392795799,0.5815160811923428,0.3308250610851829,0.09811744311527008,0.9999999999999999
Dominica,1971,1,-1.7046662141199354,0.5679485738546146,0.5259103784238274,1.6108072618414935,1.0000000000000002
Dominica,1972,1,0.990671503836906,0.7824180823781687,0.051107735245353274,-0.8241973214604295,0.9999999999999986
Dominica,1973,1,0.958713084375393,0.7798748719265522,0.056737519391687134,-0.795325475693631,1.0000000000000013
Dominica,1974,1,-0.19180202304330873,2.7448709915564637,-0.809687347157134,-0.7433816213560231,0.9999999999999977
Dominica,1975,1,2.0283138577787443,12.274093481247487,-3.9690540757484642,-9.333353263277786,0.9999999999999809
Dominica,1976,1,0.3049235315637434,0.8161433192649901,-0.023840855453770748,-0.09722599537496378,0.9999999999999989
Dominica,1977,1,-0.5725222705740852,1.6326274042692512,-0.12512499607281277,0.06501986237764582,0.9999999999999992
Dominica,1978,1,-0.3548303095619273,0.8563622718984591,0.2699517342880982,0.2285163033753719,1.0000000000000018
Dominica,1979,1,1.7126225114259372,0.04026651953511575,-0.44155675824253093,-0.3113322727185214,1.0000000000000007
Dominica,1980,1,-1.0973397037801516,1.0243490858227666,-0.17186868692277496,1.2448593048801608,1.000000000000001
Dominica,1981,1,1.8026325915311618,0.10564385443556097,0.06054952392025405,-0.9688259698869801,0.9999999999999968
Dominica,1982,1,30.518137190908035,-26.346294016848585,0.15602992263355459,-3.3278730966929477,1.0000000000000568
Dominica,1983,1,4.097623442202585,-2.4989805457636405,0.2329115058886788,-0.8315544023276237,0.9999999999999996
Dominica,1984,1,-1.94038705879664,1.4553805800479287,0.26987779259554207,1.2151286861531705,1.0000000000000016
Dominica,1985,1,2.4876454511149695,0.9820551229307755,-0.5577379941323989,-1.9119625799133526,0.9999999999999933
Dominica,1986,1,2.944700640997126,-1.2226703082505108,-0.0727130109664108,-0.6493173217802047,1
Dominica,1987,1,-0.556293458509377,1.220429239628471,0.09165745336076968,0.24420676552013787,1.0000000000000018
Dominica,1988,1,-0.6181759247875583,0.7801716334693628,0.08918018082775545,0.74882411049044,0.9999999999999999
Dominica,1989,1,-281.8054893166269,120.48377268286478,22.15951493060174,140.16220170316024,0.9999999999998863
Dominica,1990,1,5.249064942125481,-6.071448985266209,0.4682600712897023,1.3541239718510392,1.0000000000000133
Dominica,1991,1,-6.699605593447144,8.468623422294296,-0.6573908939379829,-0.11162693490918597,0.999999999999984
Dominica,1992,1,4.774847212722358,-1.0786587665272902,0.17163035681470032,-2.867818803009766,1.0000000000000022
Dominica,1993,1,0.16177188964497327,0.8009278220776064,0.4704713671592977,-0.4331710788818812,0.9999999999999961
Dominica,1994,1,-2.409870574360213,3.810045650856705,-0.4106978715484239,0.010522795051934864,1.000000000000003
Dominica,1995,1,0.1214373170954123,3.7140182364689784,-0.3777094107100796,-2.457746142854311,1.0000000000000004
Dominica,1996,1,-33.20792528170262,37.35847774128287,0.954789025381338,-4.105341484961539,1.0000000000000426
Dominica,1997,1,-18.717609749508117,45.105055299922874,-11.512469983988892,-13.87497556642571,1.0000000000001528
Dominica,1998,1,1.3284225801699319,-0.19125701193656122,0.09278928508786653,-0.22995485332123736,0.9999999999999998
Dominica,1999,1,-1.1902341961415186,1.127726368734571,0.4117308908322492,0.6507769365747037,1.0000000000000056
Dominica,2000,1,-1.021416510755006,1.6274388198059975,0.20350923776626476,0.1904684531827452,1.0000000000000016
Dominica,2001,1,23.601083566077246,-99.57855749444352,13.829575731591513,63.14789819677502,1.0000000000002593
Dominica,2002,1,-1.2153368617567364,0.3755744242921077,0.5527056679300911,1.2870567695345339,0.9999999999999964
Dominica,2003,1,-0.33599862711865475,0.8121862363115743,-0.14516466293813296,0.6689770537452151,1.0000000000000016
Dominica,2004,1,-0.2972569068103042,0.6173725114879139,-0.05098669375577876,0.7308710890781658,0.9999999999999967
Dominica,2005,1,-10.01295923398792,4.755774544474301,2.2458314153478707,4.011353274165764,1.000000000000016
Dominica,2006,1,0.8016446911025316,0.06380223880719577,0.13897420012786077,-0.004421130037588945,0.9999999999999991
Dominica,2007,1,-1.3202552215974643,1.8263141026365974,0.2581298280325511,0.23581129092831452,0.9999999999999987
Dominica,2008,1,-1.3383691495034336,1.9783938129995977,-0.08377708016607399,0.4437524166699097,1.0000000000000002
Dominica,2009,1,-4.237542237712242,5.311381773915938,-1.7357485029728954,1.661908966769171,0.9999999999999716
Dominica,2010,1,8.491780217566204,-6.1780056188283226,-0.0068111537306945686,-1.3069634450072196,0.9999999999999662
Dominica,2011,1,-12.410292422534802,7.857109498670166,-2.6939901651377762,8.247173089002438,1.0000000000000249
Dominica,2012,1,3.1664530216259306,-3.0189137568759135,-0.83375058307598,1.6862113183259606,0.9999999999999978
Dominica,2013,1,-8.858024067409543,9.673938406030725,-1.2155368168232321,1.3996224782020517,1.0000000000000018
Dominica,2014,1,-0.7093007729520667,0.8947820708560333,0.34339673773463036,0.47112196436140863,1.0000000000000053
Dominica,2015,1,0.062355714632848294,0.20665950096916205,-0.14353256571616627,0.8745173501141669,1.0000000000000109
Dominica,2016,1,0.09884385037154823,0.6899855290011936,-0.6297413990826003,0.8409120197098654,1.0000000000000069
Dominica,2017,1,1.006489379474096,0.5574764969244795,-0.49119814453570587,-0.07276773186286839,1.000000000000001
Dominica,2018,1,-9.479321292664336,3.6092895479259566,1.3801720557248756,5.489859689013495,0.9999999999999911
Dominica,2019,1,1.8506975706540187,0.6079608787984521,-0.20641722158797,-1.2522412278644985,1.0000000000000022
Dominica,2020,1,-0.15351574282543679,0.7924780738904301,0.16601284196539648,0.19502482696961015,1
Dominica,2021,1,0.4103413400885166,-0.9730446940491356,-0.3006446161314977,1.863347970092119,1.0000000000000022
Dominica,2022,1,0.7730793280475137,-0.264673205563678,-0.1253622977634766,0.6169561752796384,0.9999999999999974
Dominica,2023,1,-2.1192823209227254,1.8537079224517183,0.6169608020424726,0.6486135964285296,0.9999999999999951
Dominican Republic,1970,1,-0.16335672768200066,0.831673548884827,0.11045599478153377,0.22122718401563995,1
Dominican Republic,1971,1,0.008394678344870224,0.716875809052259,-0.07350411609697556,0.3482336286998455,0.999999999999999
Dominican Republic,1972,1,0.4510319805117397,0.29602026849793944,-0.004159108494109228,0.25710685948443,1
Dominican Republic,1973,1,-0.033390623839087585,0.5308221198573243,0.015426052401226846,0.4871424515805352,0.9999999999999989
Dominican Republic,1974,1,-4.494955632184888,2.643953230780517,1.022419130487706,1.828583270916667,1.0000000000000027
Dominican Republic,1975,1,-0.15033493977419304,1.0587942355068576,-0.3721799505779594,0.46372065484529645,1.0000000000000013
Dominican Republic,1976,1,0.6936227279550703,0.8218588973379058,-0.2511201322866165,-0.26436149300635847,1.000000000000001
Dominican Republic,1977,1,-0.08518480673120885,0.49606178780893045,0.1377393057617064,0.45138371316057196,1
Dominican Republic,1978,1,0.5377040045813369,-0.13464116926663355,0.32509899328932407,0.2718381713959697,0.9999999999999971
Dominican Republic,1979,1,-0.23059291972821824,0.16025976095754565,0.40468083540580346,0.6656523233648669,0.9999999999999977
Dominican Republic,1980,1,-2.189725208506035,2.4094969067877146,0.3110607387509387,0.46916756296738216,1.0000000000000004
Dominican Republic,1981,1,1.1135010713750306,0.03164471359049598,0.4224913791869037,-0.5676371641524272,1.000000000000003
Dominican Republic,1982,1,1.1665277217381402,1.3614908817186706,0.05906814437423256,-1.5870867478310462,0.9999999999999972
Dominican Republic,1983,1,0.015185879665008164,0.5557691003621784,0.06535249763509836,0.36369252233771304,0.999999999999998
Dominican Republic,1984,1,1.515145328526591,-0.9191290622503884,-0.018945101389420627,0.4229288351132211,1.000000000000003
Dominican Republic,1985,1,0.8215213642798758,-0.011031194494105237,-0.14440939566961813,0.3339192258838449,0.9999999999999973
Dominican Republic,1986,1,-0.6085574142347288,1.0682129206239497,0.25263769738404185,0.2877067962267332,0.999999999999996
Dominican Republic,1987,1,-0.13879596771475783,0.7586058942188512,-0.19674642754858818,0.5769365010444955,1.0000000000000007
Dominican Republic,1988,1,0.27860800779381845,-0.5233822493124843,0.317053013728409,0.9277212277902492,0.9999999999999923
Dominican Republic,1989,1,0.45062115940177566,0.03738111422465647,0.003372152509399663,0.508625573864173,1.0000000000000049
Dominican Republic,1990,1,-1.4579704057061362,1.3548980689208603,-0.010862766233429293,1.1139351030187095,1.0000000000000044
Dominican Republic,1991,1,-1.220670209871645,8.195953449157347,3.2358890762224335,-9.211172315508136,0.9999999999999991
Dominican Republic,1992,1,-0.28184672253650045,0.762019094193123,0.1357938764616761,0.38403375188170163,1.0000000000000002
Dominican Republic,1993,1,0.008850929894561236,0.4347496174130576,0.19547395048443209,0.36092550220794983,1.0000000000000007
Dominican Republic,1994,1,-0.24061618983253819,0.1355570285496532,0.29671795408160223,0.8083412072012827,0.9999999999999999
Dominican Republic,1995,1,0.20480358117914257,1.39332243038169,-0.35083671790790333,-0.24728929365292918,1.0000000000000002
Dominican Republic,1996,1,0.11597317535076754,0.4315689103923281,0.10378775050940132,0.3486701637475042,1.000000000000001
Dominican Republic,1997,1,-0.24321983783766898,0.6625644041909499,0.13862263525446084,0.44203279839225723,0.999999999999999
Dominican Republic,1998,1,-0.4693723011045997,0.3991955407310706,0.08790239972295699,0.9822743606505717,0.9999999999999997
Dominican Republic,1999,1,0.22477908420333892,0.8016381858045568,0.0769014433597664,-0.10331871336766331,0.9999999999999988
Dominican Republic,2000,1,-0.10284656729671657,0.5120061018982319,0.06479247676142556,0.5260479886370621,1.0000000000000033
Dominican Republic,2001,1,-0.026280219973639364,1.2606280832659724,0.5668849485001927,-0.8012328117925344,0.9999999999999913
Dominican Republic,2002,1,-1.3307260354707105e-4,0.6455956362415539,0.15578770683025497,0.19874972953173914,1.0000000000000009
Dominican Republic,2003,1,-1.2259381017653872,0.5038678329158224,0.23722570054189063,1.4848445683076723,0.999999999999998
Dominican Republic,2004,1,-0.42081926127163727,1.5449360178315117,0.30140830989810935,-0.425525066457999,0.9999999999999847
Dominican Republic,2005,1,-0.39154889923900577,0.998976395361457,0.1036902306689676,0.28888227320858106,0.9999999999999998
Dominican Republic,2006,1,-0.2118075057016416,0.7031671551882012,0.09782863692775187,0.4108117135856897,1.0000000000000013
Dominican Republic,2007,1,-0.14933483231208447,0.6847003750825733,0.11584453432609818,0.348789922903412,0.9999999999999989
Dominican Republic,2008,1,-0.8439115969945905,1.1324121716267246,0.08612923823981361,0.6253701871280545,1.000000000000002
Dominican Republic,2009,1,1.3171731766882728,3.5688100922317383,0.4468702925163158,-4.332853561436327,1
Dominican Republic,2010,1,-0.2473772896099607,0.6197910329317635,0.06445464331751592,0.5631316133606816,1.0000000000000004
Dominican Republic,2011,1,0.5165828744477583,1.0630965189205714,-0.09248283936738755,-0.48719655400094797,0.9999999999999942
Dominican Republic,2012,1,0.2920199769410202,0.5205108771964514,0.24125623558109044,-0.05378708971855716,1.0000000000000049
Dominican Republic,2013,1,0.5901813053133458,0.352292358809167,0.13959450976875107,-0.08206817389126181,1.000000000000002
Dominican Republic,2014,1,0.11389230385849315,0.557838841656737,0.06614149959247105,0.2621273548922974,0.9999999999999986
Dominican Republic,2015,1,-0.32407481979744607,0.6575447945657705,0.10185256105764491,0.5646774641740314,1.0000000000000007
Dominican Republic,2016,1,-0.08049365662099245,0.653444399059177,0.030616228895776813,0.39643302866603797,0.9999999999999993
Dominican Republic,2017,1,0.4506279525677217,0.6843645583887168,0.018141962988265998,-0.15313447394470284,1.0000000000000018
Dominican Republic,2018,1,-0.12013250459476713,0.5823870554022591,0.038937448127883516,0.49880800106462325,0.9999999999999988
Dominican Republic,2019,1,-0.23848374004976733,0.6335866514250135,0.11396594920174358,0.4909311394230149,1.0000000000000047
Dominican Republic,2020,1,0.47298009875981223,0.37032738249059133,-0.07215049280802315,0.22884301155762257,1.000000000000003
Dominican Republic,2021,1,0.004340540925980303,0.39995749411172865,5.393790235312407e-4,0.5951625859387601,1.0000000000000004
Dominican Republic,2022,1,-0.2921320412280287,0.7081666508988269,0.07290073233381435,0.5110646579953861,0.9999999999999988
Dominican Republic,2023,1,-0.0862401806214904,0.7312886211856648,0.08966673744594944,0.26528482198987857,1.0000000000000027
Fiji,1970,1,-0.08364579898859353,0.6879838109856077,0.0915009357758765,0.3041610522271095,1.0000000000000002
Fiji,1971,1,-0.04392497897630475,0.5748916149898382,0.09168752124061291,0.37734584274585364,1
Fiji,1972,1,0.005826548575689907,0.45935326843758145,0.1428583635663338,0.39196181942039376,0.9999999999999989
Fiji,1973,1,0.021394663770553133,0.8261791916953998,0,0.15242614453404735,1.0000000000000002
Fiji,1974,1,1.4217360175120386,-1.4940928788499268,-0.34419353492709387,1.4165503962649864,1.0000000000000042
Fiji,1975,1,-6.307518434862385,1.6946524232386175,1.756783498822961,3.85608251280081,1.0000000000000036
Fiji,1976,1,-3.5801946180983917,1.6275528623672653,2.9526417557311286,0,1.0000000000000027
Fiji,1977,1,0.4892521842524398,0.3677755676918895,0.14297224805566888,0,0.9999999999999982
Fiji,1978,1,-0.16411500151618189,1.2360688216073634,0.028398162116013353,-0.10035198220719156,1.0000000000000033
Fiji,1979,1,0.07548624049180003,0.5460765252346842,0.13231178547783176,0.24612544879568451,1.0000000000000004
Fiji,1980,1,-0.3434227803797958,2.3699184943495477,-0.2728873579497883,-0.7536083560199743,0.9999999999999893
Fiji,1981,1,1.9250356241694278,0.40568985604122654,0.2518818646209505,-1.5826073448316018,1.000000000000003
Fiji,1982,1,-1.06158085255563,0.9898581184471011,-0.2755356467703076,1.347258380878836,0.9999999999999993
Fiji,1983,1,0.6305875142516895,-0.13366004689922262,-0.06342371174817717,0.5664962443957096,0.9999999999999992
Fiji,1984,1,0.9999615887908907,-0.16784690184795475,0.2186149165536516,-0.050729603496588234,0.9999999999999993
Fiji,1985,1,0.5444585020546344,0.5105460681843158,0.02328934871173437,-0.07829391895068691,0.9999999999999977
Fiji,1986,1,0.7381602821421717,0.2937428372143052,0.11236391447562358,-0.14426703383210035,1
Fiji,1987,1,-0.7597288638205856,-5.702413806620317,-3.644709002712692,11.106851673153573,0.9999999999999779
Fiji,1988,1,1.092831752114164,-0.1400078200245985,-0.27461739314695016,0.32179346105739126,1.0000000000000067
Fiji,1989,1,-1.6523394038942252,1.6959860810051335,-0.4170575363873186,1.3734108592764147,1.0000000000000044
Fiji,1990,1,-0.9015120529143998,1.3512073256560488,0.1956165257188162,0.3546882015395353,1.0000000000000004
Fiji,1991,1,-0.6382258806428717,1.688511503950649,0.1730784866250831,-0.22336410993286057,1
Fiji,1992,1,0.020488499178600093,1.0429327334574847,0.3098687205704836,-0.37328995320656727,1.000000000000001
Fiji,1993,1,-2.4279670182780393,0.33845259180696674,0.46708635853217695,2.6224280679388965,1.0000000000000009
Fiji,1994,1,0.7615033034249867,0.8062425059105232,-0.25621908371587226,-0.31152672561964145,0.9999999999999962
Fiji,1995,1,-0.24391155105055068,0.9436825235969923,0.06385234200143548,0.23637668545212373,1.0000000000000007
Fiji,1996,1,1.6139656441392376,-1.3888966045638145,0.10868741737282948,0.6662435430517493,1.0000000000000018
Fiji,1997,1,0.6619326682888194,1.04161951609285,-0.26243313198176454,-0.44111905239990157,1.0000000000000033
Fiji,1998,1,-0.05112843156199193,-6.271968552721243,0.6475623352392726,6.675534649043961,0.999999999999998
Fiji,1999,1,-0.334011224045619,1.1922306915898797,-0.011175278664986032,0.15295581112072745,1.000000000000002
Fiji,2000,1,2.727768270520362,-4.863779711843272,-0.6295175678403581,3.765529009163275,1.0000000000000062
Fiji,2001,1,-1.563888634677793,2.094569550448844,0.27711725062411874,0.19220183360482654,0.9999999999999964
Fiji,2002,1,1.7370190423574607,-1.8685796017627696,-8.124455770299638e-4,1.132373004982341,1.0000000000000022
Fiji,2003,1,-6.06829068144849,2.50319156213032,-0.022383454205609693,4.5874825735238005,1.0000000000000213
Fiji,2004,1,-1.730319317415052,2.3437694142702283,-0.035333601489614515,0.4218835046344344,0.9999999999999962
Fiji,2005,1,10.068504602580482,2.0368258578897422,0.4353668279827291,-11.54069728845295,1.0000000000000036
Fiji,2006,1,-4.648473315139039,4.173966806962952,1.6081158161470195,-0.13360930797093454,0.9999999999999964
Fiji,2007,1,-5.353592353865146,1.6694105587991546,1.7206098261738891,2.9635719688920945,0.999999999999992
Fiji,2008,1,-3.7303025041424105,-0.5442230931085625,-1.3964445237919558,6.670970121042922,0.9999999999999938
Fiji,2009,1,-4.9228177963571085,3.1375976312129086,-0.7515448432821923,3.53676500842639,0.9999999999999973
Fiji,2010,1,1.148807236034865,0.1364166162996126,-0.4961224093477569,0.21089855701328047,1.000000000000001
Fiji,2011,1,0.10497427083113733,-1.1660265305269701,1.039664027021809,1.0213882326740238,0.9999999999999999
Fiji,2012,1,1.9887777571106366,0.29369949454612593,1.1826699021048976,-2.465147153761664,0.9999999999999964
Fiji,2013,1,-2.1416470103546357,0.44218419620330385,0.23380363424027525,2.4656591799110603,1.000000000000004
Fiji,2014,1,1.0909343842501877,0.5143113260838701,0.38906188411396986,-0.9943075944480292,0.9999999999999984
Fiji,2015,1,0.5483351472324609,-0.34914513175661555,0.235706301002065,0.565103683522092,1.0000000000000022
Fiji,2016,1,-0.1877412099507745,1.8137541106329493,-0.3057863726301652,-0.3202265280520159,0.9999999999999938
Fiji,2017,1,-0.25638733046750195,0.729348939065526,0.2556411242897433,0.27139726711223694,1.0000000000000044
Fiji,2018,1,-0.8037650156220995,1.194842046890438,0.498026879853719,0.11089608887793552,0.9999999999999931
Fiji,2019,1,9.147852221870556,-10.82171909099673,-2.472323183593718,5.146190052719799,0.9999999999999076
Fiji,2020,1,0.19565995136871406,0.37159620625282896,0.09551767106515008,0.33722617131330807,1.0000000000000013
Fiji,2021,1,2.0990276047767074,-0.4676200097880983,0.2684374980851178,-0.8998450930737264,1.0000000000000004
Fiji,2022,1,0.0925816743617262,0.8402490256782971,0.047413350295290514,0.019755949664686093,0.9999999999999998
Fiji,2023,1,0.792163435550958,0.5523758437993578,0.06538735631700723,-0.4099266356673223,1.0000000000000007
Grenada,1970,1,-0.10090377668005435,0.7960473350259096,0.18752383220796565,0.11733260944617924,1.0000000000000004
Grenada,1971,1,-0.12807025363328686,0.7509827790780114,0.1929182945708063,0.18416917998447083,1.0000000000000016
Grenada,1972,1,-0.10142067637074803,0.7344110583430533,0.23261102903645658,0.13439858899123744,0.9999999999999994
Grenada,1973,1,-0.18920302216375404,0.7287759849812473,0.21463299889881804,0.24579403828368956,1.0000000000000009
Grenada,1974,1,-0.07645511045505579,0.7980778749867206,0.12150588927810747,0.15687134619022608,0.9999999999999983
Grenada,1975,1,0.13900335191171814,0.603267348451193,0.5563229013340586,-0.29859360169696747,1.0000000000000022
Grenada,1976,1,-0.420219175496692,0.7108616461481414,0.1730966380392526,0.536260891309298,1.0000000000000002
Grenada,1977,1,0.411475107922617,1.0710005533925029,-0.23097350343975728,-0.2515021578753626,0.9999999999999999
Grenada,1978,1,0.292691254750009,0.21631790988709132,1.3308530416275222,-0.8398622062646247,0.9999999999999978
Grenada,1979,1,-1.8240282565145713,0.7578211761193505,-0.3710848599872561,2.4372919403824778,1.0000000000000007
Grenada,1980,1,32.41310463874264,-27.574750194352283,-2.416417636769527,-1.421936807620789,1.000000000000039
Grenada,1981,1,-4.811678307348333,-0.17760526966362353,-0.0350745379663295,6.02435811497829,1.0000000000000044
Grenada,1982,1,0.01309897715872514,0.5784742056509955,-0.09880940895415673,0.507236226144437,1.0000000000000009
Grenada,1983,1,3.6752058439627664,-1.2215947711410027,0.029406053568530204,-1.4830171263902947,0.9999999999999996
Grenada,1984,1,1.1519572934756268,1.384783597156379,0.9309591186266338,-2.467700009258644,0.9999999999999959
Grenada,1985,1,-0.17079235045731272,0.9409702830058279,0.057789224619318104,0.1720328428321679,1.000000000000001
Grenada,1986,1,0.3589312641727577,-0.19979834840685776,0.0696643786635245,0.7712027055705756,1
Grenada,1987,1,-0.2216968302341955,0.22602525687619576,0.3525071737419755,0.6431643996160249,1.0000000000000007
Grenada,1988,1,0.6371735385374329,0.09570110170475875,-0.2473883190413093,0.5145136787991128,0.9999999999999951
Grenada,1989,1,-0.48387594115564486,0.29857111158323113,0.7656174849943548,0.41968734457805934,1.0000000000000004
Grenada,1990,1,-0.2510489336814039,0.05196297441702479,0.04677312013159979,1.1523128391327817,1.0000000000000022
Grenada,1991,1,-0.4734173748591174,1.2026160154358498,-0.03360431749998119,0.30440567692324216,0.9999999999999934
Grenada,1992,1,-3.791598214534417,-3.3215287920678547,1.6060438176234852,6.507083188978788,1.0000000000000013
Grenada,1993,1,1.1581648540872715,-0.1765852978771509,0.3676419572805866,-0.34922151349071556,0.9999999999999917
Grenada,1994,1,1.2782268989307133,-2.1294639084395075,0.028984926472550528,1.8222520830362383,0.9999999999999947
Grenada,1995,1,1.641327589818239,1.4151142423590346,-0.45214892370642945,-1.604292908470847,0.999999999999997
Grenada,1996,1,-2.533621841866304,2.2724923928141076,0.10788952770706035,1.1532399213451405,1.0000000000000044
Grenada,1997,1,-0.6063393201085979,0.8925148159490716,0.09512155277978358,0.6187029513797442,1.0000000000000013
Grenada,1998,1,-0.42127718883210125,0.8364644473024325,0.16245053246727956,0.4223622090623876,0.9999999999999984
Grenada,1999,1,1.414989688036167,-1.3675066311748199,-0.01169075109730565,0.9642076942359604,1.0000000000000018
Grenada,2000,1,-0.4869485500734291,3.089012847695363,-0.6105057970760543,-0.9915585005458806,0.999999999999999
Grenada,2001,1,0.6030542155520235,-3.859730290288827,-0.31526496345599375,4.5719410381928,1.0000000000000027
Grenada,2002,1,-0.7952423211051836,2.196923194948003,0.07497166212504448,-0.4766525359678664,0.9999999999999976
Grenada,2003,1,-0.6157146430571946,0.53913705803944445,0.043472246910552716,1.0331053381071977,1.0000000000000004
Grenada,2004,1,-2.9500978859009273,7.383864755238711,-2.5621215750050026,-0.8716452943327989,0.9999999999999818
Grenada,2005,1,-1.3761853468553682,1.0485806037308527,0.09247077193761612,1.2351339711868976,0.9999999999999984
Grenada,2006,1,-0.6015302492497486,-1.4614945814356095,0.13008649463565652,2.9329383360497,0.9999999999999986
Grenada,2007,1,0.4061113822818166,0.08036685687428556,0.18248874877520802,0.33103301206869185,1.000000000000002
Grenada,2008,1,0.13713760967700706,2.9485179741254663,1.829723151485626,-3.9153787352881086,0.9999999999999908
Grenada,2009,1,-1.2274987647981253,0.8798047133568303,0.06476950864432413,1.2829245427969713,1.0000000000000007
Grenada,2010,1,6.912019993435922,-9.863911344890155,-1.2786084697930382,5.230499821247262,0.9999999999999902
Grenada,2011,1,-0.5977660306732568,4.586402808861216,-0.26079237316688797,-2.7278444050210613,1.0000000000000098
Grenada,2012,1,-1.7695282658614022,-0.08191731126525774,-0.23770701890795867,3.089152596034627,1.0000000000000082
Grenada,2013,1,-0.7564821648842092,-0.1521919906952708,0.1862519999892017,1.7224221555902781,0.9999999999999997
Grenada,2014,1,2.8101310033807816,-1.37954391820547,-0.30508087152742797,-0.12550621364788336,1.0000000000000002
Grenada,2015,1,0.27338148134503704,0.12940683921152374,0.0420167985327781,0.5551948809106629,1.0000000000000018
Grenada,2016,1,-0.11195207356208865,0.8073476425889445,0.16419149603418337,0.14041293493895796,0.9999999999999971
Grenada,2017,1,-0.6130046303798073,0.37485052703241356,0.05370376494375929,1.1844503384036351,1.0000000000000007
Grenada,2018,1,-0.5590830981548904,0.5107474811238613,0.24745477144894895,0.8008808455820768,0.9999999999999967
Grenada,2019,1,1.4622113945703141,-1.339845593572522,-0.510827332805236,1.3884615318074802,1.0000000000000364
Grenada,2020,1,0.5893463405873652,0.5347531055793858,0.10694172717604845,-0.23104117334279864,1.0000000000000009
Grenada,2021,1,0.6958944501357232,0.402038911434923,0.09761330748069993,-0.195546669051347,0.9999999999999991
Grenada,2022,1,0.08946244993445843,0.6432774145365417,0.11797450823146652,0.1492856272975344,1.000000000000001
Grenada,2023,1,-0.7431023715520951,-2.412754570727106,-0.4635798145762116,4.619436756855411,0.9999999999999979
Guinea-Bissau,1970,1,-0.036018123116913894,0.49093347531652554,0.03316151232606554,0.5119231354743229,1.0000000000000002
Guinea-Bissau,1971,1,0.9575039612507499,-0.2117075254962513,-0.4824880230834947,0.7366915873289978,1.0000000000000018
Guinea-Bissau,1972,1,-0.4549806304340395,1.306859370592949,0.5551167904963761,-0.4069955306552861,0.9999999999999993
Guinea-Bissau,1973,1,-4.250961963068639,3.6384305863265904,2.7549464355727484,-1.1424150588306925,1.000000000000007
Guinea-Bissau,1974,1,-0.09916474734146287,1.0290029562734266,0.492867980994428,-0.4227061899263972,0.9999999999999946
Guinea-Bissau,1975,1,1.5360679948394536,-0.39573679876282136,-0.11780646269729118,-0.022524733379336845,1.000000000000004
Guinea-Bissau,1976,1,-0.5284438346673515,0.45624805630687465,0.8539639439637463,0.2182318343967254,0.9999999999999949
Guinea-Bissau,1977,1,0.07345621707474442,0.16852637138393,0.8773070584316804,-0.11928964689035548,0.9999999999999993
Guinea-Bissau,1978,1,-0.6008569254003322,0.708185449728296,0.6191177691058031,0.27355370656623346,1.0000000000000004
Guinea-Bissau,1979,1,-3.9116117679127584,3.096352327554273,1.533012212620787,0.2822472277377076,1.0000000000000093
Guinea-Bissau,1980,1,-0.5546317198943611,1.7774608702189028,-0.1154050129950634,-0.10742413732947813,1
Guinea-Bissau,1981,1,1.402228322901028,1.1141350603483917,-0.8239369489449649,-0.6924264343044545,1.0000000000000002
Guinea-Bissau,1982,1,-0.5737900531154813,1.3487667990539542,0.05537327077507118,0.1696499832864556,0.9999999999999997
Guinea-Bissau,1983,1,17.277365962301197,4.118764546259609,-12.70688078087749,-7.689249727683317,0.9999999999999964
Guinea-Bissau,1984,1,-1.4499988930872822,2.1519328907308792,-0.4484260994624962,0.746492101818899,1
Guinea-Bissau,1985,1,0.34313991891975626,1.1994238581689725,-0.3673406933288839,-0.17522308375984605,0.9999999999999988
Guinea-Bissau,1986,1,-0.9167864929176515,2.6029002084313437,-1.7562569435590034,1.0701432280452956,0.9999999999999847
Guinea-Bissau,1987,1,-1.8347403410777667,2.8162175109798873,-0.8197034994017487,0.8382263294996238,0.9999999999999958
Guinea-Bissau,1988,1,-0.841314234582372,1.3331307455486718,0.12142574345910286,0.38675774557459836,1.0000000000000009
Guinea-Bissau,1989,1,0.46285245845383505,0.5569747277259985,0.15437840697489472,-0.17420559315473255,0.9999999999999958
Guinea-Bissau,1990,1,0.056495006664226154,1.109896366097326,-0.12706181751491594,-0.039329555246622926,1.0000000000000133
Guinea-Bissau,1991,1,-0.03385610933943766,1.0291201369706824,-0.033827282732159576,0.0385632551009062,0.9999999999999916
Guinea-Bissau,1992,1,2.2969396247128673,-0.9058584166767701,0.3505853026581579,-0.7416665106942507,1.0000000000000044
Guinea-Bissau,1993,1,1.561557804072558,0.14773867645042524,-0.2256061109162368,-0.4836903696067449,1.0000000000000013
Guinea-Bissau,1994,1,0.3001678009941401,0.6957585521778498,0.033612308803920604,-0.029538661975908036,1.0000000000000024
Guinea-Bissau,1995,1,-0.6358743571270878,1.9554345912149853,-0.07470079290038324,-0.24485944118751438,0.9999999999999997
Guinea-Bissau,1996,1,0.4867781329929088,0.5981274912204443,0.3020240038618424,-0.38692962807520187,0.9999999999999936
Guinea-Bissau,1997,1,0.002363425774387817,-0.34408625214106836,0.7853950615147813,0.5563277648518988,0.9999999999999997
Guinea-Bissau,1998,1,-0.16940378345447274,0.8544919876359321,-0.010309215842422271,0.325221011660964,1.000000000000001
Guinea-Bissau,1999,1,0.35482847417222785,0.31544187809759977,0.3187426063249359,0.010987041405237177,1.0000000000000007
Guinea-Bissau,2000,1,4.645366639983916,-5.322099913806474,-2.1670287229782677,3.8437619968008385,1.0000000000000129
Guinea-Bissau,2001,1,-0.42727707699570877,1.7203991412984263,-0.16077166168099746,-0.132350402621717,1.0000000000000029
Guinea-Bissau,2002,1,0.31586635191900964,0.8054210860715192,0.30524435585409937,-0.4265317938446215,1.0000000000000067
Guinea-Bissau,2003,1,-1.4445899838540115,4.808707258103393,-1.479167368417627,-0.8849499058317511,1.0000000000000033
Guinea-Bissau,2004,1,-0.7127384283382813,2.4332551006399377,-0.378687416718717,-0.3418292555829371,1.0000000000000022
Guinea-Bissau,2005,1,1.4072816347752346,-0.7189032427579414,0.3351215179644336,-0.02349990998173043,0.9999999999999964
Guinea-Bissau,2006,1,-2.2736676500352218,3.3042986870230475,-0.036028133810869514,0.005397096823053255,1.0000000000000098
Guinea-Bissau,2007,1,0.3314419807854999,0.19775051704773297,0.12893908521974146,0.3418684169470236,0.9999999999999979
Guinea-Bissau,2008,1,-0.40120617826678184,2.0756477813034473,-0.4267060021768005,-0.24773560085986257,1.0000000000000022
Guinea-Bissau,2009,1,0.9954771694133973,-1.1945921770070405,1.0883273646818563,0.1107876429117874,1.0000000000000004
Guinea-Bissau,2010,1,-0.47297286785321835,1.1666377009245825,0.16092605780711405,0.1454091091215214,0.9999999999999998
Guinea-Bissau,2011,1,0.5114476718651368,0.4252696391810103,0.07840068755353792,-0.01511799859968575,0.9999999999999993
Guinea-Bissau,2012,1,0.2758653492580866,0.7917272776585468,0.2430703489791694,-0.3106629758958028,1
Guinea-Bissau,2013,1,1.028231236869942,-0.043956138137884924,0.2062495432747511,-0.19052464200680577,1.0000000000000024
Guinea-Bissau,2014,1,-3.7169592148706463,1.5535056879936284,2.5208094699094197,0.6426440569675836,0.9999999999999853
Guinea-Bissau,2015,1,-0.2941705427114323,1.2811015198753481,0.25263804852488225,-0.23956902568879943,0.9999999999999987
Guinea-Bissau,2016,1,-1.1061207506415434,2.086864142942659,-0.07219938549401794,0.09145599319290691,1.0000000000000044
Guinea-Bissau,2017,1,-1.266966256746224,1.2830499115981264,0.5992358588382838,0.3846804863098135,0.9999999999999993
Guinea-Bissau,2018,1,0.339881624412664,0.5515431073106499,0.07322436431664235,0.03535090396004234,0.9999999999999987
Guinea-Bissau,2019,1,0.1824998978327823,0.5235093372103657,0.1364367899364851,0.15755397502036572,0.9999999999999989
Guinea-Bissau,2020,1,5.422915411068807,0.11689240691472963,-1.0073163348984973,-3.532491483085043,0.9999999999999964
Guinea-Bissau,2021,1,2.794012647534625,-1.6618598509244586,-0.3103339739479929,0.17818117733782615,0.9999999999999996
Guinea-Bissau,2022,1,-0.5575204857635021,1.3697543907259637,0.22476168588481607,-0.03699559084727813,0.9999999999999996
Guinea-Bissau,2023,1,0.615406062369389,0.28243280572527785,0.06145479140358143,0.040706340501752196,1.0000000000000004
Guyana,1970,1,-0.695263274625686,1.9139673586302157,0.48980813897956715,-0.7085122229840974,0.9999999999999994
Guyana,1971,1,0.9481916570716861,0.5991028948484871,0.4204917739648771,-0.9677863258850591,0.9999999999999911
Guyana,1972,1,1.6594994666164709,0.14765739664327732,-0.4619074587842105,-0.34524940447555447,0.9999999999999831
Guyana,1973,1,-1.0237954820747897,0.8990164368422761,0.4726859336162101,0.6520931116163027,0.9999999999999991
Guyana,1974,1,-3.042516174452401,2.942184203891025,1.3046203988402072,-0.20428842827883448,0.9999999999999964
Guyana,1975,1,-0.012041769572499562,-0.23323312717157507,0.3937204015106512,0.8515544952334226,0.9999999999999992
Guyana,1976,1,-0.9690809296477848,1.2722599067950546,0.4401294870483811,0.25669153580434967,1.0000000000000009
Guyana,1977,1,-1.39790392944587,0.07062123314287691,0.5852858414803835,1.7419968548226112,1.0000000000000018
Guyana,1978,1,-1.0985636259839113,1.0106512890938446,0.2660479094071316,0.821864427482936,1.0000000000000009
Guyana,1979,1,2.0909583874907343,2.153336681829588,-0.6428768523496923,-2.601418216970628,1.0000000000000018
Guyana,1980,1,-0.1826183243820138,0.41714771588051686,0.9849932009029655,-0.21952259240147054,0.999999999999998
Guyana,1981,1,-0.7821508415234639,1.2524754790331296,0.10425766276995757,0.42541769972037957,1.0000000000000029
Guyana,1982,1,-0.1736626371933942,0.5013422333736497,0.1628179059733023,0.5095024978464409,0.9999999999999987
Guyana,1983,1,0.20785529146236026,0.8115543576853128,-0.11278738328223646,0.09337773413456522,1.0000000000000018
Guyana,1984,1,-0.24755336166975916,0.8408234762260448,0.1400020405407861,0.266727844902928,0.9999999999999996
Guyana,1985,1,0.5192761498956026,0.10402383162936263,0.6051751065760926,-0.22847508810106185,0.999999999999996
Guyana,1986,1,0.06699336524474261,1.8130511984768356,-0.3484314966848746,-0.5316130670367044,0.9999999999999993
Guyana,1987,1,-0.3429280206902585,1.8405115278783402,-1.5468599491200143,1.0492764419319351,1.0000000000000024
Guyana,1988,1,-2.2149883425626458,-1.2374419794614206,0.4147731792986499,4.0376571427254255,1.0000000000000089
Guyana,1989,1,0.7922040839849043,-0.0010352873732261663,1.840712683330239,-1.6318814799419172,0.9999999999999998
Guyana,1990,1,1.4986670380870284,-0.18853289424559871,0.28869265266919975,-0.5988267965106304,0.999999999999999
Guyana,1991,1,-67.59732360781163,30.371193796736907,6.893709074885948,31.332420736188613,0.9999999999998437
Guyana,1992,1,-0.4444134457680964,-0.10932744566623392,0.17606974868414793,1.377671142750183,1.0000000000000007
Guyana,1993,1,-0.9968671277762631,1.1362164743578376,0.374359228065497,0.48629142535292247,0.999999999999994
Guyana,1994,1,0.7013209560919721,0.29822190497782874,0.14256444339596333,-0.14210730446576594,0.9999999999999982
Guyana,1995,1,0.2110730479063877,0.2459104930761173,0.18451252323414757,0.35850393578335404,1.0000000000000067
Guyana,1996,1,0.2613725222823534,0.3176603108988632,0.25458682091719714,0.16638034590158432,0.9999999999999981
Guyana,1997,1,-0.7254587088698151,0.7972691008448307,0.5352471714013117,0.3929424366236767,1.000000000000004
Guyana,1998,1,-1.5312045803916055,4.300737179565825,0.44586729207615083,-2.2153998912503687,1.000000000000002
Guyana,1999,1,-1.4219364943702675,3.0568119435759895,-1.3263671708589522,0.6914917216532399,1.0000000000000098
Guyana,2000,1,-3.473828494344549,3.6492319165331395,1.0001985660714123,-0.17560198825999326,1.0000000000000093
Guyana,2001,1,0.030646560722460157,0.8905826505976417,-0.083035755412689,0.16180654409258538,0.9999999999999982
Guyana,2002,1,0.2425201605522146,0.041170128708472364,0.36100216652559924,0.3553075442137143,1.0000000000000004
Guyana,2003,1,0.16620742452366663,0.46919608193408413,0.40127460922390834,-0.03667811568165795,1.000000000000001
Guyana,2004,1,-0.2588571888402774,1.1742874694191354,0.03897678893653343,0.045592930484609426,1.0000000000000009
Guyana,2005,1,-0.8205677931029093,1.5893609707911456,0.15135495179139555,0.07985187052036723,0.999999999999999
Guyana,2006,1,-1.5446586197362258,0.23859838472927825,0.0782678828460517,2.2277923521608978,1.000000000000002
Guyana,2007,1,-0.38401100034073415,1.4762184992733713,0.1179418265886744,-0.21014932552131166,1
Guyana,2008,1,-2.9348346224929998,3.7918069412540327,0.31569711860373784,-0.1726694373647737,0.9999999999999973
Guyana,2009,1,1.8535468193328715,-2.231468171412743,0.36522378269662337,1.0126975693832496,1.0000000000000013
Guyana,2010,1,-0.9345298437728369,2.0862054052281818,-0.10479938454360128,-0.0468761769117426,1.0000000000000009
Guyana,2011,1,-0.7268251068046475,1.5606452970201812,0.2188707686764514,-0.05269095889198767,0.9999999999999974
Guyana,2012,1,0.013745440474094532,0.8353385886343572,-0.2954208796964654,0.44633685058801753,1.0000000000000038
Guyana,2013,1,-0.16457582165142004,1.7163803198280603,0.9068032757143684,-1.4586077738910115,0.9999999999999972
Guyana,2014,1,-6.396524605279976,-30.81847212449555,4.254517688852129,33.96047904092342,1.0000000000000204
Guyana,2015,1,16.177494839495584,-8.298793384984423,0.19788578621861186,-7.076587240729784,0.9999999999999876
Guyana,2016,1,1.173326033646994,-1.2200134416937973,0.13550463878688676,0.9111827692599171,1.0000000000000004
Guyana,2017,1,-220.7133997579182,163.1598634055677,9.06968020927098,49.483856143078896,0.9999999999993747
Guyana,2018,1,0.0524054760164536,0.42539595222830423,0.5696493316847784,-0.04745075992953046,1.0000000000000058
Guyana,2019,1,-12.411913307552927,12.840777166681557,3.3368193912878312,-2.7656832504164615,0.9999999999999982
Guyana,2020,1,0.9696664524108072,0.034881898022230656,0.005157219490262002,-0.009705569923299837,1
Guyana,2021,1,-0.7160922800357059,1.26393520484685,0.3729342665067581,0.07922280868209824,1.0000000000000004
Guyana,2022,1,1.2665650995539723,-0.2977266349624415,-0.08593450577678508,0.1170960411852541,0.9999999999999999
Guyana,2023,1,0.017393867751718434,0.5559674684780418,0.15220363363234882,0.2744350301378909,0.9999999999999999
Haiti,1970,1,0.2576013287867874,0.46815189174731175,0.14741002539722736,0.12683675406867356,1
Haiti,1971,1,0.43704559886565547,-0.35594743807872886,0.3828671608937044,0.5360346783193718,1.0000000000000027
Haiti,1972,1,-0.10810606032629733,0.0732547321422064,-0.19844685689122324,1.2332981850753142,1
Haiti,1973,1,-0.09863809968097154,0.28028725002513943,-0.027191347091150266,0.845542196746981,0.9999999999999987
Haiti,1974,1,-0.06738652731770098,0.46358243472390864,-0.03760543122269483,0.6414095238164865,0.9999999999999993
Haiti,1975,1,-0.2201940806402571,0.4670371840088348,0.10119483267999456,0.651962063951429,1.000000000000001
Haiti,1976,1,-0.31430386227712925,0.8983965540320815,0.03978939466330504,0.37611791358174335,1.0000000000000007
Haiti,1977,1,-0.3571738269255042,0.6333293155124883,0.03681379843590826,0.6870307129771067,0.9999999999999991
Haiti,1978,1,-0.27993850695606676,0.5880696033455292,0.24354947791362583,0.44831942569691124,0.9999999999999996
Haiti,1979,1,0.08438424781678962,0.12865676162063178,0.02019511355763915,0.7667638770049405,1.000000000000001
Haiti,1980,1,-0.457169492543089,1.1587794136992462,0.19966377421881562,0.0987263046250283,1.000000000000001
Haiti,1981,1,0.5547835681494866,0.8943792004086238,-0.07436513548355773,-0.3747976330745559,0.9999999999999969
Haiti,1982,1,-0.27819475047174697,0.8791736427129113,0.06785784757298381,0.33116326018585485,1.000000000000003
Haiti,1983,1,-0.19648850237515808,0.42333898531370967,-0.15531797122029473,0.9284674882817545,1.0000000000000113
Haiti,1984,1,-0.4496887744017104,0.38848326146560536,0.19591569007305676,0.865289822863039,0.9999999999999907
Haiti,1985,1,-0.09092982538417985,-0.12873229107899953,0.11152923168589603,1.1081328847772824,0.9999999999999992
Haiti,1986,1,-0.756497435588119,-1.0904861349906139,0.27784375024572794,2.569139820332997,0.9999999999999919
Haiti,1987,1,1.3140617385113669,-0.793863315649123,0.945800173296664,-0.46599859615889827,1.0000000000000093
Haiti,1988,1,0.14243172754736091,1.7211236507245011,0.2906703979375691,-1.1542257762094337,0.9999999999999974
Haiti,1989,1,-0.4864132239737112,0.40202458485432085,-0.10332109734793286,1.1877097364673215,0.9999999999999984
Haiti,1990,1,-0.42524097857730014,1.1124761005735355,0.07278838057563387,0.2399764974281312,1.0000000000000007
Haiti,1991,1,0.5655574320141766,0.10985258010805364,0.36767124590681405,-0.04308125802904762,0.9999999999999967
Haiti,1992,1,-0.38526253026934104,0.7104130581412761,-0.3639424187113335,1.038791890839397,0.9999999999999984
Haiti,1993,1,2.2428039245181957,-5.527812644583801,-0.36894338658472225,4.653952106650325,0.9999999999999973
Haiti,1994,1,-0.19326697662218648,0.4509264795938889,-0.06984627148925152,0.8121867685175473,0.9999999999999981
Haiti,1995,1,-0.3038961845932673,0.7004536468607748,0.017520702200207572,0.5859218355322843,0.9999999999999993
Haiti,1996,1,-0.3814037571016681,1.224845960832105,0.042395118587397716,0.11416267768216595,1.0000000000000004
Haiti,1997,1,-0.15657112284324645,1.0186765628945467,0.060592537699675424,0.07730202224902485,1.0000000000000004
Haiti,1998,1,-0.14525637152769616,1.367478684134218,0.09706769600391676,-0.31929000861043655,1.000000000000002
Haiti,1999,1,-0.325136315053346,1.0236303367109465,0.035435649065872724,0.26607032927652585,0.9999999999999991
Haiti,2000,1,-0.35988017127519745,1.3155964721724804,-0.09996980844098538,0.14425350754370236,0.9999999999999999
Haiti,2001,1,-11.830076881206251,-9.9459848629473,-12.293267772651225,35.069329516805,1.0000000000002238
Haiti,2002,1,0.8827438140729458,0.565198976172111,0.8666533864935744,-1.3145961767386085,1.0000000000000226
Haiti,2003,1,-0.039133945873355995,0.6491669871215612,0.03899642216569503,0.3509705365860942,0.9999999999999944
Haiti,2004,1,0.35529200508964365,0.8671969671880863,0.13196420964319514,-0.3544531819209325,0.9999999999999925
Haiti,2005,1,0.27194980228129395,0.9431305496945712,-0.26364826805687913,0.048567916081013046,0.9999999999999991
Haiti,2006,1,-3.671752057861695,1.0277728279208107,0.05981194687274605,3.584167283068143,1.0000000000000049
Haiti,2007,1,0.5053162854792468,0.5332704611223956,0.06504196545418177,-0.10362871205582214,1.000000000000002
Haiti,2008,1,-1.0398402323206177,0.2866112329325096,0.4970745729274692,1.2561544264606295,0.9999999999999907
Haiti,2009,1,-0.13245343709801072,1.4875937645005834,0.018311693456463916,-0.3734520208590339,1.0000000000000027
Haiti,2010,1,2.2071099720714904,0.5841497269243157,-0.09206543825911125,-1.699194260736692,1.0000000000000027
Haiti,2011,1,1.1523997467723437,0.4820705799231551,0.06211224263726107,-0.6965825693327597,1
Haiti,2012,1,2.684256932986255,1.243051000666033,0.7206541978985286,-3.6479621315508326,0.9999999999999838
Haiti,2013,1,-0.60480924423916,1.2370526552324048,0.02879188439603082,0.3389647046107266,1.0000000000000022
Haiti,2014,1,0.47669467111631453,-0.0074145705624506465,0.1835137377127041,0.34720616173343366,1.0000000000000016
Haiti,2015,1,-0.9790388315752526,2.3381620010751076,0.644705871972829,-1.0038290414726891,0.9999999999999948
Haiti,2016,1,-2.6460918351537845,2.9524190785963045,0.354377064209555,0.3392956923479297,1.0000000000000044
Haiti,2017,1,-1.6537783207569112,2.014006684796778,0.05165274829144188,0.5881188876686989,1.0000000000000075
Haiti,2018,1,-0.9706691686817531,2.209652643233036,0.1904842791393364,-0.42946775369062623,0.999999999999993
Haiti,2019,1,1.046092767166593,0.5531788902656491,0.3916897973899195,-0.9909614548221575,1.000000000000004
Haiti,2020,1,-0.9308626253532611,1.1449612544846453,-0.24597049908682,1.0318718699554348,0.9999999999999986
Haiti,2021,1,-0.9069802753892334,-1.4477701526832576,-1.0774087846562965,4.432159212728806,1.0000000000000182
Haiti,2022,1,1.1098818657490903,0.5459656808851758,-1.3261651301136468,0.6703175834793734,0.9999999999999927
Haiti,2023,1,0.4030980750920828,-0.049067463588447664,-0.24510571674841714,0.8910751052447801,0.999999999999998
Jamaica,1970,1,-1.1389678030025214,2.51854843162851,0.29516594739146484,-0.6747465760174536,0.9999999999999996
Jamaica,1971,1,-0.38743377514334015,0.8283515881765888,0.15393225594115673,0.40514993102559227,0.9999999999999978
Jamaica,1972,1,-0.10251598823776556,1.2140412841244739,0.19579332441949057,-0.3073186203061989,1
Jamaica,1973,1,-0.6670563347089775,-1.4424413100722537,0.7065837807581331,2.4029138640231014,1.000000000000003
Jamaica,1974,1,-0.13327358607722709,-0.396339065208273,-0.08896083415703232,1.6185734854425324,1
Jamaica,1975,1,4.917802861848638,-0.6105454364886072,-0.17908526246830564,-3.1281721628917185,1.0000000000000067
Jamaica,1976,1,-0.17011128537214418,0.04314174623770276,-0.1897321553606907,1.3167016944951315,0.9999999999999994
Jamaica,1977,1,-0.7640608571812383,0.3997102895015055,-0.022903127358090414,1.3872536950378245,1.0000000000000013
Jamaica,1978,1,8.08980052787603,-21.716979236861736,2.3094885768864537,12.3176901320993,1.0000000000000462
Jamaica,1979,1,-0.31707731707009634,1.0776963337940129,0.028751072649873033,0.21062991062621544,1.0000000000000049
Jamaica,1980,1,-0.004070972902020998,0.3710292537526653,0.07474634927968685,0.5582953698696664,0.9999999999999978
Jamaica,1981,1,-0.31990358120114254,0.29669738913813354,0.0821865799099849,0.9410196121530241,0.9999999999999998
Jamaica,1982,1,-1.6078799509647157,1.3811447275407154,0.4218301907328673,0.804905032691122,0.9999999999999887
Jamaica,1983,1,0.15334342775389243,0.74958848975449,-0.024099820414269987,0.12116790290588801,1.0000000000000004
Jamaica,1984,1,-0.4977364364725728,-2.893080518659806,1.4522774906468185,2.9385394644855527,0.9999999999999923
Jamaica,1985,1,0.2896133912259086,0.5518490152063333,0.2091671426602386,-0.05062954909248312,0.9999999999999976
Jamaica,1986,1,-3.0455788278994365,1.4792201405981797,-0.0674895515693614,2.6338482388706232,1.0000000000000058
Jamaica,1987,1,-0.04425597095962416,0.5838430332498181,0.06561427570254601,0.3947986620072595,0.9999999999999993
Jamaica,1988,1,-2.0733213398315984,1.7528554789225217,0.3557165865355081,0.96474927437357,1.0000000000000018
Jamaica,1989,1,0.0097339891359998,0.519881258778234,-0.11073911747468386,0.5811238695604489,0.9999999999999989
Jamaica,1990,1,0.9750564555905537,-0.2693332933133824,0.17400249455711864,0.12027434316571287,1.0000000000000027
Jamaica,1991,1,3.4658330187763395,1.4714525678435588,-2.01694298242938,-1.920342604190515,1.0000000000000036
Jamaica,1992,1,0.1734011304941691,0.3533526735110178,-0.13037526297469418,0.6036214589695081,1.0000000000000009
Jamaica,1993,1,-2.1265234320331188,2.0113122852075747,0.7755198538902193,0.33969129293531825,0.9999999999999933
Jamaica,1994,1,28.359970688199567,-34.80214363830477,4.291106996374186,3.151065953730998,0.9999999999999822
Jamaica,1995,1,-2.5902490750894183,2.37855145476958,0.45804577139896036,0.7536518489208833,1.0000000000000058
Jamaica,1996,1,-1.2868090058884625,0.1272047663335108,1.8099779736128663,0.3496262659420786,0.9999999999999933
Jamaica,1997,1,-0.40353840413237907,4.398097198498179,-3.252900590827533,0.25834179646174144,1.0000000000000082
Jamaica,1998,1,-0.7944092317084968,-1.0833039899577195,-1.2300359266665606,4.107749148332786,1.0000000000000095
Jamaica,1999,1,1.2821450182036656,1.8267134066244244,-0.9758525390694107,-1.133005885758681,0.9999999999999981
Jamaica,2000,1,-7.095902778506628,4.696063242183429,0.5805105080746618,2.819329028248545,1.000000000000008
Jamaica,2001,1,-0.9816880381645116,-0.00483406852420441,0.29386910217303,1.6926530045156871,1.0000000000000013
Jamaica,2002,1,-2.2903346724851708,1.204084190690246,0.5340846406119156,1.5521658411830006,0.9999999999999916
Jamaica,2003,1,0.05017870715180212,0.9874635344990118,0.002806674228687686,-0.040448915879497185,1.0000000000000044
Jamaica,2004,1,0.2569363174691319,1.2095923271771527,-0.9263247267328921,0.4597960820865964,0.999999999999989
Jamaica,2005,1,-4.201710302845031,3.6161894400865155,1.058638070680949,0.5268827920775732,1.000000000000007
Jamaica,2006,1,-0.907607665811828,0.8089563039529322,0.037052724142367065,1.0615986377165287,1
Jamaica,2007,1,-1.0406515949751394,2.2070487831879357,0.7501982540316551,-0.916595442244454,0.9999999999999973
Jamaica,2008,1,1.961135774865207,-3.572163597399425,-0.2595025247482077,2.8705303472824215,0.999999999999996
Jamaica,2009,1,-3.0218503007208355,2.5754918231667245,0.25702127339591463,1.189337204158197,1.0000000000000009
Jamaica,2010,1,-0.07924576127260259,0.7746268943021842,-0.020531439274186953,0.32515030624460406,0.9999999999999988
Jamaica,2011,1,-1.2550786550297166,1.4808184600087821,-0.10175122365678266,0.8760114186777188,1.0000000000000016
Jamaica,2012,1,-3.2458545167905863,1.6879334068505287,-0.05241156090178171,2.6103326708418364,0.9999999999999969
Jamaica,2013,1,0.46562240257064486,-1.7658041138948894,-1.2452523706543375,3.545434081978577,0.9999999999999949
Jamaica,2014,1,0.7922174962072487,-1.6620310223423214,-0.14775756348475005,2.0175710896198145,0.9999999999999918
Jamaica,2015,1,2.8659398754812244,-0.10273049962681849,-0.025588652642411166,-1.7376207232119822,1.0000000000000124
Jamaica,2016,1,0.967145591586526,-0.1303767687665272,0.1856863365818044,-0.022455159401811822,0.9999999999999913
Jamaica,2017,1,-0.8888866346672737,0.7592119502115406,0.07936602250282973,1.0503086619529058,1.0000000000000024
Jamaica,2018,1,-0.19713846754945558,0.5871884488855131,-0.02400968380182768,0.6339597024657654,0.9999999999999951
Jamaica,2019,1,-1.1095374323331622,1.0537854946954726,0.30747888352951996,0.7482730541081821,1.0000000000000124
Jamaica,2020,1,-0.06118340432963716,0.3005590575169999,0.053494518348553344,0.7071298284640822,0.9999999999999983
Jamaica,2021,1,-0.027642293581364347,0.7046547545397391,0.11573863943056334,0.20724889961105622,0.9999999999999943
Jamaica,2022,1,-0.1531573389969118,0.8330860188547748,0.15043340670728741,0.16963791343485726,1.0000000000000078
Jamaica,2023,1,0.4779913595365947,-0.3290090804443753,-0.04537681600434203,0.8963945369121322,1.0000000000000095
Kiribati,1970,1,-0.1715411620337315,0.8285916861286801,0.14025573472083763,0.20269374118421365,0.9999999999999998
Kiribati,1971,1,-0.7063788311296978,0.976146828177899,0.4898583877362153,0.24037361521558417,1.0000000000000004
Kiribati,1972,1,-5.106419918157671,3.9748376647782506,1.729346804874259,0.4022354485051625,1.0000000000000018
Kiribati,1973,1,1.2338021945602275,-0.38277752053114966,-0.05301162219174608,0.20198694816266813,1
Kiribati,1974,1,1.1287415667165053,0.024387401863705752,-0.057073714379111844,-0.09605525420109959,0.9999999999999996
Kiribati,1975,1,3.382206061649721,-1.2236326981834114,-0.1444634398193072,-1.0141099236470028,0.9999999999999996
Kiribati,1976,1,0.5268695800336598,0.30811355819701425,0.14992516431087258,0.015091697458453283,0.9999999999999999
Kiribati,1977,1,1.0761167857717087,0.09349855912900311,0.1288155784608299,-0.298430923361542,0.9999999999999997
Kiribati,1978,1,3.151288001200997,-0.5525397587951536,0.11237966989646606,-1.7111279123023106,0.9999999999999991
Kiribati,1979,1,0.3200507760349009,0.34233525002145226,0.132618700843537,0.20499527310010984,1
Kiribati,1980,1,-202.92047559549067,100.18331964172336,40.46963005585149,63.267525897915796,0.9999999999999716
Kiribati,1981,1,3.603119684064928,-2.3018507773315764,-0.8510176350567652,0.5497487283234097,0.9999999999999964
Kiribati,1982,1,-2.8154470510946337,2.1214225888651073,0.9120383130136002,0.7819861492159282,1.0000000000000022
Kiribati,1983,1,-2.528969174691674,1.9744978576700463,0.6570986001650868,0.8973727168565426,1.0000000000000018
Kiribati,1984,1,2.194858857886207,-0.5066972805814028,-0.10367688323390008,-0.5844846940709052,0.9999999999999989
Kiribati,1985,1,5.91772225455954,-2.772677416391526,-1.2846185850250942,-0.8604262531429204,0.9999999999999991
Kiribati,1986,1,-53.482805267268205,31.032701755657648,15.551767200683924,7.8983363109266,0.9999999999999716
Kiribati,1987,1,-5.1007329068780045,3.2742156048713054,1.0889365688539048,1.7375807331527948,1
Kiribati,1988,1,-0.20274884127504245,0.6889610502454796,0.36578701825595666,0.14800077277360765,1.0000000000000016
Kiribati,1989,1,0.11428720036017904,0.4733943702486041,0.09029860997481805,0.32201981941640084,1.000000000000002
Kiribati,1990,1,-29.757924774160482,17.527483039110273,9.055221588388997,4.175220146661237,1.0000000000000249
Kiribati,1991,1,8.166918826133841,-4.018766972924744,-1.663545938166676,-1.4846059150424242,0.9999999999999973
Kiribati,1992,1,90.23437767598287,-49.48469269297823,-12.54618436692179,-27.203500616082877,0.9999999999999716
Kiribati,1993,1,23.49198865557716,-12.651121887314584,-4.976696055232248,-4.864170713030324,1.000000000000007
Kiribati,1994,1,8.425893269685176,-4.193263193335209,-1.56941208000638,-1.6632179963435925,0.9999999999999947
Kiribati,1995,1,18.236498891278067,-9.713965094564923,-5.549797815687274,-1.972735981025866,1.0000000000000036
Kiribati,1996,1,2.1435566517921356,-0.6655641538580515,-0.025869111927396896,-0.45212338600668767,0.9999999999999996
Kiribati,1997,1,3.4412432918358693,-1.4115133203845853,-0.37619985727751015,-0.6535301141737685,1.0000000000000053
Kiribati,1998,1,1.6645614726610152,-0.3894020867811419,-0.0869070750377473,-0.18825231084212682,0.9999999999999991
Kiribati,1999,1,4.035394309944728,-1.6611909913644745,-1.2215025957647592,-0.15270072281549643,0.9999999999999978
Kiribati,2000,1,-4.228486680372097,2.9151913443382584,1.7530083575665105,0.5602869784673278,1
Kiribati,2001,1,-0.29984999639776133,0.7864132411946958,0.15672032958133134,0.3567164256217341,0.9999999999999999
Kiribati,2002,1,-18.980307567677457,10.69848716348069,8.400119507405622,0.8817008967911308,0.9999999999999858
Kiribati,2003,1,2.3071343189524094,-0.8006046834256787,-0.1780148926833933,-0.32851474284333376,1.0000000000000036
Kiribati,2004,1,1.7325562003464756,-0.11912912740331527,-1.1881207997478231,0.5746937268046637,1.0000000000000009
Kiribati,2005,1,-3.0893713884890572,2.184483738227752,1.654639852253988,0.2502477980073161,0.9999999999999987
Kiribati,2006,1,43.63337628370063,-24.328995501968752,-12.750217669257275,-5.554163112474626,0.9999999999999716
Kiribati,2007,1,0.5858069887653924,-0.07553095222103752,0.37140753361411505,0.11831642984153215,1.000000000000002
Kiribati,2008,1,-0.9003222276559144,0.9157160705938876,0.24423679925681072,0.740369357805216,0.9999999999999998
Kiribati,2009,1,1.1799151830089731,-1.612099006593471,0.7983126932066444,0.6338711303778594,1.0000000000000058
Kiribati,2010,1,-1.022981302277173,-0.25616574842990764,1.9348586690367884,0.34428838167031084,1.0000000000000184
Kiribati,2011,1,-1.3539367127203978,1.2543158047495853,0.39799184307656316,0.7016290648942564,1.0000000000000067
Kiribati,2012,1,-0.9913359018279658,0.24384947389325284,0.44009332165559617,1.3073931062791129,0.9999999999999961
Kiribati,2013,1,-1.9674508197906404,1.6152187890337975,0.07613889352687447,1.2760931372299693,1.000000000000001
Kiribati,2014,1,-3.370676535535694,1.63620909698693,3.26095206742731,-0.5264846288785355,1.0000000000000102
Kiribati,2015,1,-1.060135380942974,1.0015793005264444,-0.08140493718385114,1.1399610176003816,1.000000000000001
Kiribati,2016,1,-0.33529189066892445,0.9947423025773432,1.1254228806287123,-0.7848732925371353,0.9999999999999958
Kiribati,2017,1,-0.07515888727642599,0.9203947774914397,0.6278964306780984,-0.4731323208931102,1.000000000000002
Kiribati,2018,1,2.5348335782660745,0.6335269913587638,0.6807933755570372,-2.8491539451818837,0.9999999999999918
Kiribati,2019,1,-1.355955539620657,3.0828158339705922,0.2336533880404739,-0.9605136823904008,1.0000000000000082
Kiribati,2020,1,11.206919365740232,-4.807452343592842,-4.1126821515197385,-1.2867848706276548,0.9999999999999964
Kiribati,2021,1,-2.648848829011712,3.3391870356576137,-0.46152460815737545,0.7711864015114723,0.9999999999999987
Kiribati,2022,1,-77.63081713173419,33.96975280862545,38.305102029642434,6.355962293466304,1
Kiribati,2023,1,-0.8238955087548251,0.7882335305756148,-0.20052792478536066,1.2361899029645742,1.0000000000000036
Maldives,1970,1,-3.1289538621642237,2.2839873823282812,1.2194857762862559,0.6254807035496867,1
Maldives,1971,1,0.3740150635288178,0.4515227345931759,0.21350876541892863,-0.039046563540920405,1.000000000000002
Maldives,1972,1,0.8419148401097278,0.03390423600331021,0.12549305436054867,-0.0013121304735886547,0.999999999999998
Maldives,1973,1,0.19148355116186733,0.7448148434888764,-0.14474838437586884,0.20844998972512904,1.000000000000004
Maldives,1974,1,0.1901545812853214,0.6671884352170748,0.0532754489643766,0.0893815345332276,1.0000000000000004
Maldives,1975,1,0.6698368383839621,0.32379698667893797,0.1121639684437447,-0.10579779350664291,1.0000000000000018
Maldives,1976,1,-0.09489915776017739,0.7658300669751172,-0.34742899072825306,0.6764980815133127,0.9999999999999993
Maldives,1977,1,0.8287552037987144,0.04723647526829951,0.03447652097018148,0.08953179996280529,1.0000000000000007
Maldives,1978,1,-0.5000169664286435,1.3659567323099655,-0.15744887677981473,0.2915091108984923,0.9999999999999997
Maldives,1979,1,-0.01259091433218555,0.8603415106523358,0.08417599705993613,0.06807340661991355,0.9999999999999999
Maldives,1980,1,-0.6790097848819537,0.6110642666125621,0.2618408865692983,0.8061046317000946,1.0000000000000013
Maldives,1981,1,0.4791353765258295,0.3273671922218793,0.014628366720607862,0.17886906453168216,0.9999999999999988
Maldives,1982,1,0.3154445292715713,0.21696195724047515,0.467593513487954,0,1.0000000000000004
Maldives,1983,1,0.4861771169966052,0.19569048047321425,0.20611818227526485,0.11201422025491703,1.0000000000000013
Maldives,1984,1,0.014748395859146729,0.45927791018195274,0.18371417093784126,0.3422595230210582,0.999999999999999
Maldives,1985,1,0.24068229932827273,0.4728525247390085,0.13355806759853509,0.15290710833418394,1.0000000000000002
Maldives,1986,1,0.24668413407732687,0.4720864524715584,0.13061155541559197,0.15061785803552247,0.9999999999999998
Maldives,1987,1,0.24079526527911368,0.46807843667548094,0.1341790785386494,0.15694721950675655,1.0000000000000007
Maldives,1988,1,0.24237293380853753,0.45961975289120804,0.13827603641443478,0.15973127688581845,0.9999999999999988
Maldives,1989,1,0.23406131858974788,0.4537001621155446,0.1452806449594628,0.166957874335245,1.0000000000000004
Maldives,1990,1,0.23882548825236216,0.4979916194605436,0.12487231073967427,0.13831058154742013,1.0000000000000002
Maldives,1991,1,0.2857505778626472,0.45965321392320874,0.11412378120356391,0.14047242701058027,1
Maldives,1992,1,0.1983411092792476,0.4392870607444412,0.16001211906966686,0.20235971090664598,1.0000000000000016
Maldives,1993,1,0.2535826798958881,0.3987160721076875,0.16773228125404696,0.17996896674237559,0.9999999999999981
Maldives,1994,1,0.17122299241711988,0.40316965831264706,0.20086781660385764,0.2247395326663779,1.0000000000000024
Maldives,1995,1,0.2601458576158125,1.0362928813443943,-0.09991700997856133,-0.1965217289816476,0.9999999999999978
Maldives,1996,1,0.47367025191452095,0.19797798756376206,0.1126700795037976,0.21568168101791912,0.9999999999999997
Maldives,1997,1,-0.1382223172586255,0.38022846335383576,0.333427509567557,0.42456634433723434,1.0000000000000016
Maldives,1998,1,0.4987701549245247,0.23036014007538852,0.19587876001466065,0.07499094498542509,0.9999999999999989
Maldives,1999,1,-0.608198070201769,0.3955215272376512,0.5420719562933568,0.6706045866707608,1
Maldives,2000,1,0.8756419282237028,0.1763622351766692,0.2815174529187168,-0.33352161631909133,0.9999999999999976
Maldives,2001,1,-0.23742206731165674,0.09113560186609639,0.4332403617757982,0.7130461036697734,1.0000000000000113
Maldives,2002,1,0.6681800195826436,0.21386761045761005,0.13630204520699782,-0.018349675247251764,0.9999999999999998
Maldives,2003,1,0.43469702860865117,0.09160416985164682,0.04509198718725262,0.42860681435245074,1.0000000000000013
Maldives,2004,1,-0.03911004643343017,0.5488205659509117,0.1044717915694618,0.38581768891305546,0.9999999999999987
Maldives,2005,1,2.0731247729266156,-0.2511166815656689,-0.19628149821449867,-0.6257265931464497,0.9999999999999982
Maldives,2006,1,0.5661676161556892,0.19060351073266482,0.09179994850869727,0.1514289246029483,0.9999999999999996
Maldives,2007,1,-1.590001039313929,0.7870852686858493,0.6850072956592888,1.1179084749687882,0.9999999999999973
Maldives,2008,1,-0.5978764187412589,0.5092391192047604,0.3751292881130589,0.7135080114234423,1.0000000000000027
Maldives,2009,1,-3.1586667075616774,0.6841320289223979,0.15199611496523915,3.322538563674039,0.9999999999999996
Maldives,2010,1,0.6908347596088252,0.17259717754884932,-0.062042404078716994,0.1986104669210404,0.999999999999998
Maldives,2011,1,6.777136470102729,-2.953009262095691,1.0743239584691577,-3.8984511664761996,0.9999999999999964
Maldives,2012,1,-2.918983122262506,7.257585475986287,-5.015812064813892,1.6772097110901112,1
Maldives,2013,1,0.1958511708822843,0.42994143526422496,0.09617478502245504,0.27803260883103503,0.9999999999999993
Maldives,2014,1,-0.016265638125359357,0.2903816266890258,0.15770827058348286,0.56817574085285,0.9999999999999994
Maldives,2015,1,0.08667653023084539,0.08253352768106129,0.303251182168678,0.5275387599194158,1.0000000000000004
Maldives,2016,1,-0.551587620621525,1.237057876613525,0.1422646116950386,0.17226513231296067,0.9999999999999992
Maldives,2017,1,0.004330457583861746,0.9196314859608454,-0.3160579429306006,0.39209599938589257,0.9999999999999992
Maldives,2018,1,-0.19843223936812857,0.3884761033127111,0.10977772367392946,0.7001784123814888,1.0000000000000007
Maldives,2019,1,0.40612910745686315,0.4068687992545489,0.32500236637393926,-0.13800027308535215,0.9999999999999991
Maldives,2020,1,0.20098252619713533,0.216445423432083,0.029709755315889076,0.5528622950548923,0.9999999999999996
Maldives,2021,1,0.8977388154123127,0.09309079310528078,0.025360271529348485,-0.016189880046941767,1.0000000000000002
Maldives,2022,1,-0.3713129391000053,0.8724500727547678,-0.10753808422094584,0.6064009505661812,0.9999999999999977
Maldives,2023,1,0.42857779155176956,0.6025730557254582,0.03331502842635596,-0.06446587570358298,1.0000000000000007
Marshall Islands,1970,1,0.2903338803732174,0.4376222043216664,0.12346448243325131,0.14857943287186487,1
Marshall Islands,1971,1,-0.21057786927991948,0.6614599630262822,0.4513831889000243,0.09773471735361294,0.9999999999999999
Marshall Islands,1972,1,-0.03987739077491549,0.5519500605348058,0.4020588832203117,0.08586844701979802,1
Marshall Islands,1973,1,-0.21904326496905369,0.6555354561904969,0.4533143184474895,0.11019349033106737,1.0000000000000002
Marshall Islands,1974,1,-0.19744632123066322,0.6533958679900257,0.4476052779332872,0.09644517530735026,1
Marshall Islands,1975,1,1.1794738468810793,-0.26782175517699036,0.04801556278748432,0.04033234550842682,1
Marshall Islands,1976,1,1.5700436671502085,-0.19785541238930174,-0.05030255361932782,-0.3218857011415788,1.0000000000000002
Marshall Islands,1977,1,0.22760408120520886,0.5642741098614565,0.3331102585110512,-0.12498844957771657,1
Marshall Islands,1978,1,0.2090981260382467,0.3237175669381592,0.3270074315104889,0.14017687551310518,1
Marshall Islands,1979,1,1.7086432300977024,-0.3443645819169562,-0.09296439190585613,-0.27131425627489,1
Marshall Islands,1980,1,4.18465526696246,-0.8461143076201069,-0.7591336591537722,-1.5794073001885816,0.9999999999999996
Marshall Islands,1981,1,0.5792852338346629,-0.2888808061088637,0.2030241628529973,0.5065714094212035,1
Marshall Islands,1982,1,1.4443641084485395,-0.2810998588271579,-0.021419969365806913,-0.14184428025557466,1
Marshall Islands,1983,1,0.597481446925999,0.14624525318507434,0.16208653478565652,0.09418676510327005,0.9999999999999999
Marshall Islands,1984,1,1.20112604343973,0.03162332206335322,-0.13573933586342893,-0.09701002963965408,1.0000000000000002
Marshall Islands,1985,1,1.4261791601135516,-0.18362362860759737,-0.17771834128802658,-0.06483719021792765,1
Marshall Islands,1986,1,9.200569307180166,-4.893554049775541,-1.768972011467468,-1.538043245937157,1
Marshall Islands,1987,1,1.29929581705213,-1.3182255007197583,0.5241227820163991,0.4948069016512291,0.9999999999999999
Marshall Islands,1988,1,0.8336215742451483,0.23872031672524358,-0.01038150055490251,-0.06196039041548941,1
Marshall Islands,1989,1,-5.892853877202684,4.53023451753221,3.175102759260308,-0.8124833995898338,1
Marshall Islands,1990,1,1.527375144751228,-0.10753155208788039,-0.019688761030833852,-0.400154831632514,0.9999999999999999
Marshall Islands,1991,1,1.8122557950661478,-0.40171512724796904,0.2744485725234668,-0.6849892403416457,1
Marshall Islands,1992,1,0.4036028710315147,0.3300018959756889,0.341280491982112,-0.07488525898931564,1
Marshall Islands,1993,1,-0.5063696253971433,0.8306072041738899,0.5009424004038711,0.17482002081938247,1
Marshall Islands,1994,1,-0.5046097667277103,0.8309660567626572,0.4986606036130415,0.17498310635201164,1
Marshall Islands,1995,1,-0.7620409230359906,0.7451778010737969,0.7554921278345369,0.2613709941276568,1
Marshall Islands,1996,1,-0.5498721447859456,0.8161365199995287,0.5551724595064725,0.17856316527994445,1
Marshall Islands,1997,1,-0.5517933346464059,0.8234320631900018,0.572271716200671,0.1560895552557331,1
Marshall Islands,1998,1,-0.6451223022679917,0.8077216676693191,0.6127126165634557,0.22468801803521693,1
Marshall Islands,1999,1,-0.5530144225752466,0.7536069646812675,0.6085259491438783,0.1908815087501007,0.9999999999999999
Marshall Islands,2000,1,-0.5452404052460682,0.7898908603327717,0.49967696963514574,0.25567257527815096,1.0000000000000002
Marshall Islands,2001,1,-0.3856122087846346,0.8522199410786708,0.4922902710242016,0.04110199668176222,1
Marshall Islands,2002,1,-0.7681884576802914,1.0009206883488464,0.5044302337751835,0.26283753555626155,0.9999999999999999
Marshall Islands,2003,1,-0.8456602010757579,-0.10872920506624667,0.2868090376287399,1.6675803685132644,0.9999999999999996
Marshall Islands,2004,1,0.28394773409736607,1.0996162105326053,0.3999671127815422,-0.7835310574115136,0.9999999999999999
Marshall Islands,2005,1,-27.665463124933858,21.583891008920737,2.6526952072063095,4.428876908806813,1.0000000000000036
Marshall Islands,2006,1,-0.2571716542444073,-0.6496746717797253,0.3041745059465519,1.6026718200775807,1
Marshall Islands,2007,1,-0.5253511219681097,1.1737604459609103,1.1834079221858556,-0.8318172461786562,1
Marshall Islands,2008,1,-0.7429473896607269,0.9717114708873785,0.15030326550017614,0.6209326532731723,0.9999999999999999
Marshall Islands,2009,1,-4.5934164390563685,0.22835868857238295,-0.08777542801088375,5.45283317849487,1.0000000000000009
Marshall Islands,2010,1,0.105839928292147,0.025371289418124655,-0.08031726647422509,0.9491060487639533,0.9999999999999998
Marshall Islands,2011,1,-13.001980587940038,-2.624653514629556,-0.0880019304464732,16.714636033016067,0.9999999999999982
Marshall Islands,2012,1,0.5339219130515841,-0.14859030715093044,-0.3886083388681092,1.0032767329674557,1
Marshall Islands,2013,1,-1.7363336664302471,0.8916075397672892,0.06565076502429674,1.7790753616386612,1
Marshall Islands,2014,1,25.46660392954485,-7.8939738624779805,-7.129528459438163,-9.443101607628707,1
Marshall Islands,2015,1,0.048908970503957136,0.22628731210424355,-1.0206533339340378,1.7454570513258372,1
Marshall Islands,2016,1,-0.630359592158336,0.3257248037706788,0.5500633293307114,0.7545714590569458,1
Marshall Islands,2017,1,-5.291055779951465,3.7222691444285716,0.3900474632710255,2.1787391722518685,1
Marshall Islands,2018,1,-0.03941122155769863,-0.2121274238810944,1.0852577515129602,0.16628089392583284,1
Marshall Islands,2019,1,-2.2409775062167614,0.3731800564917659,0.297187319482903,2.5706101302420925,1
Marshall Islands,2020,1,-10.83024030584142,0.694781939853688,0.7144304019024085,10.421027964085322,0.9999999999999982
Marshall Islands,2021,1,1.2315299326285838,-0.22399180447183611,0.04489530835308518,-0.05243343650983289,1
Marshall Islands,2022,1,0.44649416271558867,0.20922300841669136,0.20687857092245324,0.13740425794526676,1
Marshall Islands,2023,1,0.7727084044983726,0.013641028897276393,0.19622383206890653,0.017426734535444504,1
Mauritius,1970,1,-0.07679301119046195,0.8073482532145191,0.15967275783231713,0.1097720001436259,1
Mauritius,1971,1,2.7198056785855096,-0.1352276507340614,-0.350359612846403,-1.2342184150050453,1
Mauritius,1972,1,0.3899440188358805,0.3431935228887013,0.13151517112543107,0.13534728714998548,0.9999999999999983
Mauritius,1973,1,-0.7979708739752186,0.49083009293573854,-0.15528859231118317,1.462429373350664,1.0000000000000009
Mauritius,1974,1,-3.7034777744651683,3.4837617952240345,0.6689356456114933,0.5507803336296352,0.9999999999999951
Mauritius,1975,1,-0.520569266890229,0.3485579593209539,0.25998565746473784,0.9120256501045354,0.9999999999999981
Mauritius,1976,1,-0.31014084480341986,0.951228661799729,0.20014965782261523,0.1587625251810764,1.0000000000000009
Mauritius,1977,1,-0.05633153960480056,0.7691248140289275,0.17594186783822696,0.1112648577376447,0.9999999999999987
Mauritius,1978,1,-0.21686432177714848,0.4715299690855615,0.1820226605281268,0.5633116921634631,1.0000000000000029
Mauritius,1979,1,0.4129654773839143,0.22747883800667512,-0.12543117712200294,0.4849868617314046,0.9999999999999911
Mauritius,1980,1,-0.5300784886053046,0.36811521756052124,-0.015527403711125393,1.1774906747559069,0.9999999999999979
Mauritius,1981,1,0.522327140770026,-0.3600503791147212,0.12184783804127355,0.71587540030342,0.9999999999999983
Mauritius,1982,1,1.6542690454734923,0.5353971542748039,0.08997888936776754,-1.27964508911606,1.0000000000000038
Mauritius,1983,1,-1.2154926735630653,1.8544210648735486,0.7226343097566448,-0.3615627010671641,0.9999999999999643
Mauritius,1984,1,-0.42539757013179585,0.6161985375336058,0.15439341046037908,0.6548056221378104,0.9999999999999993
Mauritius,1985,1,0.2698883273082499,0.536537043698253,0,0.1935746289934999,1.0000000000000027
Mauritius,1986,1,-0.1226696454112525,0.5859524801985461,0.03886408555579299,0.4978530796569119,0.9999999999999983
Mauritius,1987,1,-0.9102623426310948,1.2605717472900702,0.12186517814120888,0.5278254171998168,1.0000000000000009
Mauritius,1988,1,-1.0184929692583455,1.0030374569329672,0.14675172693701408,0.8687037853883655,1.000000000000001
Mauritius,1989,1,0.12241056201618236,1.0119970148485322,0.11891747172068416,-0.253325048585403,0.9999999999999957
Mauritius,1990,1,-0.4977841393228848,0.5579835291419085,0.1680500997648271,0.7717505104161505,1.0000000000000013
Mauritius,1991,1,0.8420482483175669,0.6068107724539787,0.1362866254221774,-0.5851456461937217,1.0000000000000013
Mauritius,1992,1,-0.009914281296652254,0.5622552912890669,0.12585660551636546,0.3218023844912181,0.9999999999999983
Mauritius,1993,1,-0.24247821060529426,0.7694917266807995,0.19868343126373555,0.2743030526607608,1.0000000000000016
Mauritius,1994,1,-0.5644099903968153,0.9715679878542829,0.14462973173394383,0.4482122708085903,1.0000000000000018
Mauritius,1995,1,0.9984843407391395,0.6557872832825925,0.10357874040917923,-0.7578503644309105,1.0000000000000007
Mauritius,1996,1,-0.26876351848746466,0.4965567841322641,0.4902296834180714,0.2819770509371273,0.9999999999999982
Mauritius,1997,1,-0.9572310794113748,0.7683143441308319,-0.1788915704048767,1.3678083056854162,0.9999999999999967
Mauritius,1998,1,-0.05982565760193604,0.7457802393653196,0.11104182707162194,0.20300359116499514,1.0000000000000007
Mauritius,1999,1,-0.9261044998929622,1.0530872053449993,0.3356611776358764,0.5373561169120871,1.0000000000000007
Mauritius,2000,1,0.45162542067966555,0.32952902064403944,0.16819206430226058,0.05065349437403648,1.000000000000002
Mauritius,2001,1,2.4506863245697934,0.7839630376889403,0.2488609184332784,-2.48351028069202,0.999999999999992
Mauritius,2002,1,-1.6876003913745579,0.7494449539144797,0.32817479560249974,1.6099806418575795,1.0000000000000009
Mauritius,2003,1,0.32769573643496913,0.48981014366546755,0.06808394451147592,0.11441017538808783,1.0000000000000004
Mauritius,2004,1,-0.8229528300370693,1.1254175390810939,0.13505854401939874,0.5624767469365761,0.9999999999999994
Mauritius,2005,1,0.39911224794914263,3.41875007455789,0.4740783414326989,-3.2919406639397213,1.00000000000001
Mauritius,2006,1,-1.0825512744432608,0.9534235051940301,0.15495498433289495,0.9741727849163332,0.9999999999999971
Mauritius,2007,1,-0.19379602316791145,0.6817814398088607,-0.09717256481080538,0.6091871481698593,1.000000000000003
Mauritius,2008,1,0.10560022430393405,0.878657369100783,-0.011197701906222357,0.026940108501503073,0.9999999999999977
Mauritius,2009,1,1.2606521215180082,0.35669935045777357,0.17423250408667756,-0.79158397606246,0.9999999999999993
Mauritius,2010,1,0.4036114751033062,0.48819567924758417,0.09522195702344859,0.01297088862565813,0.9999999999999971
Mauritius,2011,1,-0.234202499651943,0.5384092281107359,0.10921409368064647,0.5865791778605668,1.0000000000000062
Mauritius,2012,1,0.2812294333980812,0.5704818881833932,0.1141719471309405,0.03411673128758138,0.9999999999999962
Mauritius,2013,1,0.2826785382536038,0.2602600465851716,0.025753661388072314,0.43130775377315084,0.9999999999999986
Mauritius,2014,1,0.4532742092843393,0.8520880378911478,0.24993183525686824,-0.5552940824323461,1.0000000000000093
Mauritius,2015,1,1.6885088822808232,-1.090811919254315,-0.12587084244156646,0.5281738794150596,1.0000000000000013
Mauritius,2016,1,-0.7726040997258016,1.1118046095748957,0.32316835583065173,0.33763113432025627,1.0000000000000022
Mauritius,2017,1,-0.28883593028100335,0.9117573522414462,0.05256999915247768,0.3245085788870742,0.9999999999999949
Mauritius,2018,1,0.11037920946485237,0.3553861682808933,0.0978780652288582,0.43635655702539805,1.000000000000002
Mauritius,2019,1,-4.595895437406071,4.8765810699454075,0.5909144782549112,0.12839988920570575,0.9999999999999529
Mauritius,2020,1,-0.14145042560564894,0.782336537772302,0.004506100720428237,0.3546077871129169,0.9999999999999983
Mauritius,2021,1,0.21639352947759136,0.4070229669750467,-0.06708415911371386,0.4436676626610743,0.9999999999999984
Mauritius,2022,1,0.6831398371187812,0.15528850673336736,0.06514830183990021,0.09642335430795146,1.0000000000000002
Mauritius,2023,1,-0.042057209472486534,0.2696033999298339,-0.08482749454138769,0.8572813040840391,0.9999999999999989
Micronesia (Federated States of),1970,1,0.048923314072850915,0.6128709931625856,0.12569821637270048,0.21250747639186307,1.0000000000000002
Micronesia (Federated States of),1971,1,-0.6131102225827314,0.7522800424221275,0.5225565267479515,0.33827365341263976,0.9999999999999873
Micronesia (Federated States of),1972,1,-0.6127466039546116,0.7521100004495709,0.5224394508172479,0.3381971526877963,1.0000000000000036
Micronesia (Federated States of),1973,1,-0.6133617405875695,0.7523971878117047,0.522638294535279,0.3383262582405867,1.0000000000000009
Micronesia (Federated States of),1974,1,-0.6135350871199391,0.752478002261713,0.52269448963041,0.33836259522781564,0.9999999999999994
Micronesia (Federated States of),1975,1,-0.6016172729500563,0.746924600049002,0.5188287650887282,0.3358639078120812,0.9999999999997552
Micronesia (Federated States of),1976,1,-0.601705697748706,0.7469611513572985,0.5188625969994283,0.33588194939201116,1.000000000000032
Micronesia (Federated States of),1977,1,-0.6128668454508605,0.752166435205128,0.5224780322907548,0.3382223779549785,1.0000000000000009
Micronesia (Federated States of),1978,1,-0.6143872883417754,0.7528753827286156,0.5229705576584855,0.33854134795467444,1.0000000000000002
Micronesia (Federated States of),1979,1,-0.6194907404769926,0.7552555652452877,0.5246236667140182,0.33961150851768473,0.9999999999999981
Micronesia (Federated States of),1980,1,-0.6157643076481985,0.7535176071739019,0.5234165953839538,0.33883010509034434,1.0000000000000016
Micronesia (Federated States of),1981,1,-0.6110115299058162,0.7513010991818385,0.521876999988499,0.3378334307354812,1.0000000000000027
Micronesia (Federated States of),1982,1,-0.6078420892220008,0.7498228690486993,0.5208503401760186,0.3371688799972843,1.0000000000000018
Micronesia (Federated States of),1983,1,-0.6342941281607807,0.7621588390015113,0.5294193079064697,0.3427159812528049,1.0000000000000053
Micronesia (Federated States of),1984,1,-0.6021065194252957,0.7471481873451231,0.5189922690922935,0.3359660629878781,0.9999999999999989
Micronesia (Federated States of),1985,1,-0.6022324108859817,0.7472069662359062,0.5190330299123985,0.3359924147376771,1.0000000000000004
Micronesia (Federated States of),1986,1,-0.6077163322525809,0.7497644689868508,0.5208095112630337,0.3371423520026929,0.9999999999999964
Micronesia (Federated States of),1987,1,-0.7081657374092216,0.79660928776163,0.5533495002058619,0.3582069494417279,0.9999999999999982
Micronesia (Federated States of),1988,1,-0.6441078183239219,0.7667356768591391,0.5325983375665869,0.3447738038981977,1.0000000000000018
Micronesia (Federated States of),1989,1,-0.7176032354061257,0.8010109020809415,0.5564063012878795,0.36018603203730837,1.0000000000000036
Micronesia (Federated States of),1990,1,-0.2932229247287576,0.6030992438140854,0.41893135368331663,0.2711923272313564,1.0000000000000007
Micronesia (Federated States of),1991,1,-0.7177048870318573,0.8010579904764625,0.5564396567650299,0.36020723979036867,1.000000000000004
Micronesia (Federated States of),1992,1,-0.9448498126069245,0.9069878904630261,0.6300217804984118,0.40784014164547844,0.999999999999992
Micronesia (Federated States of),1993,1,-0.6343956413767701,0.7622064501002833,0.5294520714801791,0.34273711979630844,1.0000000000000009
Micronesia (Federated States of),1994,1,-0.36774624887845475,0.637853483196665,0.44307273214390885,0.28682003353789454,1.0000000000000138
Micronesia (Federated States of),1995,1,1.329533199716406,-0.15367907154979069,-0.10675019839977845,-0.06910392976683981,0.999999999999997
Micronesia (Federated States of),1996,1,2.5757878734062496,-0.7348744925913455,-0.5104665474037227,-0.330446833411172,1.0000000000000095
Micronesia (Federated States of),1997,1,0.07082779604107234,0.4333228518267107,0.3009994724983025,0.19484987963391157,0.9999999999999971
Micronesia (Federated States of),1998,1,1.3851796113804562,-0.17963000140375948,-0.12477649133441403,-0.08077311864228177,1.0000000000000009
Micronesia (Federated States of),1999,1,1.0235447127773767,-0.010979984745348281,-0.00762719172329832,-0.004937536308708413,1.0000000000000218
Micronesia (Federated States of),2000,1,1.0050021351543927,-0.0023327993104157265,-0.0016203858258877456,-0.0010489500180919382,0.9999999999999973
Micronesia (Federated States of),2001,1,-2.210218564260048,1.4970972824704996,1.0399299830453896,0.6731912987441533,0.9999999999999947
Micronesia (Federated States of),2002,1,5.2787612969663416,-1.9954162502518964,-1.3860774592596472,-0.8972675874548095,0.9999999999999885
Micronesia (Federated States of),2003,1,-2.1791434706647035,1.4826053403255912,1.0298632519099493,0.6666748784291693,1.0000000000000062
Micronesia (Federated States of),2004,1,1.9084128558987716,-0.42364159511539323,-0.29427466934727253,-0.19049659143610162,1.0000000000000042
Micronesia (Federated States of),2005,1,1.144718119793221,-0.06748970974401051,-0.04688054880995631,-0.03034786123925872,0.9999999999999954
Micronesia (Federated States of),2006,1,0.00837391783939302,0.46244844593763657,0.3212310534524316,0.20794658277045402,0.9999999999999153
Micronesia (Federated States of),2007,1,-3.6826297268891666,2.1837617298567578,1.5169082501492794,0.981959746883133,1.000000000000003
Micronesia (Federated States of),2008,1,3.084337915016193,-0.9720386922122897,-0.6752079894318216,-0.4370912333720855,0.9999999999999964
Micronesia (Federated States of),2009,1,-2.8419295640576294,1.7916978496727674,1.2445689536802595,0.8056627607045893,0.9999999999999867
Micronesia (Federated States of),2010,1,2.3416099166539692,-0.625664714620011,-0.43460605703537164,-0.2813391449985845,1.000000000000002
Micronesia (Federated States of),2011,1,-0.27467943093665215,0.5944514582418443,0.4129243452205514,0.26730362747425795,1.0000000000000013
Micronesia (Federated States of),2012,1,-3.6724589856340235,2.1790184233243894,1.5136135875571426,0.9798269747525014,1.0000000000000102
Micronesia (Federated States of),2013,1,-0.28465711020019996,0.5991045306443076,0.41615648075241607,0.2693960988034749,0.9999999999999984
Micronesia (Federated States of),2014,1,-4.873200563361917,2.7389886827068226,1.9025861210930894,1.2316257595620088,1.0000000000000044
Micronesia (Federated States of),2015,1,-2.450984898582027,1.6093794853956274,1.117924707393134,0.7236807057932685,1.000000000000003
Micronesia (Federated States of),2016,1,1.663110943568382,-0.30924421382086165,-0.21481061411589727,-0.13905611563162476,0.9999999999999982
Micronesia (Federated States of),2017,1,1.0183312886279687,-0.008548880549049934,-0.005938282695058544,-0.0038441253838543215,1.000000000000006
Micronesia (Federated States of),2018,1,0.8689005136333643,0.061138722189360395,0.04246884846051464,0.027491915716758592,0.9999999999999979
Micronesia (Federated States of),2019,1,1.6694012890672816,-0.31217777641980815,-0.2168482726188829,-0.14037524002859178,0.9999999999999987
Micronesia (Federated States of),2020,1,0.718805430571438,0.13113613093697996,0.09109116466706126,0.05896727382452186,1.000000000000001
Micronesia (Federated States of),2021,1,0.33049579212372465,0.31222572245646635,0.21688163320573126,0.14039685221407877,1.000000000000001
Micronesia (Federated States of),2022,1,1.3619707706343904,-0.16880635628323634,-0.11725816062908363,-0.07590625372206804,1.0000000000000024
Micronesia (Federated States of),2023,1,0.6571026731260327,0.15991142189461272,0.11107944604215901,0.0719064589371891,0.9999999999999936
Nauru,1970,1,-1.2449615199042428,0.8584071282381803,0.7806032985301854,0.6059510931358767,0.9999999999999996
Nauru,1971,1,2.821205471693232,-0.9478257634520059,-0.572400061818951,-0.30097964642227515,1
Nauru,1972,1,-8.058131687935155,5.853613416789986,2.663988113303362,0.5405301578418081,1
Nauru,1973,1,3.987146921377032,-2.593363676708475,-0.8209010034142755,0.4271177587457201,1.0000000000000013
Nauru,1974,1,14.396570443343597,-6.05905259785948,-4.243865237626817,-3.0936526078573015,0.9999999999999982
Nauru,1975,1,-3.411023300505504,2.3909501142838785,0.5663573263824395,1.4537158598391915,1.0000000000000053
Nauru,1976,1,2.8911582874423907,-0.8314867063460256,-0.028702694538994187,-1.030968886557368,1.0000000000000029
Nauru,1977,1,4.670833725094751,-1.4137438346480922,-0.04613215309527498,-2.210957737351377,1.000000000000007
Nauru,1978,1,18.869597956958224,-5.949774837660201,-0.18353137754367468,-11.736291741754368,0.9999999999999822
Nauru,1979,1,1.6754889657133996,-0.5879811162167771,-0.13098467228731747,0.04347682279069502,1
Nauru,1980,1,-22.175599606476148,11.328580497084697,4.802998713296412,7.044020396095041,1
Nauru,1981,1,-3.2561225861527623,2.7870793204979383,1.0850265855219052,0.38401668013291596,0.9999999999999973
Nauru,1982,1,-5.778969969101774,3.7504311236532266,1.826342076414024,1.2021967690345312,1.000000000000008
Nauru,1983,1,-4.411125535451179,3.0353652265866122,0.9817450539857339,1.3940152548788323,1
Nauru,1984,1,-4.3530846783945965,2.735501367620274,1.000341465142134,1.6172418456321922,1.0000000000000044
Nauru,1985,1,6.9974785169127625,-3.343643845805649,-1.6299154673521807,-1.0239192037549327,1
Nauru,1986,1,2.256369057135403,-0.7326604163801457,-0.5151705855416929,-0.008538055213564717,0.9999999999999996
Nauru,1987,1,-10.89767485441874,6.273260141520898,1.9974953711923844,3.626919341705444,0.9999999999999858
Nauru,1988,1,-3.9634325777143773,2.7093636144734803,0.9559761536824396,1.2980928095584645,1.0000000000000075
Nauru,1989,1,0.8501396288278968,0.0506341418652995,-0.18575454023765767,0.2849807695444606,0.9999999999999993
Nauru,1990,1,6.916169513358714,-3.3447031178440625,-1.9459960060795507,-0.6254703894351066,0.9999999999999947
Nauru,1991,1,-3.120328387830665,2.293418483997341,1.065563738408378,0.7613461654249468,1.0000000000000009
Nauru,1992,1,-0.8868482058637935,1.0515670678328588,0.5013304682623372,0.3339506697685973,0.9999999999999997
Nauru,1993,1,-1.8476512994869394,1.5882928139464003,0.7417540747139291,0.5176044108266117,1.0000000000000016
Nauru,1994,1,-12.8382360225252,7.744042020848932,3.2457648549797575,2.8484291466964904,0.9999999999999805
Nauru,1995,1,4.346358349775226,-1.854472292243078,-1.1655194931995676,-0.3263665643325791,1.0000000000000013
Nauru,1996,1,-1.2667406582626908,1.2709568823140076,0.5994532426307458,0.3963305333179376,1.0000000000000002
Nauru,1997,1,-2.1521294859199136,1.7743441439665113,0.8129070697723692,0.5648782721810325,0.9999999999999996
Nauru,1998,1,-1.9557138827923954,1.6571342644621438,0.8344518975418553,0.4641277207883985,1.0000000000000022
Nauru,1999,1,2.996422235652027,-1.062661646162978,-0.8721058612437692,-0.061654728245279795,1
Nauru,2000,1,-8.205081031217599,5.042774026930848,3.2342776066077366,0.9280293976790177,1.0000000000000036
Nauru,2001,1,-0.4086625117202052,0.8261609761459047,0.2727774089224891,0.3097241266518093,0.9999999999999978
Nauru,2002,1,0.25221364447350614,0.4433888118115396,0.1381908665396615,0.16620667717529236,0.9999999999999997
Nauru,2003,1,22.608009683495336,-12.449250609756524,-5.496788679702889,-3.6619703940359747,0.9999999999999503
Nauru,2004,1,-0.042093416996578155,0.6730953384971431,0.05212271416375073,0.3168753643356838,0.9999999999999994
Nauru,2005,1,0.09061446799706761,0.5307975059295821,0.22514887796336866,0.15343914810998,0.9999999999999984
Nauru,2006,1,-1.6028162167895432,1.4691622613812791,0.8742085393486921,0.2594454160595723,1.0000000000000002
Nauru,2007,1,-13.30934406609171,8.66373864951236,5.10045760153557,0.5451478150437751,0.9999999999999964
Nauru,2008,1,-0.7042368273676006,0.9300048923495565,0.6438177315141025,0.13041420350394176,1
Nauru,2009,1,-0.5683689119367867,0.902873059194976,0.6794382873013399,-0.01394243455952913,1
Nauru,2010,1,0.1455524561597354,0.7502752902359278,0.1334400988196676,-0.029267845215328422,1.0000000000000022
Nauru,2011,1,-0.9092458631524142,1.0048849749532278,0.49173176207230457,0.4126291261268807,0.9999999999999988
Nauru,2012,1,-0.8408980999616934,0.436282452714793,0.5813205308323065,0.8232951164145907,0.9999999999999968
Nauru,2013,1,-1.2070922167223226,1.1823507428021593,0.3277887836512922,0.6969526902688719,1.0000000000000009
Nauru,2014,1,-0.931791001592297,0.8861457430993643,0.8365483658896077,0.20909689260332545,1.0000000000000004
Nauru,2015,1,-2.095269948909345,1.384642542954844,-3.4194364576748426,5.1300638636293385,0.9999999999999951
Nauru,2016,1,0.14877290970487228,0.8846473758856346,1.7750283679117287,-1.8084486535022346,1.0000000000000009
Nauru,2017,1,-1.6827271398949963,0.628758242655296,1.1425714447722013,0.9113974524674979,0.9999999999999987
Nauru,2018,1,-2.7914199129283874,2.0642352469225944,-0.6864250465909844,2.413609712596781,1.0000000000000036
Nauru,2019,1,-0.9551738672937967,1.3659691118263604,0.773274119363964,-0.1840693638965279,0.9999999999999999
Nauru,2020,1,2.8576264504602653,0.32910987236117883,-1.9146731224251048,-0.2720632003963353,1.000000000000004
Nauru,2021,1,-2.1742343045257506,2.0639542672182367,0.443788900561036,0.6664911367464775,0.9999999999999996
Nauru,2022,1,-54.631661324274056,30.69036709109163,19.205821028996006,5.735473204186436,1.0000000000000142
Nauru,2023,1,-2.90742812458905,3.6253358043729986,-4.120750928423322,4.402843248639362,0.999999999999988
Palau,1970,1,3.7336198547844415,-0.5658276207536915,-1.1916959718503939,-0.9760962621803572,0.9999999999999991
Palau,1971,1,-0.31940055059199746,0.9065515467800245,0.3223670620841384,0.09048194172806176,1.0000000000002272
Palau,1972,1,-0.31965738206435845,0.9068100629915753,0.3222308987821979,0.09061642029058517,0.9999999999999998
Palau,1973,1,-0.3196751872043201,0.9066828754816221,0.3222668586444709,0.090725453078227,0.9999999999999999
Palau,1974,1,-0.31851364114678016,0.905879965564667,0.3227927956057672,0.0898408799762599,0.9999999999999138
Palau,1975,1,-0.3262609439291163,0.9143685675169315,0.31828147417194425,0.0936109022409042,1.0000000000006635
Palau,1976,1,-0.31958901405605555,0.9097007677089091,0.32131437937934515,0.08857386696826693,1.0000000000004656
Palau,1977,1,-0.3192241219054197,0.9064751350466128,0.32243746996266487,0.09031151689615105,1.0000000000000089
Palau,1978,1,-0.3175103390072977,0.9045860001578713,0.32343710503356393,0.08948723381589899,1.0000000000000364
Palau,1979,1,-0.32093258128216995,0.9095830037472512,0.3210447265008781,0.09030485103406112,1.0000000000000204
Palau,1980,1,-0.3250083649210022,0.9092881630992081,0.3202123708726715,0.09550783094912935,1.0000000000000067
Palau,1981,1,-0.30463835971943953,0.8928812191161065,0.3301468792577862,0.08161026134547061,0.9999999999999238
Palau,1982,1,-0.3329233405840077,0.9262773093174558,0.3129237347612401,0.09372229650530844,0.9999999999999967
Palau,1983,1,-0.31609211994125663,0.9063461421232966,0.32319143619926355,0.08655454161869718,1.0000000000000004
Palau,1984,1,-0.3259334532915957,0.9120022641674466,0.319126126596942,0.0948050625272003,0.9999999999999933
Palau,1985,1,-0.3125729173520381,0.8980852240370488,0.32666059943748993,0.08782709387750161,1.0000000000000022
Palau,1986,1,-0.31725388989469383,0.910265273743144,0.3216611126583496,0.08532750349320194,1.0000000000000018
Palau,1987,1,-0.3452266773473807,0.9253202388135499,0.31043641779460057,0.10947002073923125,1.000000000000001
Palau,1988,1,-0.27438267770376884,0.8577038421067442,0.3483906657835532,0.06828816981346815,0.9999999999999969
Palau,1989,1,-0.3306111273585124,0.9450188824502614,0.3073966233324975,0.07819562157575415,1.0000000000000009
Palau,1990,1,-0.43208532942027517,0.9720671405711889,0.2755818288135428,0.1844363600355442,1.0000000000000009
Palau,1991,1,-0.00993448872244399,0.6047566040960944,0.4902436997441498,-0.08506581511779777,1.0000000000000024
Palau,1992,1,-0.5800543670565034,1.3459607541150644,0.12114730805753252,0.11294630488390733,1.0000000000000009
Palau,1993,1,-0.18660397908713636,0.8705584864985398,0.3642003868504368,-0.04815489426183995,1.0000000000000004
Palau,1994,1,0.9495706340624492,-0.21070429208402972,0.9718812561157022,-0.7107475980941228,0.9999999999999989
Palau,1995,1,-0.6680640549074375,1.3762395266581198,0.09135103475605288,0.2004734934932648,1
Palau,1996,1,-7.315670550536325,-1.1737776923030794,-0.5966709044411285,10.086119147280534,1.0000000000000018
Palau,1997,1,-1.0213501741567212,0.27615542786605635,-0.625046518463407,2.370241264754077,1.000000000000005
Palau,1998,1,0.6779664147529567,1.3740315184108232,-0.23457247677855403,-0.8174254563852255,1.0000000000000004
Palau,1999,1,-1.6016796548186971,2.8102784920834085,0.5969615485006563,-0.805560385765369,0.9999999999999984
Palau,2000,1,0.3316386357489414,2.517847033291355,-0.33780976823608316,-1.5116759008042135,0.9999999999999998
Palau,2001,1,4.558866538880936,0.12295233033489736,-0.764268840346482,-2.91755002886935,1.0000000000000018
Palau,2002,1,0.22764816478435992,1.3664238284209984,-0.5595732757302294,-0.03449871747514007,0.9999999999999888
Palau,2003,1,3.2140349268332797,0.34743710278214346,-1.126583023069182,-1.4348890065462392,1.0000000000000022
Palau,2004,1,-0.2987581461301655,0.7005510064458481,-0.13485925675997415,0.733066396444293,1.0000000000000013
Palau,2005,1,0.13105941087325712,0.12283029282670782,-0.0402720442783114,0.7863823405783502,1.0000000000000038
Palau,2006,1,0.39404770950331486,-0.1146087051055865,-0.521995009299581,1.242556004901851,0.9999999999999984
Palau,2007,1,1.0807467192415654,0.6474573171527749,-0.0025174566497211818,-0.7256865797446287,0.9999999999999905
Palau,2008,1,0.08099566723582881,0.07408527232085013,0.010207143965500095,0.8347119164778192,0.9999999999999982
Palau,2009,1,-0.582074874475461,0.545120344626278,-0.028832308995025265,1.0657868388442102,1.0000000000000018
Palau,2010,1,-14.36758047983133,16.677218143623826,3.864363109907337,-5.1740007736999285,0.9999999999999041
Palau,2011,1,0.36088796367233694,0.23335179595395328,-0.08348587424462789,0.48924611461833606,0.9999999999999984
Palau,2012,1,-1.6215667769209174,3.350324897980957,-0.5163155530974152,-0.21244256796262417,1
Palau,2013,1,0.7482971149729487,-0.37427952067930703,-0.06847311772920552,0.6944555234355617,0.9999999999999979
Palau,2014,1,-0.5808772780002656,0.22554467986041488,0.07249697959844639,1.2828356185414034,0.9999999999999991
Palau,2015,1,0.6033716479529063,0.33981656435322544,0.0473682451629619,0.009443542530907078,1.0000000000000007
Palau,2016,1,10.616491261372916,-5.0839663478398345,-1.4600004116150185,-3.0725245019180636,1
Palau,2017,1,3.8625113604051617,0.11316003481197102,0.26081268502672617,-3.236484080243849,1.0000000000000102
Palau,2018,1,0.07892452315632874,1.7838410808272378,0.6116398687084813,-1.474405472692038,1.00000000000001
Palau,2019,1,1.101486435935862,0.3054149725703595,-0.017328847459741257,-0.3895725610464776,1.0000000000000027
Palau,2020,1,3.756674185546242,0.006477126894468424,-1.205666353357331,-1.5574849590833804,0.9999999999999991
Palau,2021,1,0.19472243780625575,0.20475222728030593,0.14986791005503555,0.45065742485840177,0.999999999999999
Palau,2022,1,-0.8994625723274559,-1.742494536173009,-8.313510205166253,11.95546731366669,0.999999999999972
Palau,2023,1,-5.918830775111834,2.2169999055268548,0.3117575335995145,4.3900733359854724,1.000000000000008
Papua New Guinea,1970,1,-0.38120510086635057,0.46041851168453973,0.4342900354614314,0.48649655372037953,1
Papua New Guinea,1971,1,2.2182522775982916,-0.053099768361856016,0.16731309859790172,-1.3324656078343384,0.9999999999999989
Papua New Guinea,1972,1,1.4139325514354029,-0.044316490608545964,0.024216740944497172,-0.39383280177135344,1.0000000000000007
Papua New Guinea,1973,1,1.3721759666061566,-0.03850090783671461,-0.028640560975790832,-0.3050344977936529,0.9999999999999982
Papua New Guinea,1974,1,0.6916793513269713,0.053472084546270976,0.10232126277926698,0.1525273013474907,1
Papua New Guinea,1975,1,1.7925203039236917,-0.5840073675709972,-0.3020311253043281,0.09351818895163484,1.000000000000001
Papua New Guinea,1976,1,0.5274015044517077,-0.17467389110788098,0.40998073887898223,0.23729164777719103,1
Papua New Guinea,1977,1,1.1231168738004988,-0.16496933851973658,0.10522212963240418,-0.06336966491316638,1
Papua New Guinea,1978,1,0.6328905858946605,0.24912067065392696,0.0674078134922014,0.05058092995921216,1.0000000000000009
Papua New Guinea,1979,1,-2.3749641306644462,1.1273477777087189,0.32810218237875866,1.9195141705769645,0.999999999999996
Papua New Guinea,1980,1,1.3105374134941428,-0.38693351313626156,0.259944485699298,-0.18354838605718046,0.9999999999999987
Papua New Guinea,1981,1,14.476060098478227,-5.532707265616337,-4.790871163085832,-3.1524816697760576,1
Papua New Guinea,1982,1,-1.22191771226731,3.0558940177052776,5.817462609123375,-6.651438914561357,0.9999999999999853
Papua New Guinea,1983,1,0.4730928024299199,0.43500055175429686,-0.1463839038031923,0.23829054961897553,1
Papua New Guinea,1984,1,2.674134769495192,-0.39227037737659065,0.1464205415154891,-1.4282849336341024,0.9999999999999882
Papua New Guinea,1985,1,1.1588514999569046,0.3376225483755516,0.10972260281802093,-0.6061966511504748,1.0000000000000022
Papua New Guinea,1986,1,1.0323452587955426,-0.04698258771080066,-0.04697063597266259,0.06160796488791974,0.9999999999999991
Papua New Guinea,1987,1,-2.275520673503555,1.2761795758805978,0.7391855731744644,1.2601555244484863,0.9999999999999933
Papua New Guinea,1988,1,10.457402009387392,-0.2076822886189899,0.7387237401355707,-9.988443460904007,0.9999999999999662
Papua New Guinea,1989,1,4.640427104810391,-0.46686833390102883,1.422100034710299,-4.595658805619682,0.9999999999999796
Papua New Guinea,1990,1,-3.382722100779052,3.9145336086324867,0.5374158333746003,-0.06922734122804274,0.999999999999992
Papua New Guinea,1991,1,0.35103120592154313,0.3580495592428267,-0.025850715244084083,0.31676995007971304,0.9999999999999988
Papua New Guinea,1992,1,1.0161438410431396,-0.06454581381319881,0.10419661490651659,-0.05579464213645731,1
Papua New Guinea,1993,1,0.933110931236119,0.03858212824369949,0.12096493783834868,-0.09265799731816718,1
Papua New Guinea,1994,1,0.9680763672130878,0.17940334293681673,-0.5439681634112042,0.39648845326129994,1.0000000000000002
Papua New Guinea,1995,1,0.899644778211129,-0.10842348397798963,0.18237517948940454,0.02640352627745526,0.9999999999999991
Papua New Guinea,1996,1,-3.677508868778734,1.7357052428620958,0.9208641743824084,2.0209394515342316,1.0000000000000018
Papua New Guinea,1997,1,1.7771332211541768,-1.0969379555342504,0.07313961408250275,0.24666512029757226,1.0000000000000013
Papua New Guinea,1998,1,0.7186900588360964,0.6105720400534097,-0.11463530868228458,-0.21462679020721906,1.0000000000000024
Papua New Guinea,1999,1,0.982429467197437,0.03785604585348534,-0.021633402519139006,0.001347889468216187,0.9999999999999994
Papua New Guinea,2000,1,-16.47415892259099,28.4637207929187,-1.2435061931460234,-9.746055677181669,1.0000000000000178
Papua New Guinea,2001,1,1.5910469247369325,-1.2375440266608138,0.32088893044986777,0.32560817147401616,1.0000000000000027
Papua New Guinea,2002,1,-6.589764190534706,3.6856097962430208,1.4973000214219878,2.4068543728697014,1.0000000000000036
Papua New Guinea,2003,1,1.9113556860667915,-0.31278784300840645,-0.31838089465350383,-0.2801869484048822,0.9999999999999991
Papua New Guinea,2004,1,-1.4111093045044474,1.0001868549073996,1.3633920372865602,0.04753041231048217,0.9999999999999944
Papua New Guinea,2005,1,0.7550530050055003,0.49102780589591727,0.033631586962703575,-0.2797123978641187,1.0000000000000024
Papua New Guinea,2006,1,-0.601215703728822,0.889260714034612,0.8364563671868613,-0.12450137749265823,0.999999999999993
Papua New Guinea,2007,1,-0.00593304887944306,0.5108206013009344,0.3266120416684218,0.16850040591009005,1.000000000000003
Papua New Guinea,2008,1,0.4934032789509721,0.22630854226991484,0.11500293992291381,0.16528523885619928,1
Papua New Guinea,2009,1,-52.363234411882715,28.08567763716571,2.9411461305108477,22.336410644206182,1.0000000000000213
Papua New Guinea,2010,1,-2.1536058001136476,2.084255120623581,-0.0771982100918323,1.1465488895818958,0.9999999999999969
Papua New Guinea,2011,1,-2.743286920490845,2.154046290070096,0.5960227920987684,0.9932178383219824,1.0000000000000018
Papua New Guinea,2012,1,-3.8312308294943973,3.9674658447915183,0.40011941092523284,0.46364557377764476,0.9999999999999982
Papua New Guinea,2013,1,4.482344743737598,-5.883390080912163,2.401029842742793,1.5494431770422107e-5,0.9999999999999991
Papua New Guinea,2014,1,1.957728542368435,-1.218205328764691,0.2604767863962576,0,1.0000000000000016
Papua New Guinea,2015,1,0.4808535063310975,2.328653593613998,-0.3501311476038868,-1.4593759523412089,0.9999999999999998
Papua New Guinea,2016,1,-0.06852102545968441,1.482696734498891,-0.48677228728214494,0.07259657824293546,0.9999999999999971
Papua New Guinea,2017,1,0.870178081617149,-0.5638712876282959,0.623206370801702,0.07048683520944628,1.0000000000000016
Papua New Guinea,2018,1,7.752796100160545,-64.98919752589106,58.94719781983246,-0.7107963941019714,0.9999999999999716
Papua New Guinea,2019,1,0.08435043818205373,4.368652628984186,-3.5857374874321875,0.1327344202659482,1.0000000000000002
Papua New Guinea,2020,1,0.0054233831532281744,1.9533362135576489,-1.074404976777002,0.11564538006612553,1.0000000000000007
Papua New Guinea,2021,1,-0.8184211876937231,2.027310947431616,-0.30431801898817956,0.09542825925028227,0.9999999999999958
Papua New Guinea,2022,1,0.018858188423442824,0.9779582491855368,-0.036541262406369346,0.03972482479739162,1.0000000000000018
Papua New Guinea,2023,1,-0.08246419588214672,1.0698199172663891,-0.01555012827589902,0.028194406891655935,0.9999999999999994
Samoa,1970,1,0.1255592437389598,0.8009114791039257,-0.002336768643294959,0.07586604580040947,1
Samoa,1971,1,-0.30238570118007935,0.8338662245206562,0.2759460154028892,0.19257346125653535,1.0000000000000013
Samoa,1972,1,-0.29323591473410004,0.8283695697807508,0.2679361483021829,0.19693019665115882,0.9999999999999926
Samoa,1973,1,-0.3063310003430019,0.834525559055588,0.28029638663685125,0.19150905465056522,1.0000000000000024
Samoa,1974,1,-0.30359592889372716,0.8326688511229356,0.27801404248450545,0.192913035286288,1.000000000000002
Samoa,1975,1,-0.3169428604368713,0.8444756636396427,0.2877124583380831,0.18475473845914542,0.9999999999999998
Samoa,1976,1,-0.3198588722510102,0.8393005814383376,0.29389553828832954,0.18666275252434397,1.0000000000000009
Samoa,1977,1,-0.46928178758594247,0.8031976046905405,0.4906694343055313,0.1754147485898803,1.0000000000000095
Samoa,1978,1,-0.2694325191908822,0.7993832872136045,0.25479545603992504,0.2152537759373544,1.0000000000000018
Samoa,1979,1,-0.36713317467197015,0.8602711385209433,0.3391737598969808,0.16768827625404462,0.9999999999999987
Samoa,1980,1,-0.458545105371643,0.8433479480230254,0.4568472509881806,0.1583499063604351,0.9999999999999982
Samoa,1981,1,-0.3343663904520967,0.9255654948242676,0.2659522519234406,0.14284864370438913,1.0000000000000004
Samoa,1982,1,5.82964484824895,-2.362255069686318,-5.3477037435860275,2.880313965023382,0.9999999999999876
Samoa,1983,1,-8.700957544114216,2.423835789416366,9.439149957054791,-2.162028202356942,1
Samoa,1984,1,-0.943418914909754,-0.5829686608822704,1.7814998949487673,0.7448876808432602,1.000000000000003
Samoa,1985,1,-1.1101909685774047,1.4471314737710008,0.6647955076707377,-0.0017360128643322413,1.0000000000000013
Samoa,1986,1,-0.27749991202748003,1.0405336861820864,0.4261556472193434,-0.18918942137395398,0.9999999999999959
Samoa,1987,1,12.128050449200076,-5.1323033542628655,-1.9412126203833808,-4.054534474553824,1.000000000000007
Samoa,1988,1,-11.695208210617253,11.868607839485165,2.095903576403168,-1.2693032052710853,0.9999999999999947
Samoa,1989,1,-0.14694934409746072,0.6912549713331215,0.15171086947220513,0.30398350329213686,1.0000000000000029
Samoa,1990,1,-0.5773636080001914,0.8392300593111314,0.4143102250979497,0.323823323591111,1.0000000000000007
Samoa,1991,1,5.2649681357538025,-5.125075877092451,0.4602934548966763,0.39981428644197264,1
Samoa,1992,1,-590.9041591000871,261.58423968305357,185.22947714402568,145.09044227300856,1.0000000000006821
Samoa,1993,1,2.6511645190139093,-1.4337186078263773,0.3096853369630767,-0.5271312481506121,0.9999999999999967
Samoa,1994,1,-7.301292674116925,6.929531279576683,2.1694730413094065,-0.7977116467691673,0.9999999999999973
Samoa,1995,1,0.7120703330408532,1.0422100749416243,-0.10405492576863465,-0.6502254822138414,1.0000000000000016
Samoa,1996,1,0.18446071470900582,0.45446652364556067,0.25821428159731186,0.1028584800481191,0.9999999999999974
Samoa,1997,1,0.6031679689753217,11.11161075664969,-0.8897038313104012,-9.82507489431459,1.0000000000000204
Samoa,1998,1,-0.21660910687787044,-1.6545342795308295,0.9513476495870452,1.9197957368216447,0.99999999999999
Samoa,1999,1,-2.3131575125116908,3.0259482649047933,0.11140708272096513,0.17580216488593864,1.0000000000000062
Samoa,2000,1,0.26746892817920587,0.35225722975907187,0.2248230068306736,0.15545083523104783,0.9999999999999991
Samoa,2001,1,-0.8699885512664789,1.4890995958916702,0.22229966205902935,0.158589293315781,1.0000000000000018
Samoa,2002,1,0.00410588602740803,1.0771047181558078,0.17882973932548207,-0.26004034350870275,0.9999999999999951
Samoa,2003,1,-0.038492359191818,0.9216197362783839,0.13658991367107307,-0.019717290757636646,1.0000000000000022
Samoa,2004,1,-0.006197802791145151,0.9777657111265141,0.14782328646708434,-0.11939119480245594,0.9999999999999973
Samoa,2005,1,-0.027964935118624967,0.9004731147848108,0.1844414329517914,-0.05694961261797596,1.0000000000000013
Samoa,2006,1,0.5888785122955491,-0.9647798669182079,-1.8360424038044156,3.2119437584270703,0.9999999999999958
Samoa,2007,1,-0.08545592018943983,0.4940026113833423,-0.10066853176788983,0.6921218405739866,0.9999999999999991
Samoa,2008,1,-0.5815573054810855,2.3756384617155835,1.3143173959911012,-2.1083985522256015,0.9999999999999977
Samoa,2009,1,-0.2265563505990763,1.633802825476307,0.33515353793390334,-0.7424000128111344,0.9999999999999997
Samoa,2010,1,-0.41298837323583953,0.06232883573893586,0.07733477086713476,1.273324766629768,0.9999999999999991
Samoa,2011,1,0.5968251097444197,-0.24563795309332231,0.38824391278038234,0.2605689305685232,1.0000000000000029
Samoa,2012,1,0.5566528642226986,0.4029045485769388,-0.38335465793478096,0.42379724513513944,0.9999999999999958
Samoa,2013,1,0.40902401241579556,0.7486088558231561,0.0060951238852203935,-0.1637279921241735,0.9999999999999986
Samoa,2014,1,0.5508626763390015,0.7531518340166796,7.804745944651111e-4,-0.30479498495015117,0.9999999999999951
Samoa,2015,1,0.6744520102172499,0.24017527936665506,-0.10056810490360074,0.18594081531969314,0.9999999999999973
Samoa,2016,1,0.04899312659367013,0.704703904768987,-0.31092274886158827,0.5572257174989337,1.0000000000000024
Samoa,2017,1,-4.2698655921502136,5.002588765981405,5.232316489627357,-4.965039663458586,0.9999999999999627
Samoa,2018,1,0.7688844730917475,0.9210850447624355,-1.2007997089077174,0.5108301910535423,1.000000000000008
Samoa,2019,1,-0.11908530185738163,0.3960833208960415,0.08850785288373561,0.6344941280776046,1
Samoa,2020,1,0.743270424714301,-0.27658742017553706,-0.0050268276815779115,0.5383438231428126,0.9999999999999987
Samoa,2021,1,2.293349554128889,-1.23845175934104,-0.01466516526731983,-0.04023262952052528,1.000000000000004
Samoa,2022,1,0.8231991567119102,-1.3054908989974567,0.4695706741376411,1.0127210681479084,1.000000000000003
Samoa,2023,1,0.8096975753145382,0.5461535628153837,-0.1148531233538748,-0.24099801477604862,0.9999999999999984
Sao Tome and Principe,1970,1,-0.3009667968150152,0.7912018518377237,0.16747704538611383,0.34228789959117756,1
Sao Tome and Principe,1971,1,-1.5705342873435313,1.8513704237778694,0.2450050973275944,0.4741587662380625,0.9999999999999949
Sao Tome and Principe,1972,1,0.8899010770621425,0.6626742131402479,-0.1848481147009103,-0.3677271755014761,1.000000000000004
Sao Tome and Principe,1973,1,1.5139282854439575,0.23391839629821282,-0.30199021615950916,-0.4458564655826626,0.9999999999999986
Sao Tome and Principe,1974,1,0.7692557442283072,0.16032166193049904,-0.008535401964843597,0.07895799580603703,0.9999999999999998
Sao Tome and Principe,1975,1,8.341304738436694,-5.8952766711597295,-0.025900713088856723,-1.4201273541881063,1.0000000000000018
Sao Tome and Principe,1976,1,-0.5541461412003014,1.1150755200397264,-0.011548891737393064,0.4506195128979668,0.9999999999999988
Sao Tome and Principe,1977,1,0.2171395700305079,0.32606754642683566,0.008811335394579253,0.44798154814807745,1.0000000000000002
Sao Tome and Principe,1978,1,0.7722861943982566,2.865646177670646,-0.05963951345503196,-2.578292858613868,1.0000000000000029
Sao Tome and Principe,1979,1,0.047745981577573274,0.691000031018628,0.001073214919346258,0.26018077248445226,0.9999999999999998
Sao Tome and Principe,1980,1,0.7470202261604231,1.6930618299253675,-1.0961030011355923,-0.34397905495019837,0.9999999999999998
Sao Tome and Principe,1981,1,0.02922905302188454,0.5986550756948015,0.16995857440001053,0.20215729688330378,1.0000000000000002
Sao Tome and Principe,1982,1,0.1751786817060388,0.5421185965620944,0.10174887944385014,0.18095384228801853,1.0000000000000018
Sao Tome and Principe,1983,1,0.5202298583937848,0.4038813286222684,-0.060886561426038065,0.13677537440998597,1.000000000000001
Sao Tome and Principe,1984,1,8.013201131675029,-2.5577662395580743,-3.5725307542766176,-0.8829041378403337,1.0000000000000036
Sao Tome and Principe,1985,1,5.404269896087662,-1.7317910888573238,-2.639765163316348,-0.032713643913987865,1.0000000000000018
Sao Tome and Principe,1986,1,-0.874726723848788,0.865468092882227,0.46149415795882165,0.5477644730077394,1
Sao Tome and Principe,1987,1,-0.9422872350636347,1.3894941623150112,0.25580359184704704,0.2969894809015772,1.0000000000000009
Sao Tome and Principe,1988,1,0.5778821494544398,-0.35485076311211344,0.18390467623266937,0.5930639374250041,0.9999999999999998
Sao Tome and Principe,1989,1,-2.4914700859167436,2.8807515289232253,-0.2008095812331187,0.8115281382266392,1.0000000000000022
Sao Tome and Principe,1990,1,0.1889663350936464,0.6026345904932008,0.6096652323952094,-0.4012661579820552,1.0000000000000013
Sao Tome and Principe,1991,1,0.36383981980450936,-0.3990712060517697,-0.03900729559943864,1.0742386818466978,0.9999999999999989
Sao Tome and Principe,1992,1,-0.35623380770040364,0.3545935321049516,0.5075441359066923,0.4940961396887609,1.000000000000001
Sao Tome and Principe,1993,1,0.4502956533142785,-0.8303666970289386,-1.295067885394805,2.67513892910947,1.0000000000000047
Sao Tome and Principe,1994,1,0.9523697962658232,-1.2989257134348087,-0.16291052650575874,1.5094664436747451,1.0000000000000009
Sao Tome and Principe,1995,1,-0.8436251303784233,-0.0035591541884958996,-0.10809602288034627,1.955280307447266,1.0000000000000004
Sao Tome and Principe,1996,1,-2.953866018740542,-1.2229394796475657,0.0010283405045443097,5.175777157883567,1.0000000000000036
Sao Tome and Principe,1997,1,-38.73693516639676,5.754756814298522,-15.701360653716868,49.683539005815106,1
Sao Tome and Principe,1998,1,-2.8959938453359517,0.1870439618150823,0.576632362080387,3.1323175214404784,0.999999999999996
Sao Tome and Principe,1999,1,0.0933295976291285,0.030024125063836907,0.24183463054459892,0.634811646762434,0.9999999999999983
Sao Tome and Principe,2000,1,-1.6010725254150213,3.2358004373377147,0.37080498041202464,-1.0055328923347233,0.9999999999999949
Sao Tome and Principe,2001,1,2.6147470759669718,11.74032317985464,-11.19999226749356,-2.1550779883280637,0.9999999999999885
Sao Tome and Principe,2002,1,0.6831682026834844,0.2377466737354907,0.20622116757829853,-0.12713604399727363,1
Sao Tome and Principe,2003,1,-15.964993990414602,24.42700183096443,-19.802765107410952,12.340757266861152,1.0000000000000284
Sao Tome and Principe,2004,1,-2.5355396855297956,0.7696148420193103,2.75805693079881,0.007867912711673366,0.9999999999999982
Sao Tome and Principe,2005,1,0.5491317847322897,0.2720349638764561,-0.27855107261345535,0.45738432400471013,1.0000000000000007
Sao Tome and Principe,2006,1,9.537434240375902,-9.401536157395695,-1.0484672931017869,1.9125692101215828,1.0000000000000036
Sao Tome and Principe,2007,1,-2.157592336265338,0.06156871108837579,0.8531101115808211,2.242913513596145,1.0000000000000036
Sao Tome and Principe,2008,1,-1.1767888201764984,1.7987817893873308,0.2552459097608445,0.12276112102832458,1.0000000000000013
Sao Tome and Principe,2009,1,-0.9992020112908945,-0.7932013292416452,0.05185453682330808,2.740548803709235,1.0000000000000036
Sao Tome and Principe,2010,1,-0.29281226339326816,0.731904629311605,0.24702822512066566,0.313879408960998,1.0000000000000007
Sao Tome and Principe,2011,1,-0.2928122274620396,0.7319046157410988,0.24702820960794208,0.31387940211299953,1.0000000000000009
Sao Tome and Principe,2012,1,-0.29281227661142095,0.7319046456910703,0.24702822657373474,0.3138794043466061,0.9999999999999902
Sao Tome and Principe,2013,1,-0.46544100913100495,0.5817011162418537,0.38481149935055764,0.49892839353859714,1.0000000000000036
Sao Tome and Principe,2014,1,-0.3111980192110816,0.7153208787508434,0.2622891576790011,0.3335879827812378,1.0000000000000004
Sao Tome and Principe,2015,1,-0.30456432069737094,0.7213893150706109,0.25669801626594385,0.32647698936081765,1.0000000000000013
Sao Tome and Principe,2016,1,1.11600425220987,0.9486977035151494,-0.20157795213110472,-0.863124003593917,0.9999999999999977
Sao Tome and Principe,2017,1,-0.24792765794409058,0.7344275064194057,0.23568675511836232,0.27781339640632274,1.0000000000000002
Sao Tome and Principe,2018,1,-0.03426420114277694,0.731743287684657,0.18021480526029374,0.12230610819782618,1
Sao Tome and Principe,2019,1,1.1328373509859182,-0.49776147339171206,-0.08902666799614704,0.4539507904019467,1.0000000000000058
Sao Tome and Principe,2020,1,17.766991463301693,-32.91806437977384,-10.391095311847042,26.54216822831932,1.0000000000001315
Sao Tome and Principe,2021,1,0.1001921098000221,-1.1723026883596646,-0.3809800373697367,2.4530906159293853,1.000000000000006
Sao Tome and Principe,2022,1,-1.9519748447556928,-1.1823709278055738,-0.36689642527755356,4.501242197838808,0.9999999999999876
Sao Tome and Principe,2023,1,-1.9367360764673816,-1.9598436597165152,-0.6234914564529961,5.520071192636886,0.9999999999999929
Seychelles,1970,1,-0.39986812558368906,1.0939799314747212,0.25374652903047856,0.052141665078489656,1.0000000000000002
Seychelles,1971,1,-0.04069620202835727,0.3632773854614724,0.2064123985235814,0.4710064180433044,1.0000000000000009
Seychelles,1972,1,-0.04051947532579098,0.36275312394023473,0.20653562486945987,0.4712307265160943,0.999999999999998
Seychelles,1973,1,-0.03799848317861176,0.36073115261558725,0.20673433944681416,0.4705329911162101,0.9999999999999998
Seychelles,1974,1,-0.06781183918945684,0.39189671090799716,0.2023117237442714,0.47360340453719485,1.0000000000000064
Seychelles,1975,1,-0.03633711108327782,0.35590905972975245,0.20786234884816604,0.4725657025053541,0.9999999999999948
Seychelles,1976,1,-0.034573689780133234,0.35793089585840016,0.20701956981647257,0.4696232241052609,1.0000000000000004
Seychelles,1977,1,-0.06490214247379468,0.38783909431919883,0.20303363100535982,0.47402941714923813,1.000000000000002
Seychelles,1978,1,-0.021811309092033132,0.33908757016832947,0.21048483614417457,0.4722389027795272,0.999999999999998
Seychelles,1979,1,-0.017932056848667877,0.3460850784962176,0.20790234250788317,0.4639446358445673,1.0000000000000002
Seychelles,1980,1,0.2966357843581409,0.034748616915102074,0.24956678473067237,0.4190488139960801,0.9999999999999956
Seychelles,1981,1,-0.22000953089358932,0.5677380738069682,0.17495104808202222,0.4773204090046004,1.0000000000000013
Seychelles,1982,1,-0.4435860961481161,0.49815992106109125,0.22844174006192242,0.7169844350250953,0.9999999999999927
Seychelles,1983,1,3.6975042313266693,-3.122414114071787,0.6403615484501181,-0.21545166570497454,1.0000000000000258
Seychelles,1984,1,1.0690366227286492,-0.8379509103556146,0.3827952385070881,0.38611904911988,1.0000000000000027
Seychelles,1985,1,-0.11065479964200291,0.6805763030430527,0.12627150104226648,0.3038069955566849,1.000000000000001
Seychelles,1986,1,1.3236377430373731,-0.3450635090268589,-1.0870035068851207,1.108429272874612,1.0000000000000053
Seychelles,1987,1,0.6759633718333716,-1.0259706118693566,0.5001021321086192,0.8499051079273672,1.0000000000000013
Seychelles,1988,1,-0.038364966696762516,0.21929076754755067,-0.21248891123315242,1.0315631103823624,0.999999999999998
Seychelles,1989,1,0.10260277841179306,0.16304841708321025,0.16774070137680688,0.5666081031281905,1.0000000000000007
Seychelles,1990,1,0.8756699235236877,-0.06682220248149234,0.11663282247700184,0.0745194564808025,0.9999999999999997
Seychelles,1991,1,0.28308815379969204,1.5647063720908772,-0.5379952131692811,-0.30979931272128386,1.0000000000000042
Seychelles,1992,1,-0.030550283108578817,0.023525107761174828,0.8059242871574777,0.20110088818992267,0.9999999999999963
Seychelles,1993,1,-1.5437634837649234,-1.5723646121899557,2.037803787372328,2.078324308582555,1.0000000000000036
Seychelles,1994,1,-0.9898933042277319,2.807165520406435,-1.7142951169129514,0.8970229007342487,1.0000000000000004
Seychelles,1995,1,-0.5570099736188301,3.201704923979954,-2.8236479982175453,1.1789530478564267,1.000000000000006
Seychelles,1996,1,0.03862571879370693,-0.10515760692163086,0.18469649494205606,0.8818353931858663,0.9999999999999984
Seychelles,1997,1,-0.1331235000824768,1.1364831386920216,-0.16061586797544414,0.1572562293658995,1
Seychelles,1998,1,-2.379636921210675,-0.208426533911631,1.2376484296383086,2.3504150254839975,1
Seychelles,1999,1,-0.8233289193318768,1.7421170865942535,-0.6837890969964032,0.7650009297340324,1.0000000000000058
Seychelles,2000,1,2.0509030475003853,-0.5690960100120928,-0.030707643410533524,-0.45109939407776095,0.999999999999998
Seychelles,2001,1,11.619376813919697,-5.5781705221871025,3.1493847864499394,-8.190591078182537,0.9999999999999964
Seychelles,2002,1,-8.990815890365136,7.233868679262924,-5.465307976647104,8.222255187749324,1.0000000000000089
Seychelles,2003,1,-1.1337816743904872,-0.5744749963348561,0.4428988422773719,2.265357828447969,0.999999999999998
Seychelles,2004,1,0.7671178588043035,-1.3981215076285387,-0.4653135695120899,2.0963172183363254,1.0000000000000004
Seychelles,2005,1,-1.0537065621831967,0.49878177183213035,-0.0627265010875262,1.6176512914385925,0.9999999999999998
Seychelles,2006,1,0.7735484591272376,-0.07190512359264505,0.5884591227549885,-0.2901024582895797,1.0000000000000013
Seychelles,2007,1,0.9251424102861637,0.2967053391068555,0.03711440498815261,-0.25896215438117226,0.9999999999999996
Seychelles,2008,1,1.3083440176965109,-1.8267242317559211,0.811295328075864,0.7070848859835464,1
Seychelles,2009,1,2.71729128801112,-1.4437271702648915,0.055342316313630784,-0.3289064340598589,1.0000000000000007
Seychelles,2010,1,-20.81523190969572,12.030394116838012,0.2912870530332155,9.493550739824475,0.9999999999999858
Seychelles,2011,1,-30.598550795607704,27.88000200053855,6.079801205506509,-2.3612524104373573,1
Seychelles,2012,1,-0.7534555131665206,0.8011273716062872,0.39163984652455996,0.5606882950356745,1.0000000000000009
Seychelles,2013,1,-0.12816135599363349,0.7525635507751844,0.2012943032937633,0.1743035019246856,0.9999999999999998
Seychelles,2014,1,-0.15956705316393624,-0.026396016264594098,0.04365596713840644,1.1423071022901208,0.9999999999999968
Seychelles,2015,1,0.9733938056059134,-0.27089710255720917,0.29750329695129585,0,1
Seychelles,2016,1,-0.312274389335652,1.043454801955343,0.2165861919475538,0.05223339543275436,0.999999999999999
Seychelles,2017,1,-0.10539044031722364,0.7688076144144411,0.14605503990371338,0.19052778599907003,1.0000000000000009
Seychelles,2018,1,-0.22845723306809002,0.9628051214201128,0.3431032311538361,-0.07745111950585884,1
Seychelles,2019,1,0.48389793433267925,0.22500066394244334,0.07549183494049355,0.21560956678438487,1.0000000000000009
Seychelles,2020,1,1.4493304140813454,-0.4461437519898271,-0.29937876526885193,0.2961921031773357,1.0000000000000022
Seychelles,2021,1,-0.7908416734265399,2.7805290013607826,0.06515619817687028,-1.054843526111108,1.0000000000000049
Seychelles,2022,1,0.7285073983589929,0.3694409252703975,-0.17107216961705754,0.07312384598766661,0.9999999999999996
Seychelles,2023,1,-0.11024725360581233,-0.4270890229004597,1.1945179882488166,0.3428182882574562,1.0000000000000007
Singapore,1970,1,-0.06596412309336529,0.6169897305084027,0.10428069686827154,0.3446936957166911,0.9999999999999999
Singapore,1971,1,-0.13183421516754976,0.5577968841857738,0.15490887713109722,0.4191284538506775,0.9999999999999987
Singapore,1972,1,0.03308439733399404,0.5264996386412728,0.15542439572793768,0.2849915682967959,1.0000000000000004
Singapore,1973,1,0.23241386950257742,0.4696650788375697,0.06753812636166062,0.23038292529819446,1.0000000000000022
Singapore,1974,1,-0.05295432985499815,0.39575145683698454,0.003997831684509006,0.6532050413335032,0.9999999999999987
Singapore,1975,1,1.0441754441126043,0.9160509353874053,0.15091966671906287,-1.1111460462190756,0.9999999999999969
Singapore,1976,1,0.17218748614248391,0.4365660059420979,0.07622721830518155,0.3150192896102349,0.9999999999999982
Singapore,1977,1,0.4651003167899092,0.54234424498412,0.1743928194297516,-0.18183738120378087,1
Singapore,1978,1,-0.08095551894567855,0.44761120263592,0.15051070840198538,0.48283360790777513,1.000000000000002
Singapore,1979,1,0.0942612121357609,0.3515818299743059,-0.0019217372504722618,0.556078695140405,0.9999999999999996
Singapore,1980,1,0.08682875862519823,0.2893493829041529,0.1028057726214048,0.5210160858492431,0.999999999999999
Singapore,1981,1,0.18257249245024404,0.35338786759316465,0.07977834462133929,0.38426129533525627,1.0000000000000042
Singapore,1982,1,-0.09130068583803168,0.2522440139574115,0.16835519191432383,0.6707014799662947,0.9999999999999984
Singapore,1983,1,0.08148520449833593,0.3228204644928816,0.12052103620866936,0.4751732948001123,0.9999999999999992
Singapore,1984,1,0.0842429448366862,0.350736418679696,0.07443799627076857,0.49058264021284886,0.9999999999999996
Singapore,1985,1,-0.18704836020009524,0.016259032796001157,-0.9678988326848237,2.1386881600889116,0.999999999999994
Singapore,1986,1,4.870497774181286,4.819101578309106,0.30999595305547234,-8.999595305545885,0.9999999999999796
Singapore,1987,1,0.15280361839994996,0.5161031628921606,0.016488099056906645,0.31460511965098187,0.999999999999999
Singapore,1988,1,0.45870063469675815,0.5822608133521373,-0.0747090973201696,0.03374764927127444,1.0000000000000002
Singapore,1989,1,0.12764797507788234,0.41635514018691083,0.06321391484942826,0.3927829698857794,1.0000000000000009
Singapore,1990,1,0.006898649470744453,0.37667599464655654,0.11155858376931255,0.504866772113387,1.0000000000000004
Singapore,1991,1,0.3090466866548465,0.42152603561157553,0.11777213485896362,0.15165514287461349,0.9999999999999991
Singapore,1992,1,0.08612626073961478,0.4202614867388991,0.038909226746358855,0.4547030257751271,0.9999999999999999
Singapore,1993,1,0.025391780011833384,0.439118864577169,0.11919722057953741,0.41629213483145966,0.9999999999999994
Singapore,1994,1,0.5066127647550829,0.4478857627229383,-0.0058792205957465754,0.05138069311772599,1.0000000000000004
Singapore,1995,1,0.08388435109561013,0.2167213054027428,0.11590820692336884,0.5834861365782777,0.9999999999999994
Singapore,1996,1,0.03644024556832998,0.34075085998323856,0.1774034267656509,0.445405467682782,1.0000000000000016
Singapore,1997,1,-0.005848951010677203,0.26286154980137083,0.06813311311611667,0.6748542880931887,0.9999999999999991
Singapore,1998,1,-1.3664341547195464,0.24001892810822542,-0.22198464720106573,2.3483998738123875,1.0000000000000009
Singapore,1999,1,-0.05610963139714694,0.5643563524538309,0.09788517606727566,0.3938681028760409,1.0000000000000004
Singapore,2000,1,-0.43787229915634657,0.52888301320501,0.17576348443937415,0.733225801511962,0.9999999999999996
Singapore,2001,1,8.43340026773915,7.796184738957794,1.2551316376622053,-16.48471664435912,1.0000000000000293
Singapore,2002,1,0.7633627528758942,0.40023800079328553,0.13391263387541505,-0.29751338754459594,0.9999999999999988
Singapore,2003,1,10.104083665332755,0.8841775754120565,0.15857996585084097,-10.146841206595647,1.0000000000000053
Singapore,2004,1,-0.015546669713292107,0.2355809436764654,0.011415514680683223,0.7685502113561439,1.0000000000000002
Singapore,2005,1,0.6363993787965172,0.2771235919715402,0.06558021584854788,0.02089681338339475,1
Singapore,2006,1,0.3698467014019569,0.20863748843509722,0.08390918065152833,0.3376066295114166,0.9999999999999991
Singapore,2007,1,0.38735649026371727,0.3112443516864695,0.02681488580605321,0.2745842722437605,1.0000000000000004
Singapore,2008,1,-4.44354855425395,1.0641102704942804,0.3737382112135761,4.005700072546092,0.9999999999999982
Singapore,2009,1,3.1125877165742595,-0.10718499658450233,0.45680929019426925,-2.4622120101840212,1.0000000000000053
Singapore,2010,1,0.39746598592771787,0.12424400464805918,0.07424080224717378,0.4040492071770488,0.9999999999999997
Singapore,2011,1,0.6571959086325307,0.20647719814960133,-0.0025571046692199856,0.13888399788708897,1.000000000000001
Singapore,2012,1,-0.36945446300146595,0.3573164596427054,0.02129996386233691,0.9908380394964197,0.9999999999999962
Singapore,2013,1,0.20125661613801832,0.23732882055716137,0.24810067331577879,0.3133138899890437,1.0000000000000022
Singapore,2014,1,0.5981705163523482,0.36777565868473394,0.017355371900834696,0.01669845306208402,1.0000000000000009
Singapore,2015,1,1.0289106794634444,0.5348267510531772,0.24479697985416402,-0.8085344103707842,1.0000000000000013
Singapore,2016,1,-0.051608408139362315,0.3152990065256562,0.10031788689198937,0.6359915147217161,0.9999999999999994
Singapore,2017,1,0.17204982056153148,0.21672366476673996,0.06417563858982178,0.5470508760819051,0.9999999999999983
Singapore,2018,1,0.7513038190790166,0.4249514722046787,0.07863256858205286,-0.25488785986574714,1.0000000000000009
Singapore,2019,1,0.05387146812801222,0.683251424346495,0.23410023340437935,0.028776874121111882,0.9999999999999984
Singapore,2020,1,-0.4793254783075481,1.0541186009006025,-0.286032800754356,0.7112396781613028,1.0000000000000013
Singapore,2021,1,0.21319654418856043,0.2567523023143232,0.044080722415975215,0.4859704310811424,1.000000000000001
Singapore,2022,1,0.11870721171604944,0.7423630105823256,-0.05735436594386924,0.19628414364549207,0.9999999999999979
Singapore,2023,1,2.6101782932314856,1.1851999307596863,0.2560671628872797,-3.05144538687845,1.0000000000000018
Solomon Islands,1970,1,0.31738553469948944,0.3509197356204818,0.1083122252141926,0.22338250446583593,0.9999999999999998
Solomon Islands,1971,1,0.4881407810356655,0.27420435639713964,-0.18180249478268593,0.4194573573498801,0.9999999999999993
Solomon Islands,1972,1,0.3872251477536526,0.8192779906254916,-0.20089800592958537,-0.0056051324495570735,1.0000000000000018
Solomon Islands,1973,1,0.946836014164949,-3.0834786641456535,2.897631492125062,0.23901115785564428,1.0000000000000018
Solomon Islands,1974,1,0.6278319153652414,0.21581496684346174,0.11621249507709779,0.04014062271419965,1.0000000000000007
Solomon Islands,1975,1,1.8433587462981555,-0.48971476174122097,-0.26246683891223926,-0.09117714564469487,1.0000000000000004
Solomon Islands,1976,1,1.2065299339179403,-0.11913506062374589,-0.06517799009378639,-0.022216883200408478,0.9999999999999996
Solomon Islands,1977,1,0.7735766297974518,0.12940101845585275,0.07300766594128581,0.02401468580541058,1.0000000000000009
Solomon Islands,1978,1,-0.7565445371418357,1.023215382964519,0.5423086391632645,0.19102051501405298,1.0000000000000009
Solomon Islands,1979,1,0.6975099059632459,0.17697826028957447,0.0927557627718527,0.03275607097532654,0.9999999999999996
Solomon Islands,1980,1,1.1499055395579156,-0.07084933870200788,-0.06599677820160332,-0.01305942265430402,1.0000000000000004
Solomon Islands,1981,1,-0.16834538028197113,0.6941749387288911,0.3432783471844192,0.1308920943686602,0.9999999999999994
Solomon Islands,1982,1,1.5068958748675072,-0.34918814732182485,-0.11254142243408526,-0.04516630511160155,0.9999999999999956
Solomon Islands,1983,1,0.47352603489840345,0.4044397530590383,0.04851881747737285,0.07351539456518459,0.9999999999999991
Solomon Islands,1984,1,1.52033387981929,-0.1618986943771764,-0.33752745089594066,-0.02090773454617247,1.0000000000000004
Solomon Islands,1985,1,24.359339153043614,-13.311606158694977,-7.862847002607313,-2.1848859917413064,1.0000000000000178
Solomon Islands,1986,1,-1.8103198298406404,-1.0158234218782505,3.8943131248666187,-0.06816987314773013,0.9999999999999978
Solomon Islands,1987,1,0.29555486569194866,0.2180768845139188,0.6505722336073986,-0.164203983813265,1.0000000000000009
Solomon Islands,1988,1,38.67877670058561,-32.973440119473736,13.836335377757626,-18.541671958869493,1.000000000000007
Solomon Islands,1989,1,-0.6819516481971789,1.2448644958109734,0.5139214086350532,-0.07683425624884732,1.0000000000000004
Solomon Islands,1990,1,0.2883299286787139,0.6736068571903965,0.12261753211740535,-0.08455431798651811,0.9999999999999976
Solomon Islands,1991,1,-1.2545711994992044,1.9996191988148628,0.1764444667216341,0.07850753396270783,1.0000000000000007
Solomon Islands,1992,1,-2.516706151964106,6.915028645411406,-3.3815659704440213,-0.016756523003281468,0.9999999999999969
Solomon Islands,1993,1,-0.526849478302828,1.311755708333881,0.17557777325319301,0.03951599671575429,1.0000000000000004
Solomon Islands,1994,1,-0.30143829437440406,0.9209469687510484,0.36244567722237236,0.018045648400984906,1.0000000000000016
Solomon Islands,1995,1,0.4719473162834073,0.6594237685968166,-0.1680238147336692,0.036652729853446114,1.0000000000000009
Solomon Islands,1996,1,-0.6867799584763928,0.6832818822570619,1.0128664440265263,-0.009368367807192845,1.0000000000000022
Solomon Islands,1997,1,3.1633155962450243,-1.9101974274600189,0.42178558873124783,-0.674903757516258,0.9999999999999951
Solomon Islands,1998,1,-0.23602097875651348,1.645351984643828,-0.23445775328607527,-0.17487325260123987,0.9999999999999996
Solomon Islands,1999,1,0.8935848613389938,1.2785191744832127,-0.970210822276458,-0.20189321354574985,0.9999999999999987
Solomon Islands,2000,1,0.2287484073002123,0.10554726766659618,0.5557444058946219,0.10995991913856928,0.9999999999999997
Solomon Islands,2001,1,0.7193671158607534,-0.06927801713849562,0.37850226629683154,-0.028591365019089026,1.0000000000000004
Solomon Islands,2002,1,-4.153239655130362,2.7254759627942096,1.2571936094309324,1.170570082905218,0.9999999999999982
Solomon Islands,2003,1,4.453561659598253,-7.09465023089188,-1.6079100696171724,5.2489986409107905,0.9999999999999907
Solomon Islands,2004,1,-0.9542667988621728,0.47521822780129236,0.823715855651269,0.6553327154096134,1.0000000000000018
Solomon Islands,2005,1,-0.4664241873466778,1.2194423976809374,4.098576197291987,-3.85159440762625,0.9999999999999963
Solomon Islands,2006,1,-1.7740408161268475,0.49083448955213155,0.02505519828140542,2.2581511282933104,1.0000000000000002
Solomon Islands,2007,1,-1.447686096422012,0.8983620699789113,-0.15342741394906448,1.7027514403921704,1.000000000000005
Solomon Islands,2008,1,1.4030472957159035,0.4606522147307739,-0.13257914840874593,-0.7311203620379323,0.9999999999999991
Solomon Islands,2009,1,1.2911395753084547,-0.5707686629805665,-0.013537768257047897,0.2931668559291502,0.9999999999999905
Solomon Islands,2010,1,-0.9235389954448568,0.43325895799461467,0.2657053831589268,1.2245746542913158,1.0000000000000004
Solomon Islands,2011,1,1.9659884531920881,0.3018938457449819,-0.6653321663104499,-0.6025501326266193,1.0000000000000009
Solomon Islands,2012,1,5.842353597352745,1.8761563125460439,-2.3195902290838846,-4.398919680814912,0.999999999999992
Solomon Islands,2013,1,-0.7085214679284474,0.4131984109880277,1.4097927440896314,-0.11446968714921223,0.9999999999999994
Solomon Islands,2014,1,1.6945981772632694,-0.7252561469112541,-0.32539194610450367,0.35604991575248734,0.9999999999999991
Solomon Islands,2015,1,-1.2063688737118092,0.5728843379532879,0.5243361032531134,1.10914843250541,1.000000000000002
Solomon Islands,2016,1,0.3599367137827909,0.3319413726403958,0.18979073956914683,0.11833117400766363,0.9999999999999971
Solomon Islands,2017,1,0.6745501484664053,0.010308315213981147,-0.30243930064991925,0.617580836969537,1.0000000000000042
Solomon Islands,2018,1,-1.3241716183764038,1.0905583654093483,0.936261981705134,0.29735127126192107,0.9999999999999993
Solomon Islands,2019,1,-2.8125204682833127,0.7371434510985337,0.9415726179961161,2.1338043991886586,0.9999999999999956
Solomon Islands,2020,1,-2.051574442128108,1.690570495586167,0.7842937409004871,0.5767102056414521,0.9999999999999982
Solomon Islands,2021,1,-0.9531446820486962,2.65434435674253,0.9634489771799992,-1.6646486518738441,0.9999999999999891
Solomon Islands,2022,1,-0.813446683205537,-0.1179650849379835,0.016908438795624307,1.9145033293478975,1.0000000000000013
Solomon Islands,2023,1,0.7342031488343788,0.08033397718668221,0.038866091382780944,0.14659678259615724,0.9999999999999991
Suriname,1970,1,0.7222352063278445,0.6777758517887099,-0.06561927311456395,-0.3343917850019876,1.0000000000000029
Suriname,1971,1,-0.21460246088531482,0.5671426604081458,0.4907960213244278,0.1566637791527361,0.9999999999999949
Suriname,1972,1,0.2799824858154794,0.19351599047719123,-0.019650994281003704,0.546152517988333,1
Suriname,1973,1,-0.7060825958341755,2.330659476071409,-1.2245491125713461,0.5999722323341146,1.0000000000000018
Suriname,1974,1,0.3035858392144762,1.084830635521967,0.28488320727193606,-0.6732996820083771,1.0000000000000022
Suriname,1975,1,-0.7318512910917131,0.5072039194827759,0.6676390829581785,0.5570082886507587,1
Suriname,1976,1,0.6489467174075078,-1.468259333912061,0.7471251918307119,1.0721874246738408,0.9999999999999993
Suriname,1977,1,-0.7160331595551093,1.5543704426713494,-0.10453134996426726,0.2661940668480291,1.000000000000002
Suriname,1978,1,0.8047829400596463,0.3901252620417163,0.37091042165515775,-0.565818623756522,0.9999999999999984
Suriname,1979,1,-0.34203454112895704,-0.8930851618608459,0.3700428961885451,1.865076806801257,0.9999999999999992
Suriname,1980,1,0.5331251735403442,0.34292768923683864,0.28293259418696337,-0.1589854569641467,0.9999999999999994
Suriname,1981,1,-1.3545350972834265,0.7166775656471248,0.6551127968707771,0.9827447347655238,0.9999999999999996
Suriname,1982,1,0.18095029290483214,0.4232265979297785,-0.7150668237542365,1.1108899329196247,0.9999999999999988
Suriname,1983,1,-0.31954590046166337,-3.104036854285498,1.1827547814745614,3.2408279732726046,1.0000000000000044
Suriname,1984,1,-4.978255240193812,5.743513135604818,-1.900799322814836,2.1355414274038256,0.9999999999999956
Suriname,1985,1,0.1303101004385053,-0.14723221061861386,0.6832418932644285,0.33368021691568006,1
Suriname,1986,1,-1.7748603521225355,8.352406078175498,-1.4341881211035705,-4.1433576049494,0.9999999999999925
Suriname,1987,1,-0.7018984090368281,1.7196154399513541,0.2690626719438293,-0.28677970285835275,1.0000000000000027
Suriname,1988,1,-0.010452550673767833,1.6705313756959568,0.244578094354593,-0.9046569193767827,0.9999999999999991
Suriname,1989,1,1.19236181510316,-0.18320548869298933,-1.136529142924845,1.1273728165146792,1.0000000000000049
Suriname,1990,1,2.4195117895744067,-3.971524593853849,1.3766555779247593,1.1753572263546854,1.0000000000000029
Suriname,1991,1,-1.2952720858310751,-0.13857916580520452,1.7431611037897967,0.6906901478464843,1.000000000000001
Suriname,1992,1,70.8152514785458,27.95341356734463,-117.12323670659576,19.354571660705204,0.9999999999998721
Suriname,1993,1,-3.214478728849257,2.894430598032299,0.9670551918335594,0.3529929389833986,1
Suriname,1994,1,14.444446535690066,7.218928878415524,13.72651381066605,-34.38988922477167,0.9999999999999698
Suriname,1995,1,1.6310285660971133,4.497270616868033,-3.6778701699471537,-1.450429013017988,1.0000000000000049
Suriname,1996,1,-1.8027521132669433,4.314734152208079,-0.8067319557433292,-0.7052500831978061,1
Suriname,1997,1,0.17281157515789666,0.5852382178134138,0.420654618863961,-0.17870441183526958,1.0000000000000018
Suriname,1998,1,-3.0034215261374557,4.986545123167538,1.5294866193971857,-2.5126102164272828,0.9999999999999849
Suriname,1999,1,-0.8091040856186277,5.010589529705021,1.584486404443452,-4.785971848529847,0.9999999999999977
Suriname,2000,1,-0.7304796920619613,4.130890526786177,0.935185486266316,-3.335596320990532,0.9999999999999999
Suriname,2001,1,-1.2658134347497791,0.6860952192361415,0.3564246368098693,1.22329357870377,1.0000000000000016
Suriname,2002,1,3.6339465138964555,-0.6743987778827545,0.4886638114710725,-2.4482115474847723,1.0000000000000013
Suriname,2003,1,-0.17851430140232952,1.5736468718353551,0.18159507025000513,-0.5767276406830303,1.0000000000000004
Suriname,2004,1,0.02233329110615721,-0.48292399811243386,-0.22065042151573855,1.681241128522015,0.9999999999999999
Suriname,2005,1,1.172927813200512,-1.133418174991591,-0.4832240657300174,1.4437144275210945,0.9999999999999981
Suriname,2006,1,7.4296564133555485,-5.483691408591654,0.5080386647906883,-1.4540036695545786,1.0000000000000044
Suriname,2007,1,-0.0202466069588983,-0.2206124671523039,-0.39726305395651035,1.6381221280677107,0.9999999999999981
Suriname,2008,1,-1.0461409201108172,1.5491860134064763,0.33708837849682366,0.15986652820751715,1
Suriname,2009,1,-1.2532621926428766,-0.11604418718115277,0.6386045129883422,1.7307018668356893,1.0000000000000022
Suriname,2010,1,2.6334911224374524,0.670089506510578,0.26955711036951074,-2.57313773931754,1.0000000000000009
Suriname,2011,1,-1.4843154225657724,0.9084626353679656,0.029891572562679266,1.5459612146351274,0.9999999999999998
Suriname,2012,1,-0.32386049714318166,0.5636462775371673,0.3269699554651386,0.4332442641408757,0.9999999999999999
Suriname,2013,1,-0.06739829550581945,0.9833101894815575,0.20067036802141405,-0.11658226199715012,1.000000000000002
Suriname,2014,1,-2.747634979479061,1.82637733767688,0.1677554817766767,1.7535021600255016,0.9999999999999973
Suriname,2015,1,0.6092911799082938,-0.12787840122249705,0.010156400296029251,0.5084308210181759,1.000000000000002
Suriname,2016,1,0.3858616546911887,0.6341723087379085,-0.2817725838453323,0.26173862041623575,1.0000000000000007
Suriname,2017,1,-6.864449988673452,4.677595680212362,0.21033666441434548,2.9765176440467576,1.0000000000000133
Suriname,2018,1,-0.7393000418743959,-1.117989143736056,0.005320924639654983,2.8519682609707977,1.0000000000000009
Suriname,2019,1,-2.8468575602695636,1.0723060188015983,1.4551491816705309,1.319402359797432,0.9999999999999978
Suriname,2020,1,-0.14481729917612515,0.5686502456977861,0.2456887454448056,0.33047830803353256,0.9999999999999991
Suriname,2021,1,-1.5032521378806731,1.6843573518336268,0.30890491454932484,0.5099898714977258,1.0000000000000042
Suriname,2022,1,0.2103904604977071,0.23704368055286593,0.1327129088674539,0.4198529500819708,0.9999999999999978
Suriname,2023,1,-0.3470430953836791,0.6874990875598092,0.03275163760961267,0.6267923702142605,1.000000000000003
Timor-Leste,1970,NA,NA,NA,NA,NA,NA
Timor-Leste,1971,NA,NA,NA,NA,NA,NA
Timor-Leste,1972,NA,NA,NA,NA,NA,NA
Timor-Leste,1973,NA,NA,NA,NA,NA,NA
Timor-Leste,1974,NA,NA,NA,NA,NA,NA
Timor-Leste,1975,NA,NA,NA,NA,NA,NA
Timor-Leste,1976,NA,NA,NA,NA,NA,NA
Timor-Leste,1977,NA,NA,NA,NA,NA,NA
Timor-Leste,1978,NA,NA,NA,NA,NA,NA
Timor-Leste,1979,NA,NA,NA,NA,NA,NA
Timor-Leste,1980,NA,NA,NA,NA,NA,NA
Timor-Leste,1981,NA,NA,NA,NA,NA,NA
Timor-Leste,1982,NA,NA,NA,NA,NA,NA
Timor-Leste,1983,NA,NA,NA,NA,NA,NA
Timor-Leste,1984,NA,NA,NA,NA,NA,NA
Timor-Leste,1985,NA,NA,NA,NA,NA,NA
Timor-Leste,1986,NA,NA,NA,NA,NA,NA
Timor-Leste,1987,NA,NA,NA,NA,NA,NA
Timor-Leste,1988,NA,NA,NA,NA,NA,NA
Timor-Leste,1989,NA,NA,NA,NA,NA,NA
Timor-Leste,1990,NA,NA,NA,NA,NA,NA
Timor-Leste,1991,1,-0.7621465676387231,0.7690918267553528,0.7886759940896653,0.20437874679370727,1.0000000000000022
Timor-Leste,1992,1,-0.7621466064288771,0.7690918363145353,0.788676017157192,0.20437875295714691,0.9999999999999971
Timor-Leste,1993,1,-0.7621465606305097,0.7690918299302714,0.7886759808261727,0.20437874987406573,1
Timor-Leste,1994,1,-1.6713323853740536,1.1659074954457131,1.1955961798425998,0.30982871008574164,1.0000000000000013
Timor-Leste,1995,1,-1.6432745276398497,1.1536616082459612,1.1830384592602987,0.3065744601335879,0.9999999999999984
Timor-Leste,1996,1,-1.4667408199924972,1.0766131648649249,1.104028061321071,0.2860995938065027,1.0000000000000013
Timor-Leste,1997,1,-2.9889761183077277,1.7409953250212318,1.785328057416259,0.4626527358702383,1.0000000000000013
Timor-Leste,1998,1,-0.07048911637921246,0.46721677747989965,0.4791139853795861,0.12415835351973177,1.000000000000005
Timor-Leste,1999,1,-0.9348769322862016,0.8444802841642431,0.865984139774503,0.22441250834745508,0.9999999999999996
Timor-Leste,2000,1,-1.4425260708955001,1.065879822904351,1.093031468918902,0.28361477907224647,0.9999999999999991
Timor-Leste,2001,1,-1.7979432341998283,0.7339815257475664,1.9104431637114876,0.15351854474077445,1.0000000000000002
Timor-Leste,2002,1,0.6945801591241805,0.21403713983061584,0.2263314642141034,-0.1349487631689038,0.9999999999999959
Timor-Leste,2003,1,-17.733343278832226,2.8776050229197727,13.407686091947745,2.44805216396472,1.0000000000000107
Timor-Leste,2004,1,71.41887091949732,4.660431810657376,-58.58675271967971,-16.492550010475025,0.9999999999999716
Timor-Leste,2005,1,7.516189187905997,-0.45771437216388694,-5.6961111742101265,-0.36236364153198203,1.0000000000000018
Timor-Leste,2006,1,1.800157807284378,2.452535483086847,-4.055587907838821,0.8028946174675909,0.9999999999999951
Timor-Leste,2007,1,-2.6250344194496287,0.4518979658142618,2.500145161152121,0.6729912924832432,0.9999999999999969
Timor-Leste,2008,1,-0.7430503969733019,-0.3768675452523098,0.9814489221151746,1.1384690201104382,1.0000000000000009
Timor-Leste,2009,1,-3.3330820569436006,0.8428683961126766,1.6099472906707821,1.8802663701601423,1.0000000000000004
Timor-Leste,2010,1,0.42869216136050636,0.2605471311626744,0.19420861551202245,0.11655209196479467,0.9999999999999979
Timor-Leste,2011,1,-2.3271386132003986,0.12925470239755546,-1.1255396255435652,4.323423536346411,1.0000000000000027
Timor-Leste,2012,1,2.3463103845096107,0.197870616660975,-0.3193224926851861,-1.2248585084854031,0.9999999999999964
Timor-Leste,2013,1,6.664243391484512,1.270779263243066,-3.390202520289437,-3.544820134438142,0.9999999999999991
Timor-Leste,2014,1,-1.8241148586116738,0.7495201376514145,1.4394351354406487,0.6351595855196126,1.000000000000002
Timor-Leste,2015,1,1.2248843866772898,-0.2676373589969719,0.7577114877924099,-0.7149585154727253,1.0000000000000027
Timor-Leste,2016,1,-1.294755284306538,0.7790184930809667,-0.20064836177609155,1.7163851530016585,0.9999999999999958
Timor-Leste,2017,1,-1.2681177556304428,-0.5545590150421515,1.038203583831499,1.7844731868410861,0.9999999999999907
Timor-Leste,2018,1,1.8755423737444128,-1.5126112916547738,0.2241055696149968,0.41296334829540726,1.000000000000043
Timor-Leste,2019,1,0.9085088723112477,0.10285920766113761,0.07428309430511125,-0.08565117427749618,1.0000000000000004
Timor-Leste,2020,1,1.2561918455541734,-0.02230632756694797,0.06989050753753294,-0.30377602552475846,1
Timor-Leste,2021,1,-0.056767716995340396,-0.18261990928737448,0.19619457434598125,1.0431930519367354,1.0000000000000018
Timor-Leste,2022,1,0.9417540821958953,-0.25400232998283456,0.005252592367869193,0.30699565541906954,0.9999999999999994
Timor-Leste,2023,1,1.2801317692145435,-0.10089302125145383,0.020267824050914266,-0.19950657201400343,1.0000000000000004
Tonga,1970,1,-0.4535899006372201,0.6530255147825852,0.5681240571870102,0.2324403286676247,0.9999999999999998
Tonga,1971,1,-0.22804388669187428,0.9168276865519516,0.20934137677714307,0.1018748233627795,0.9999999999999999
Tonga,1972,1,-0.799935093693341,1.1714293415824166,-0.17744228479734342,0.805948036908274,1.0000000000000062
Tonga,1973,1,-0.29412709260338565,0.9241435195157031,0.6266315770544667,-0.2566480039667875,0.9999999999999967
Tonga,1974,1,0.20943205963002368,0.7411832364186678,0.10558380248318817,-0.056199098531884505,0.9999999999999951
Tonga,1975,1,-12.341375518977813,6.309794957644156,-7.985334566755349,15.016915128089028,1.0000000000000213
Tonga,1976,1,0.394380309632778,0.5878457152387621,1.7145268605437287,-1.6967528854152663,1.0000000000000024
Tonga,1977,1,1.146257459185418,0.3995847225788956,-0.8382750763772469,0.29243289461292815,0.9999999999999949
Tonga,1978,1,274.6940665412459,-137.0561604380447,8.716400940490741,-145.3543070436922,0.9999999999997726
Tonga,1979,1,-4.455564603285704,3.56584052948107,0.5865052880110689,1.3032187857935675,1.0000000000000027
Tonga,1980,1,0.3279095195171768,0.716734919558655,0.004492067341871019,-0.0491365064177024,1.0000000000000004
Tonga,1981,1,-0.3708355903709991,1.467357271484671,0.012859283798773576,-0.10938096491244549,0.9999999999999999
Tonga,1982,1,-0.15154683887907924,0.7879079496804001,0.28752954548903603,0.07610934370964076,0.9999999999999976
Tonga,1983,1,-3.5646085235476224,3.4862330664428463,-0.2270504088019341,1.3054258659067168,1.0000000000000067
Tonga,1984,1,4.800780377354987,-8.367990949306026,4.659078283713125,-0.09186771176210629,0.9999999999999796
Tonga,1985,1,-2.2012112382335616,2.1203156897327897,0.26918898337099983,0.8117065651297777,1.0000000000000058
Tonga,1986,1,-1.062936839627069,2.6030618156750243,0.0635264377655381,-0.6036514138134962,0.9999999999999971
Tonga,1987,1,2.9566812206750375,-2.039800832994683,0.4421487163823427,-0.35902910406269584,1.0000000000000013
Tonga,1988,1,5.542485213403472,-4.664774985183869,0.42216349613914644,-0.29987372435874643,1.0000000000000027
Tonga,1989,1,6.645706981791176,-4.483631641572484,1.2846511118885688,-2.446726452107254,1.000000000000007
Tonga,1990,1,-3.665006935161374,3.9681082145780486,-0.48991924181156155,1.1868179623948958,1.0000000000000089
Tonga,1991,1,-1.2901671590943944,1.9008554438783243,0.43754314294440594,-0.04823142772833391,1.0000000000000018
Tonga,1992,1,12.270527903437221,-11.135354454719364,-1.1964527815142787,1.0612793327964114,0.9999999999999911
Tonga,1993,1,-0.47149020183661583,1.759027915840227,-0.353309289366017,0.06577157536241,1.0000000000000042
Tonga,1994,1,-0.6726259332110857,1.044922819965476,-0.1041980980013455,0.7319012112469554,1.0000000000000004
Tonga,1995,1,-2.388139650456224,0.9786381999223607,0.24398757144647681,2.1655138790873845,0.9999999999999982
Tonga,1996,1,0.02884174384150114,-0.23978102946642516,0.5511867897396397,0.6597524958852755,0.9999999999999913
Tonga,1997,1,-1.409378616301643,0.3125500694598028,-0.3144861165602708,2.4113146634021083,0.9999999999999971
Tonga,1998,1,-1.9602142832228602,1.6274363781278294,-0.02115438572187171,1.3539322908169071,1.0000000000000047
Tonga,1999,1,1.474012980386674,-0.7675570942117147,0.4349295164326275,-0.14138540260759122,0.9999999999999956
Tonga,2000,1,-0.6708927938231649,3.6308896400493955,0.44241324383476827,-2.4024100900609935,1.0000000000000053
Tonga,2001,1,-0.0035640821971605397,-0.7157160398940253,0.6100911453974662,1.109188976693716,0.9999999999999964
Tonga,2002,1,-1.5222125270146882,2.267850144451138,-0.34202108405167236,0.5963834666152233,1.0000000000000007
Tonga,2003,1,-3.798349571216855,1.6524939969215626,-0.4216479583601906,3.567503532655482,0.9999999999999991
Tonga,2004,1,0.09357618724138908,0.20289553891816314,0.6545788570293908,0.04894941681106186,1.0000000000000049
Tonga,2005,1,6.129234936449904,-4.738326920426829,0.7048679752595336,-1.0957759912826641,0.999999999999944
Tonga,2006,1,0.9314226652048183,-0.03654069094472838,0.8720432801984067,-0.7669252544585039,0.9999999999999928
Tonga,2007,1,1.1830604490595653,-0.8482466840936266,0.5460355627383421,0.11915067229572063,1.0000000000000013
Tonga,2008,1,0.5145983980474552,-0.1564007419585433,0.3372348707278676,0.3045674731832254,1.0000000000000049
Tonga,2009,1,1.4414726575362853,3.623151332033276,-0.524946725840207,-3.539677263729357,0.9999999999999971
Tonga,2010,1,1.4202038822190974,-0.9379683807358357,0.8774100408675628,-0.35964554235081253,1.000000000000012
Tonga,2011,1,0.051794045337466524,-0.04196933481870117,0.06959105550860287,0.9205842339726339,1.0000000000000022
Tonga,2012,1,0.1441189343623242,1.803823463147797,-0.4362470039497282,-0.5116953935603895,1.0000000000000033
Tonga,2013,1,-0.10595262219409725,-0.6173252769392575,-0.07066976024003352,1.793947659373386,0.9999999999999977
Tonga,2014,1,0.6235329430841869,0.2139549467840498,-0.008260597635460474,0.17077270776722422,1.0000000000000004
Tonga,2015,1,6.476509795181503,-3.7450840677420962,-0.39182924377901673,-1.3395964836603846,1.0000000000000053
Tonga,2016,1,-2.23417951939751,2.2572877001582334,-0.04656574525369389,1.023457564492975,1.0000000000000044
Tonga,2017,1,-2.5700782839851235,0.49196150380852927,0.19391182144966077,2.884204958726918,0.9999999999999845
Tonga,2018,1,-0.9811008684668646,-3.3997007951291254,-0.1684461780281902,5.549247841624172,0.9999999999999921
Tonga,2019,1,-1.9788715758090107,0.5074235812051074,0.959863705609395,1.5115842889945115,1.0000000000000029
Tonga,2020,1,-0.04458674596492785,0.6444646601131218,0.8614634386440216,-0.4613413527922179,0.9999999999999978
Tonga,2021,1,-0.27713198851521265,0.5305578353682826,0.24109338813729692,0.505480765009634,1.000000000000001
Tonga,2022,1,-0.028868190404305785,0.7217768978179326,-0.005508471216533041,0.3125997638029069,1.0000000000000007
Tonga,2023,1,0.03731385567961845,0.9294878555191471,0.010536978931394766,0.02266130986983973,1
Trinidad and Tobago,1970,1,0.18600439205128041,0.6291089097471344,0.07745948113314433,0.10742721706844105,1.0000000000000002
Trinidad and Tobago,1971,1,2.4906137590364503,0.7976596354121084,-0.26763904117498505,-2.020634353273572,1.0000000000000018
Trinidad and Tobago,1972,1,0.34632605599927674,0.7102639211419348,0.10449929047134357,-0.16108926761255393,1.000000000000001
Trinidad and Tobago,1973,1,179.8604876233436,-100.41320605029158,15.01686359773475,-93.4641451707876,0.9999999999991758
Trinidad and Tobago,1974,1,-0.40194115146461895,0.5139388119214846,-0.042297115228379104,0.9302994547715157,1.0000000000000022
Trinidad and Tobago,1975,1,-1.5750031256438355,1.186194326004062,0.5883036343970561,0.8005051652427132,0.9999999999999956
Trinidad and Tobago,1976,1,-0.28998379061223944,0.9476409012043577,0.08052292317030807,0.261819966237574,1
Trinidad and Tobago,1977,1,-0.22410368626618019,1.2087810547347504,-0.08888992331102595,0.10421255484245642,1.0000000000000007
Trinidad and Tobago,1978,1,-0.22261269775070702,0.6725494328514915,0.09688507595393217,0.4531781889452828,0.9999999999999993
Trinidad and Tobago,1979,1,-1.3569973642826174,1.6659215015971562,0.5349300532845923,0.15614580940086975,1.000000000000001
Trinidad and Tobago,1980,1,-0.07677182016701883,0.31524135545216425,0.09354079422789788,0.6679896704869566,0.9999999999999998
Trinidad and Tobago,1981,1,0.7867788224180985,1.1050870277925042,0.6035013404796783,-1.495367190690275,1.000000000000006
Trinidad and Tobago,1982,1,-1.3810682482585694,1.7912266201834544,0.4422820379079692,0.14755959016714063,0.9999999999999949
Trinidad and Tobago,1983,1,0.038410233105408115,0.7280847013738679,0.17582337929339312,0.057681686227330387,0.9999999999999996
Trinidad and Tobago,1984,1,-0.5682303269273855,1.4102091042704405,-0.12743347071589292,0.2854546933728394,1.0000000000000018
Trinidad and Tobago,1985,1,-0.29395385743993047,0.716233959372515,-0.04648759861492905,0.6242074966823419,0.9999999999999971
Trinidad and Tobago,1986,1,0.5110553615812912,-0.1399808315755476,0.06647049257042276,0.5624549774238335,0.9999999999999998
Trinidad and Tobago,1987,1,-1.479992817167529,1.9217138847098463,0.023450367697341618,0.5348285647603412,1
Trinidad and Tobago,1988,1,-7.726129466946851,-0.3706751911855735,2.216437890387302,6.880366767745105,0.9999999999999822
Trinidad and Tobago,1989,1,-0.10471427738336064,1.4172571793341882,0.03722724870117025,-0.34977015065199535,1.0000000000000024
Trinidad and Tobago,1990,1,2.581977822560536,-2.7046685393579604,1.457880556400866,-0.33518983960342535,1.0000000000000162
Trinidad and Tobago,1991,1,-0.6691920808740521,1.5891689142658643,-0.02874539339834752,0.10876856000653261,0.9999999999999973
Trinidad and Tobago,1992,1,5.826653761891219,-2.389142127798245,-0.47745387748959284,-1.9600577566033783,1.0000000000000027
Trinidad and Tobago,1993,1,1.766610709397717,-0.7335262913601831,0.09739248790577301,-0.13047690594330363,1.0000000000000033
Trinidad and Tobago,1994,1,3.206239041845806,-5.047243045299228,0.4449400121581524,2.39606399129527,1
Trinidad and Tobago,1995,1,0.884841610908314,0.016926713074123904,-0.11991231739278597,0.21814399341034857,1.0000000000000004
Trinidad and Tobago,1996,1,-9.377976426398464,9.209672962159404,1.1303049400538059,0.03799852418522109,0.999999999999968
Trinidad and Tobago,1997,1,-2.21866633011324,2.074154181710927,-0.0067572830039671385,1.1512694314062812,1.0000000000000004
Trinidad and Tobago,1998,1,1.9894776610940414,0.5081017598469391,-3.6966471748076177,2.199067753866628,0.9999999999999909
Trinidad and Tobago,1999,1,0.770020867363484,0.7540379352975384,0.05799267139849866,-0.582051474059521,1
Trinidad and Tobago,2000,1,0.5836130811540322,0.4828383823217546,-0.02663917447987962,-0.03981228899590761,0.9999999999999996
Trinidad and Tobago,2001,1,0.3787365323274036,1.2209365383538004,-0.03479044962018578,-0.5648826210610193,0.9999999999999991
Trinidad and Tobago,2002,1,-4.541369124302204,6.809874077471399,-0.07729806402515912,-1.1912068891440317,1.0000000000000044
Trinidad and Tobago,2003,1,0.6631225235174343,0.011540195039982538,7.273964777270403e-4,0.3246098849648559,0.9999999999999998
Trinidad and Tobago,2004,1,-0.15198809085442877,1.2031017795616308,0.0891848886222498,-0.14029857732945072,1.0000000000000009
Trinidad and Tobago,2005,1,-4.215395964680354,8.185219678070563,-0.23778802636288124,-2.7320356870273237,1.0000000000000044
Trinidad and Tobago,2006,1,2.2447727689477537,-0.08910157995468047,0.10710210507022641,-1.2627732940633012,0.9999999999999984
Trinidad and Tobago,2007,1,-0.3027146664988301,1.3038529077843137,0.02673302796952624,-0.027871269255009958,0.9999999999999998
Trinidad and Tobago,2008,1,0.5498467021159817,0.4387837496710558,-0.002924567412976231,0.014294115625938117,0.9999999999999994
Trinidad and Tobago,2009,1,0.7534762728188401,0.5386598355847141,-0.24653841095156032,-0.045597697451994976,0.9999999999999989
Trinidad and Tobago,2010,1,-6.422702017691534,2.6025897241030793,1.5359751342430006,3.284137159345468,1.0000000000000142
Trinidad and Tobago,2011,1,-0.19192787406272288,1.5499821242662961,0.11684393157160143,-0.4748981817751714,1.0000000000000033
Trinidad and Tobago,2012,1,2.8363154417992096,1.2909050052593192,0.6736222911953494,-3.8008427382538708,1.0000000000000075
Trinidad and Tobago,2013,1,10.820600190327855,0.8521438967344857,1.264231713166892,-11.93697580022919,1.0000000000000426
Trinidad and Tobago,2014,1,-6.717810507159025,-2.3775606507650844,1.1552176493074071,8.940153508616687,0.9999999999999849
Trinidad and Tobago,2015,1,16.207050436698047,-0.16609236627539722,0.18754864276309063,-15.228506713185768,0.9999999999999734
Trinidad and Tobago,2016,1,1.7164487289373433,-0.07546309046749702,6.613540161127811e-4,-0.6416469924859541,1.0000000000000049
Trinidad and Tobago,2017,1,-1.1540108628075247,0.11002155808299777,0.015801107497310674,2.0281881972272102,0.999999999999994
Trinidad and Tobago,2018,1,-10.481984428996457,0.5091509049403699,-0.4633562442380608,11.43618976829419,1.0000000000000426
Trinidad and Tobago,2019,1,4.072699149063401,0.45660083437288906,-0.17949245297637592,-3.349807530459906,1.000000000000008
Trinidad and Tobago,2020,1,1.2401351513789731,0.020629877764830856,-0.0029551994207393374,-0.2578098297230652,0.9999999999999994
Trinidad and Tobago,2021,1,146.52274436582533,-2.236112192992899,0.6483890789821682,-143.93502125181453,1.0000000000000853
Trinidad and Tobago,2022,1,4.457958073535893,-0.1413870517454373,0.029392802993910977,-3.3459638247843695,0.9999999999999969
Trinidad and Tobago,2023,1,4.4405246464422,0.0904122577097521,-0.03744996812630617,-3.4934869360256418,1.000000000000004
Tuvalu,1970,1,0.1117740412555707,0.6216886579804453,0.1610822851304581,0.10545501563352597,1
Tuvalu,1971,1,-0.7316489527515608,0.31291724205492294,0.6584395564136528,0.7602921542829699,0.9999999999999847
Tuvalu,1972,1,-0.6808829343369553,0.3041169762521413,0.6384177359775399,0.73834822210729,1.000000000000016
Tuvalu,1973,1,-0.6812770097809333,0.3050641818412525,0.6352702604517533,0.7409425674879133,0.9999999999999858
Tuvalu,1974,1,-0.7169323613459179,0.3113708068499645,0.648302471316907,0.7572590831790438,0.9999999999999974
Tuvalu,1975,1,-0.6972294053451566,0.30431951507689403,0.649661245333623,0.7432486449346524,1.0000000000000127
Tuvalu,1976,1,-1.0577713620703988,0.3701708101193476,0.7947242545111993,0.8928762974398329,0.9999999999999809
Tuvalu,1977,1,-0.5742318438771528,0.28563045272098425,0.5963315739524419,0.6922698172037264,0.9999999999999996
Tuvalu,1978,1,-0.683479571823126,0.31014782155597126,0.6184659372858099,0.7548658129813384,0.9999999999999934
Tuvalu,1979,1,-1.5889152676625262,0.4654366585301582,0.9661846058977169,1.1572940032347558,1.0000000000001046
Tuvalu,1980,1,-0.4381495496670222,0.21153116414016743,0.6680591760773131,0.5585592094495089,0.9999999999999671
Tuvalu,1981,1,0.02971760639672423,0.17184887459683926,0.35648025304414765,0.4419532659622927,1.0000000000000038
Tuvalu,1982,1,-0.45164347690809675,0.2641893899094207,0.5459095602594334,0.6415445267392424,0.9999999999999996
Tuvalu,1983,1,-0.46131199131339373,0.25850897953126384,0.579987179236144,0.6228158325459854,0.9999999999999994
Tuvalu,1984,1,-0.37412994523717713,0.2564649181047411,0.5020363205102226,0.6156287066222146,1.000000000000001
Tuvalu,1985,1,0.8020155741083248,-0.0615037060480848,0.3453669677123535,-0.08587883577258813,1.0000000000000053
Tuvalu,1986,1,-0.06075322481322376,0.18198756695833254,0.41015498529354316,0.46861067256134853,1.0000000000000004
Tuvalu,1987,1,-3.871907310535619,0.8709789428281339,1.9023604470473945,2.098567920660089,0.9999999999999978
Tuvalu,1988,1,1.232077486599985,-0.05276510393112006,-0.030424956067113117,-0.14888742660175136,1.0000000000000004
Tuvalu,1989,1,-2.028915519370614,0.24862947577819489,2.140678905406473,0.6396071381859502,1.000000000000004
Tuvalu,1990,1,-0.22942567840027497,0.2748953345932993,0.3154729904465252,0.6390573533604513,1.0000000000000009
Tuvalu,1991,1,-0.3214373511305127,-0.3129048820009785,1.425444185924625,0.20889804720686161,0.9999999999999956
Tuvalu,1992,1,0.16778110227896645,0.3239914279288388,1.1095021586415643,-0.6012746888493748,0.9999999999999948
Tuvalu,1993,1,-4.231088723043856,0.7609322300130266,2.849816323793508,1.6203401692373247,1.0000000000000036
Tuvalu,1994,1,-0.5723722345076626,0.7625939036023482,-1.1539107260992845,1.9636890570045997,1.0000000000000009
Tuvalu,1995,1,-0.00885962747573103,-0.042161014576645686,0.7983867270224888,0.25263391502988974,1.0000000000000018
Tuvalu,1996,1,-0.1848869163998974,2.9112295894536917,-4.861787304131519,3.135444631077722,0.9999999999999978
Tuvalu,1997,1,2.6773450375363836,2.2138948632894646,-1.4819297646720375,-2.409310136153816,0.9999999999999949
Tuvalu,1998,1,-1.1525734165422092,0.018636372976238217,1.393837319301301,0.7400997242646703,1.0000000000000002
Tuvalu,1999,1,-26.913475394180473,8.918964199964211,5.066067470638743,13.928443723577496,0.9999999999999787
Tuvalu,2000,1,-1.248320631732602,-0.12101496237259035,5.0480618273083016,-2.678726233203109,1.0000000000000002
Tuvalu,2001,1,-2.048172769179369,4.198262257115636,-36.95441083591302,35.80432134797677,1.0000000000000115
Tuvalu,2002,1,-1.5800798718705509,7.60222914294008,0.675247276649694,-5.697396547719222,1.0000000000000004
Tuvalu,2003,1,6.292447412434812,-3.166423544944836,-1.6737040787127546,-0.45231978877722434,0.9999999999999973
Tuvalu,2004,1,-10.986360501707319,-6.38792408444909,8.134540096238942,10.23974448991748,1.0000000000000124
Tuvalu,2005,1,0.22369934436222974,1.667402563017521,-0.3807253438049005,-0.5103765635748545,0.9999999999999958
Tuvalu,2006,1,-9.711609252312991,9.000044753126497,1.4614119759500879,0.25015252323640175,0.9999999999999947
Tuvalu,2007,1,0.852103179692073,0.020817819786561633,-0.7868523740051407,0.913931374526507,1.0000000000000009
Tuvalu,2008,1,-6.245783519169736,6.553122711579381,0.7992417380077083,-0.10658093041735443,0.9999999999999991
Tuvalu,2009,1,-4.904284997125932,9.148330416057743,-1.5557596801202682,-1.688285738811545,0.9999999999999973
Tuvalu,2010,1,1.2477045564160643,2.1971328124707905,-2.1559026899617644,-0.28893467892508673,1.0000000000000038
Tuvalu,2011,1,-1.9690775352503451,5.750193454134363,-0.7379056115881684,-2.043210307295849,1.0000000000000007
Tuvalu,2012,1,-3.8613322732179975,3.8107903276310084,1.0195779796029198,0.030963965984069895,1.0000000000000009
Tuvalu,2013,1,-0.8304086307306646,1.379326928803255,0.15087251299962035,0.3002091889277954,1.000000000000006
Tuvalu,2014,1,0.9687106923434927,-5.235363603902563,4.614562948336074,0.652089963222978,0.9999999999999816
Tuvalu,2015,1,-6.3921187649711575,2.654929261441013,2.3329959123710577,2.404193591159087,0.9999999999999991
Tuvalu,2016,1,9.460275418272325,-10.748221828500492,0.8163298764887751,1.471616533739394,1.0000000000000018
Tuvalu,2017,1,-0.6171658166232525,5.396124587253252,-0.31691634065007374,-3.4620424299799226,1.0000000000000029
Tuvalu,2018,1,6.391053428532166,-12.989869607421726,3.151803571481735,4.447012607407817,0.999999999999992
Tuvalu,2019,1,-1.425790426918373,1.2379672024804573,0.8804510099019183,0.3073722145359963,0.9999999999999989
Tuvalu,2020,1,-3.2785581490522135,2.4453165285021923,1.0615595403585243,0.7716820801914946,0.9999999999999973
Tuvalu,2021,1,-2.3590029617954316,0.617502016181108,1.4145242673150227,1.3269766782993284,1.0000000000000275
Tuvalu,2022,1,42.57996768399246,-41.56395768076727,0.24334998852190565,-0.25935999174725716,0.9999999999998366
Tuvalu,2023,1,-2.831280173771293,2.7370413639360542,0.9102584036037452,0.18398040623149212,0.9999999999999987
Vanuatu,1970,1,0.10490777248001783,0.714897463166354,0.11077622054688543,0.06941854380674273,1
Vanuatu,1971,1,-0.18938408308383717,0.6306169005764015,0.41463797683876363,0.14412920566867649,1.0000000000000044
Vanuatu,1972,1,-0.18938409002555176,0.6306168996670025,0.41463797844809047,0.1441292119104557,0.999999999999997
Vanuatu,1973,1,-0.18938408250742325,0.6306168941089733,0.4146379786772217,0.1441292097212278,0.9999999999999994
Vanuatu,1974,1,-0.1893840846055949,0.6306168959457723,0.4146379786738755,0.14412920998594766,1.0000000000000004
Vanuatu,1975,1,-0.18938408539794596,0.6306168945900321,0.4146379799304114,0.1441292108775059,1.0000000000000033
Vanuatu,1976,1,-0.18938407833957918,0.6306168876783812,0.41463797857750584,0.14412921208369495,1.0000000000000027
Vanuatu,1977,1,-0.18938407552029723,0.6306168879658399,0.4146379737082869,0.14412921384616645,0.9999999999999959
Vanuatu,1978,1,-0.1893840839066123,0.6306168960286257,0.41463797803289865,0.1441292098450884,1.0000000000000004
Vanuatu,1979,1,-0.18938408423901734,0.630616896206421,0.4146379783409656,0.14412920969162912,0.9999999999999984
Vanuatu,1980,1,-0.1893840841677294,0.6306168960489285,0.4146379787012651,0.14412920941753551,0.9999999999999996
Vanuatu,1981,1,-0.1893840856702348,0.6306168985697972,0.41463797808995234,0.14412920901048287,0.9999999999999977
Vanuatu,1982,1,-0.18938408427714806,0.630616895404854,0.4146379793664705,0.14412920950582475,1.000000000000001
Vanuatu,1983,1,0.04743228711320622,0.4508698618797979,0.4579818233843028,0.04371602762269369,1.0000000000000007
Vanuatu,1984,1,-0.7104859329641879,1.0463587733831528,0.5079466486576477,0.15618051092338536,0.9999999999999978
Vanuatu,1985,1,4.008341294850867,-0.23344310045116226,-1.7371823006548783,-1.037715893744823,1.0000000000000036
Vanuatu,1986,1,0.6694728663743719,0.09788365097688069,-0.30318586774073736,0.5358293503894871,1.0000000000000022
Vanuatu,1987,1,0.4146354237919604,0.08495240693021093,0.415162305281525,0.08524986399630449,1.0000000000000009
Vanuatu,1988,1,0.4989514722237767,1.2540495681075603,0.014288620478890025,-0.76728966081023,0.9999999999999971
Vanuatu,1989,1,0.4832240350901152,0.8821769004987164,-1.2714581757250385,0.9060572401362069,1
Vanuatu,1990,1,-0.6235444988186575,1.101761095460279,-0.3187633262892473,0.840546729647629,1.000000000000003
Vanuatu,1991,1,0.5703973961548352,0.32586042678249655,0.37603332594812644,-0.27229114888545647,1.0000000000000018
Vanuatu,1992,1,0.9869611437915434,-0.00567621675131246,-0.06616223563891929,0.08487730859868615,0.9999999999999978
Vanuatu,1993,1,-0.21447916775700737,-0.12258956051276526,1.0941649685728492,0.24290375969692143,0.9999999999999979
Vanuatu,1994,1,-1.2385490437103441,1.403843497111251,0.0945489056356417,0.7401566409634595,1.000000000000008
Vanuatu,1995,1,-0.048024549144448106,0.4063451341585376,-0.0861159531842775,0.7277953681701919,1.0000000000000038
Vanuatu,1996,1,0.13400181322667076,0.5946639740647849,0.5210146562069569,-0.2496804434984151,0.9999999999999973
Vanuatu,1997,1,-3.578108685073214,-0.8339034942262681,5.064949774873192,0.3470624044262897,0.9999999999999996
Vanuatu,1998,1,-3.6965302788106786,6.077118683267976,-3.684861690745755,2.3042732862884585,1
Vanuatu,1999,1,2.082790780740429,-0.22312435289887864,0.132845766738892,-0.9925121945804389,1.0000000000000033
Vanuatu,2000,1,0.670594533342146,0.15168785965718365,-0.065299840368338,0.24301744736900788,0.9999999999999996
Vanuatu,2001,1,-0.28507076872346265,-0.211287674203917,0.16816391069683415,1.328194532230542,0.9999999999999967
Vanuatu,2002,1,0.6742226589966899,0.8937924546754682,-0.09280808351131509,-0.47520703016083804,1.0000000000000049
Vanuatu,2003,1,0.8682180849617183,0.5552305416257106,-0.035030767052015355,-0.3884178595354173,0.9999999999999962
Vanuatu,2004,1,-1.369105373677876,0.5363029046778839,-0.10442097157346154,1.9372234405734576,1.000000000000004
Vanuatu,2005,1,0.2971790626518733,0.39913629281109353,-0.0025050599868334696,0.30618970452386346,0.9999999999999969
Vanuatu,2006,1,-0.021697973156855208,0.24183390254315462,0.029704985958308214,0.7501590846553926,1.0000000000000002
Vanuatu,2007,1,-0.1562236085928584,0.1411558479971226,0.23815375861220517,0.776914001983533,1.0000000000000024
Vanuatu,2008,1,-11.892883771137981,2.3266816972184476,-0.08967079773487624,10.655872871654395,0.9999999999999858
Vanuatu,2009,1,0.6163413115330927,0.20626761432271914,0.21194650993229452,-0.034555435788106666,0.9999999999999997
Vanuatu,2010,1,0.3243519649030436,1.2795649786395649,0.5740125151668845,-1.1779294587094762,1.0000000000000167
Vanuatu,2011,1,12.220634940717154,5.7143014826229805,-0.7092958296934794,-16.225640593646737,0.9999999999999183
Vanuatu,2012,1,0.30188984715115136,-0.8670033918894776,0.0731336040327634,1.4919799407055638,1.0000000000000009
Vanuatu,2013,1,-0.3660983818355539,0.49941726459803226,0.07447005702678482,0.7922110602107354,0.9999999999999987
Vanuatu,2014,1,-0.07410354385732008,0.6728971553194831,-0.122734348120842,0.5239407366586813,1.0000000000000024
Vanuatu,2015,1,45.82037732268679,-1.5860327231250166,-9.250012637243033,-33.98433196231877,0.9999999999999716
Vanuatu,2016,1,1.4628581956663411,1.1704279764706074,-0.04646320873838039,-1.5868229633985698,0.9999999999999983
Vanuatu,2017,1,-0.7420049325467957,-0.36176247877101153,0.8249107438247463,1.2788566674930615,1.0000000000000007
Vanuatu,2018,1,0.31034087464274085,0.20810276864856744,0.07565588306437125,0.4059004736443197,0.9999999999999992
Vanuatu,2019,1,3.165737100076522,1.8740240122324825,2.745261710895569,-6.785022823204532,1.0000000000000413
Vanuatu,2020,1,2.02825717045895,-0.3449751016697994,-0.04630641152947314,-0.6369756572596775,1
Vanuatu,2021,1,14.807453165007612,-5.9946161989630715,0.002044421758942944,-7.814881387803467,1.0000000000000142
Vanuatu,2022,1,37.71627740403577,-2.3935993463604563,-2.2960570220131093,-32.026621035662245,0.9999999999999645
Vanuatu,2023,1,3.5143642368385124,0.3887541867921735,4.11401907489107e-4,-2.9035298255381767,0.9999999999999982
